league,season,team,match_index,date,home_away,xg_for,xg_against,npxg_for,npxg_against,ppda,ppda_allowed,deep_entries,deep_entries_allowed,goals_for,goals_against,expected_points,points,result
serie_a,2025,Verona,0,2025-08-25 16:30:00,a,0.7992,1.0506,0.7992,1.0506,19.0,7.7143,1.0,6.0,1.0,1.0,1.076,1.0,d
serie_a,2025,Verona,1,2025-08-31 18:45:00,a,0.6005,3.9665,0.6005,3.9665,23.1579,7.5385,6.0,13.0,0.0,4.0,0.0579,0.0,l
serie_a,2025,Verona,2,2025-09-15 16:30:00,h,1.8883,0.1663,1.8883,0.1663,11.7857,20.7273,3.0,1.0,0.0,0.0,2.6719,1.0,d
serie_a,2025,Verona,3,2025-09-20 16:00:00,h,1.6588,0.4704,0.8976,0.4704,15.55,5.4667,4.0,7.0,1.0,1.0,2.4185,1.0,d
serie_a,2025,Verona,4,2025-09-28 13:00:00,a,1.3535,1.3054,1.3535,1.3054,8.4074,7.3684,1.0,5.0,0.0,2.0,1.373,0.0,l
serie_a,2025,Verona,5,2025-10-03 18:45:00,h,0.811,1.5058,0.811,0.562,8.0435,11.2,8.0,2.0,0.0,1.0,0.6812,0.0,l
serie_a,2025,Verona,6,2025-10-18 13:00:00,a,1.6549,0.572,1.6549,0.572,10.5357,10.0769,9.0,5.0,0.0,0.0,2.2532,1.0,d
serie_a,2025,Verona,7,2025-10-26 13:00:00,h,2.0369,0.8373,2.0369,0.8373,15.7917,7.5238,2.0,2.0,2.0,2.0,2.3492,1.0,d
serie_a,2025,Verona,8,2025-10-29 16:30:00,a,1.6994,1.7428,1.6994,1.7428,12.2222,4.6818,7.0,4.0,1.0,3.0,1.3476,0.0,l
serie_a,2025,Verona,9,2025-11-02 11:30:00,h,0.3726,1.1502,0.3726,1.1502,20.0,9.2308,3.0,12.0,1.0,2.0,0.6393,0.0,l
serie_a,2025,Verona,10,2025-11-08 14:00:00,a,0.6919,0.555,0.6919,0.555,6.8929,5.4091,5.0,3.0,0.0,0.0,1.4964,1.0,d
serie_a,2025,Verona,11,2025-11-23 11:30:00,h,0.943,1.5163,0.943,1.5163,4.9444,14.75,6.0,5.0,1.0,2.0,0.8787,0.0,l
serie_a,2025,Verona,12,2025-11-29 14:00:00,a,2.6066,1.649,2.6066,1.649,9.5185,7.65,4.0,3.0,1.0,2.0,2.1438,0.0,l
serie_a,2025,Verona,13,2025-12-06 19:45:00,h,1.6024,1.7653,1.6024,1.004,11.5556,6.2632,9.0,10.0,3.0,1.0,1.2036,3.0,w
serie_a,2025,Verona,14,2025-12-14 14:00:00,a,1.5387,2.4178,1.5387,2.4178,8.7241,7.1667,7.0,6.0,2.0,1.0,0.789,3.0,w
serie_a,2025,Verona,15,2025-12-28 11:30:00,a,0.3278,2.8783,0.3278,2.117,8.6207,15.4,1.0,3.0,0.0,3.0,0.0379,0.0,l
serie_a,2025,Verona,16,2026-01-04 17:00:00,h,0.2606,1.7029,0.2606,1.7029,9.4828,8.1304,4.0,1.0,0.0,3.0,0.3147,0.0,l
serie_a,2025,Verona,17,2026-01-07 17:30:00,a,1.2918,1.5729,0.5305,1.5729,16.913,10.5714,2.0,5.0,2.0,2.0,1.1307,1.0,d
serie_a,2025,Verona,18,2026-01-11 17:00:00,h,0.5849,0.6445,0.5849,0.6445,19.2609,12.5294,6.0,5.0,0.0,1.0,1.2142,0.0,l
serie_a,2025,Verona,19,2026-01-15 17:30:00,h,1.6881,0.6907,1.6881,0.6907,16.0952,9.6,5.0,6.0,2.0,3.0,2.2207,0.0,l
serie_a,2025,Verona,20,2026-01-19 17:30:00,a,0.4875,0.4521,0.4875,0.4521,13.4762,10.125,5.0,2.0,0.0,0.0,1.2847,1.0,d
serie_a,2025,Verona,21,2026-01-26 19:45:00,h,0.5738,1.9365,0.5738,1.9365,10.7,12.7059,3.0,8.0,1.0,3.0,0.4361,0.0,l
serie_a,2025,Verona,22,2026-01-31 19:45:00,a,0.3748,1.9813,0.3748,1.9813,13.9375,23.7,1.0,7.0,0.0,4.0,0.1972,0.0,l
serie_a,2025,Verona,23,2026-02-06 19:45:00,h,0.0784,1.2614,0.0784,1.2614,7.0952,13.0455,1.0,6.0,0.0,0.0,0.2757,1.0,d
serie_a,2025,Verona,24,2026-02-15 14:00:00,a,0.8561,2.1671,0.0948,2.1671,14.8235,4.619,2.0,13.0,1.0,2.0,0.4092,0.0,l
serie_a,2025,Verona,25,2026-02-20 19:45:00,a,0.6157,1.5871,0.6157,0.6801,11.7083,18.3125,2.0,3.0,0.0,3.0,0.4829,0.0,l
serie_a,2025,Verona,26,2026-02-28 17:00:00,h,0.2778,1.2135,0.2778,1.2135,17.2,11.0588,3.0,10.0,1.0,2.0,0.4809,0.0,l
serie_a,2025,Verona,27,2026-03-08 14:00:00,a,2.0286,0.9037,2.0286,0.9037,6.8462,5.0,4.0,7.0,2.0,1.0,2.2171,3.0,w
serie_a,2025,Verona,28,2026-03-15 11:30:00,h,0.3708,0.5341,0.3708,0.5341,10.44,12.1429,0.0,6.0,0.0,2.0,1.0674,0.0,l
serie_a,2025,Verona,29,2026-03-22 14:00:00,a,0.7658,1.7425,0.7658,1.7425,12.0,9.0,5.0,8.0,0.0,1.0,0.6016,0.0,l
serie_a,2025,Verona,30,2026-04-04 16:00:00,h,0.9226,0.3087,0.9226,0.3087,13.1429,13.875,8.0,3.0,0.0,1.0,1.8713,0.0,l
serie_a,2025,Verona,31,2026-04-11 13:00:00,a,1.6755,1.1485,1.6755,1.1485,9.0455,12.1765,6.0,4.0,1.0,2.0,1.7539,0.0,l
serie_a,2025,Verona,32,2026-04-19 13:00:00,h,0.7097,0.8307,0.7097,0.8307,14.8947,27.125,2.0,5.0,0.0,1.0,1.148,0.0,l
serie_a,2025,Verona,33,2026-04-25 18:45:00,h,0.2493,1.206,0.2493,1.206,9.35,6.0,4.0,3.0,0.0,0.0,0.4761,1.0,d
serie_a,2025,Verona,34,2026-05-03 16:00:00,a,0.1972,2.6862,0.1972,2.6862,16.0,7.7333,0.0,17.0,1.0,1.0,0.0924,1.0,d
serie_a,2025,Verona,35,2026-05-10 10:30:00,h,1.2905,1.0607,1.2905,1.0607,10.5,5.2143,7.0,7.0,0.0,1.0,1.5478,0.0,l
serie_a,2025,Verona,36,2026-05-17 13:00:00,a,0.9118,2.8414,0.9118,2.8414,19.3529,6.3529,1.0,15.0,1.0,1.0,0.2712,1.0,d
serie_a,2025,Verona,37,2026-05-24 18:45:00,h,0.5977,3.5551,0.5977,2.7938,17.8421,8.375,5.0,17.0,0.0,2.0,0.0681,0.0,l
serie_a,2025,Roma,0,2025-08-23 18:45:00,h,1.4769,0.4435,1.4769,0.4435,7.9688,12.2,5.0,0.0,1.0,0.0,2.2535,3.0,w
serie_a,2025,Roma,1,2025-08-30 18:45:00,a,0.9539,0.6627,0.9539,0.6627,4.5862,24.6667,12.0,3.0,1.0,0.0,1.5916,3.0,w
serie_a,2025,Roma,2,2025-09-14 10:30:00,h,1.0294,0.8051,1.0294,0.8051,5.3684,22.2143,6.0,2.0,0.0,1.0,1.5003,0.0,l
serie_a,2025,Roma,3,2025-09-21 10:30:00,a,1.2264,0.667,1.2264,0.667,6.1389,10.7778,8.0,3.0,1.0,0.0,1.839,3.0,w
serie_a,2025,Roma,4,2025-09-28 13:00:00,h,1.3054,1.3535,1.3054,1.3535,7.3684,8.4074,5.0,1.0,2.0,0.0,1.3046,3.0,w
serie_a,2025,Roma,5,2025-10-05 13:00:00,a,1.2251,1.1172,1.2251,1.1172,7.2903,13.0476,8.0,2.0,2.0,1.0,1.4862,3.0,w
serie_a,2025,Roma,6,2025-10-18 18:45:00,h,2.1538,0.9639,2.1538,0.9639,8.7917,8.7429,4.0,5.0,0.0,1.0,2.23,0.0,l
serie_a,2025,Roma,7,2025-10-26 13:00:00,a,2.2597,0.9494,2.2597,0.9494,9.7222,12.0455,9.0,9.0,1.0,0.0,2.2989,3.0,w
serie_a,2025,Roma,8,2025-10-29 16:30:00,h,1.1568,1.178,1.1568,1.178,8.1923,19.4,8.0,4.0,2.0,1.0,1.2966,3.0,w
serie_a,2025,Roma,9,2025-11-02 19:45:00,a,1.9544,3.7642,1.1931,3.7642,9.4,33.125,9.0,8.0,0.0,1.0,0.3686,0.0,l
serie_a,2025,Roma,10,2025-11-09 17:00:00,h,1.7573,0.9287,0.996,0.9287,8.96,10.4583,8.0,5.0,2.0,0.0,2.0496,3.0,w
serie_a,2025,Roma,11,2025-11-23 14:00:00,a,1.7318,1.2562,1.7318,1.2562,12.75,9.8636,12.0,6.0,3.0,1.0,1.7217,3.0,w
serie_a,2025,Roma,12,2025-11-30 19:45:00,h,0.6118,1.3311,0.6118,1.3311,9.56,18.2941,5.0,2.0,0.0,1.0,0.7202,0.0,l
serie_a,2025,Roma,13,2025-12-07 14:00:00,a,0.4517,1.4036,0.4517,1.4036,9.9,9.5,7.0,4.0,0.0,1.0,0.5702,0.0,l
serie_a,2025,Roma,14,2025-12-15 19:45:00,h,1.6556,0.6359,1.6556,0.6359,6.1818,12.2778,17.0,5.0,1.0,0.0,2.1713,3.0,w
serie_a,2025,Roma,15,2025-12-20 19:45:00,a,1.2842,3.0959,1.2842,3.0959,8.2917,17.0,13.0,9.0,1.0,2.0,0.347,0.0,l
serie_a,2025,Roma,16,2025-12-29 19:45:00,h,1.8612,0.5109,1.8612,0.5109,9.8571,9.9032,13.0,3.0,3.0,1.0,2.4275,3.0,w
serie_a,2025,Roma,17,2026-01-03 19:45:00,a,1.0102,2.7364,1.0102,2.7364,6.8333,12.0909,12.0,3.0,0.0,1.0,0.2421,0.0,l
serie_a,2025,Roma,18,2026-01-06 17:00:00,a,1.8916,0.6047,1.8916,0.6047,6.0606,8.6818,5.0,2.0,2.0,0.0,2.4491,3.0,w
serie_a,2025,Roma,19,2026-01-10 17:00:00,h,2.9584,0.8585,2.9584,0.8585,5.4167,12.32,21.0,4.0,2.0,0.0,2.6377,3.0,w
serie_a,2025,Roma,20,2026-01-18 17:00:00,a,2.0274,0.3944,2.0274,0.3944,9.7857,8.7586,10.0,7.0,2.0,0.0,2.589,3.0,w
serie_a,2025,Roma,21,2026-01-25 19:45:00,h,2.1357,0.5832,1.3744,0.5832,8.8125,16.2,10.0,1.0,1.0,1.0,2.5371,1.0,d
serie_a,2025,Roma,22,2026-02-02 19:45:00,a,0.6688,0.6426,0.6688,0.6426,5.1515,13.7083,7.0,1.0,0.0,1.0,1.2421,0.0,l
serie_a,2025,Roma,23,2026-02-09 19:45:00,h,2.2043,0.6131,2.2043,0.6131,9.7059,27.2,4.0,1.0,2.0,0.0,2.5781,3.0,w
serie_a,2025,Roma,24,2026-02-15 19:45:00,a,1.9544,0.5247,1.1931,0.5247,14.0,12.8235,4.0,6.0,2.0,2.0,2.5388,1.0,d
serie_a,2025,Roma,25,2026-02-22 19:45:00,h,2.5819,0.2807,2.5819,0.2807,9.0476,18.0769,7.0,0.0,3.0,0.0,2.7865,3.0,w
serie_a,2025,Roma,26,2026-03-01 19:45:00,h,2.3306,1.8583,2.3306,1.8583,10.5172,13.4706,9.0,4.0,3.0,3.0,1.7189,1.0,d
serie_a,2025,Roma,27,2026-03-08 17:00:00,a,0.2826,2.5591,0.2826,1.7978,5.2778,8.5556,7.0,7.0,1.0,2.0,0.0631,0.0,l
serie_a,2025,Roma,28,2026-03-15 17:00:00,a,0.9,2.4691,0.1387,2.4691,11.0323,9.4444,2.0,15.0,1.0,2.0,0.3273,0.0,l
serie_a,2025,Roma,29,2026-03-22 17:00:00,h,1.0936,0.807,1.0936,0.807,7.7368,10.5806,10.0,4.0,1.0,0.0,1.5568,3.0,w
serie_a,2025,Roma,30,2026-04-05 18:45:00,a,0.94,2.2544,0.94,2.2544,14.0909,11.4,6.0,14.0,2.0,5.0,0.4864,0.0,l
serie_a,2025,Roma,31,2026-04-10 18:45:00,h,1.4508,1.0632,1.4508,1.0632,7.7742,18.8947,6.0,3.0,3.0,0.0,1.7222,3.0,w
serie_a,2025,Roma,32,2026-04-18 18:45:00,h,1.7094,0.6602,1.7094,0.6602,17.9375,16.0,9.0,5.0,1.0,1.0,2.1949,1.0,d
serie_a,2025,Roma,33,2026-04-25 16:00:00,a,1.6563,0.4791,1.6563,0.4791,14.5652,10.3333,1.0,6.0,2.0,0.0,2.3745,3.0,w
serie_a,2025,Roma,34,2026-05-04 18:45:00,h,2.8432,0.1322,2.8432,0.1322,8.5185,18.45,8.0,4.0,4.0,0.0,2.9556,3.0,w
serie_a,2025,Roma,35,2026-05-10 16:00:00,a,3.0208,0.6362,2.2595,0.6362,7.0952,13.3889,12.0,6.0,3.0,2.0,2.7858,3.0,w
serie_a,2025,Roma,36,2026-05-17 10:30:00,h,1.318,0.7666,1.318,0.7666,10.4583,12.5,4.0,3.0,2.0,0.0,1.7861,3.0,w
serie_a,2025,Roma,37,2026-05-24 18:45:00,a,3.5551,0.5977,2.7938,0.5977,8.375,17.8421,17.0,5.0,2.0,0.0,2.8932,3.0,w
serie_a,2025,Lazio,0,2025-08-24 16:30:00,a,0.203,1.2848,0.203,1.2848,13.0385,5.7714,2.0,5.0,0.0,2.0,0.4194,0.0,l
serie_a,2025,Lazio,1,2025-08-31 18:45:00,h,3.9665,0.6005,3.9665,0.6005,7.5385,23.1579,13.0,6.0,4.0,0.0,2.9103,3.0,w
serie_a,2025,Lazio,2,2025-09-14 16:00:00,a,0.8582,1.2156,0.8582,1.2156,13.4762,17.8421,5.0,5.0,0.0,1.0,0.9591,0.0,l
serie_a,2025,Lazio,3,2025-09-21 10:30:00,h,0.667,1.2264,0.667,1.2264,10.7778,6.1389,3.0,8.0,0.0,1.0,0.8502,0.0,l
serie_a,2025,Lazio,4,2025-09-29 18:45:00,a,3.5406,1.4766,3.5406,1.4766,15.75,5.6296,4.0,3.0,3.0,0.0,2.6393,3.0,w
serie_a,2025,Lazio,5,2025-10-04 13:00:00,h,1.4507,2.1811,0.6895,2.1811,10.875,7.0,3.0,9.0,3.0,3.0,0.8232,1.0,d
serie_a,2025,Lazio,6,2025-10-19 16:00:00,a,0.2203,2.3809,0.2203,2.3809,20.0,11.7727,0.0,10.0,0.0,0.0,0.0752,1.0,d
serie_a,2025,Lazio,7,2025-10-26 18:45:00,h,0.9053,1.2461,0.9053,1.2461,27.0909,7.2143,2.0,7.0,1.0,0.0,1.0644,3.0,w
serie_a,2025,Lazio,8,2025-10-30 18:45:00,a,0.6579,0.7802,0.6579,0.7802,11.25,12.3667,3.0,3.0,0.0,0.0,1.1953,1.0,d
serie_a,2025,Lazio,9,2025-11-03 19:45:00,h,0.5877,1.4846,0.5877,1.4846,20.2857,12.0455,0.0,5.0,2.0,0.0,0.6181,3.0,w
serie_a,2025,Lazio,10,2025-11-09 19:45:00,a,0.5493,1.7396,0.5493,1.7396,18.6842,7.25,3.0,9.0,0.0,2.0,0.4219,0.0,l
serie_a,2025,Lazio,11,2025-11-23 17:00:00,h,1.4949,0.5447,1.4949,0.5447,10.35,23.8,10.0,2.0,2.0,0.0,2.1414,3.0,w
serie_a,2025,Lazio,12,2025-11-29 19:45:00,a,0.8996,1.4811,0.8996,1.4811,17.0,15.0909,5.0,6.0,0.0,1.0,0.8753,0.0,l
serie_a,2025,Lazio,13,2025-12-07 17:00:00,h,1.2415,1.2311,1.2415,1.2311,11.8846,9.4074,6.0,2.0,1.0,1.0,1.3313,1.0,d
serie_a,2025,Lazio,14,2025-12-13 17:00:00,a,1.7657,1.0817,1.7657,1.0817,16.5,15.2353,3.0,6.0,1.0,0.0,1.9426,3.0,w
serie_a,2025,Lazio,15,2025-12-20 17:00:00,h,0.4328,0.7097,0.4328,0.7097,11.68,15.7727,3.0,1.0,0.0,0.0,0.9535,1.0,d
serie_a,2025,Lazio,16,2025-12-27 17:00:00,a,0.848,0.8066,0.848,0.8066,12.625,11.7826,4.0,5.0,1.0,1.0,1.3859,1.0,d
serie_a,2025,Lazio,17,2026-01-04 11:30:00,h,0.4058,2.425,0.4058,2.425,30.7333,9.9048,3.0,4.0,0.0,2.0,0.1881,0.0,l
serie_a,2025,Lazio,18,2026-01-07 19:45:00,h,2.7081,1.5194,1.9468,0.7581,21.0667,14.8235,11.0,5.0,2.0,2.0,2.2705,1.0,d
serie_a,2025,Lazio,19,2026-01-11 17:00:00,a,0.6445,0.5849,0.6445,0.5849,12.5294,19.2609,5.0,6.0,1.0,0.0,1.3789,3.0,w
serie_a,2025,Lazio,20,2026-01-19 19:45:00,h,0.4653,2.2839,0.4653,1.5226,23.9167,12.5238,2.0,5.0,0.0,3.0,0.1886,0.0,l
serie_a,2025,Lazio,21,2026-01-24 19:45:00,a,0.717,0.601,0.717,0.601,13.0,10.8529,3.0,4.0,0.0,0.0,1.4601,1.0,d
serie_a,2025,Lazio,22,2026-01-30 19:45:00,h,2.0665,1.8331,0.5439,1.0718,19.25,15.4118,7.0,1.0,3.0,2.0,1.5539,3.0,w
serie_a,2025,Lazio,23,2026-02-08 19:45:00,a,0.8088,2.8561,0.8088,2.8561,22.625,12.9474,6.0,17.0,2.0,2.0,0.3034,1.0,d
serie_a,2025,Lazio,24,2026-02-14 17:00:00,h,1.5437,1.8212,1.5437,1.0599,16.7619,14.35,6.0,7.0,0.0,2.0,1.1123,0.0,l
serie_a,2025,Lazio,25,2026-02-21 19:45:00,a,0.5207,0.7711,0.5207,0.7711,11.6552,25.5333,7.0,5.0,0.0,0.0,1.0457,1.0,d
serie_a,2025,Lazio,26,2026-03-01 17:00:00,a,1.0587,1.0609,1.0587,1.0609,16.1,15.6957,7.0,4.0,0.0,2.0,1.3388,0.0,l
serie_a,2025,Lazio,27,2026-03-09 19:45:00,h,2.4868,0.4532,2.4868,0.4532,41.75,22.5714,6.0,5.0,2.0,1.0,2.7679,3.0,w
serie_a,2025,Lazio,28,2026-03-15 19:45:00,h,0.5384,1.1618,0.5384,1.1618,23.4667,9.8077,5.0,12.0,1.0,0.0,0.7947,3.0,w
serie_a,2025,Lazio,29,2026-03-22 14:00:00,a,2.144,1.3292,2.144,0.5679,22.8889,12.0,5.0,8.0,2.0,0.0,2.0142,3.0,w
serie_a,2025,Lazio,30,2026-04-04 18:45:00,h,0.2691,0.3606,0.2691,0.3606,10.04,25.8889,5.0,1.0,1.0,1.0,1.0896,1.0,d
serie_a,2025,Lazio,31,2026-04-13 18:45:00,a,1.2935,0.422,1.2935,0.422,11.8421,31.0769,2.0,2.0,0.0,1.0,2.1027,0.0,l
serie_a,2025,Lazio,32,2026-04-18 16:00:00,a,3.1646,0.517,2.278,0.517,31.9231,11.6875,6.0,8.0,2.0,0.0,2.886,3.0,w
serie_a,2025,Lazio,33,2026-04-27 18:45:00,h,1.7748,2.3071,1.7748,2.3071,14.9167,14.85,2.0,7.0,3.0,3.0,0.9625,1.0,d
serie_a,2025,Lazio,34,2026-05-04 16:30:00,a,0.9875,0.5505,0.9875,0.5505,19.8667,18.0455,4.0,1.0,2.0,1.0,1.7963,3.0,w
serie_a,2025,Lazio,35,2026-05-09 16:00:00,h,0.5021,2.1824,0.5021,2.1824,29.2941,12.0,4.0,10.0,0.0,3.0,0.284,0.0,l
serie_a,2025,Lazio,36,2026-05-17 10:30:00,a,0.7666,1.318,0.7666,1.318,12.5,10.4583,3.0,4.0,0.0,2.0,0.9095,0.0,l
serie_a,2025,Lazio,37,2026-05-23 18:45:00,h,1.0209,1.1676,1.0209,1.1676,26.25,15.4545,4.0,2.0,2.0,1.0,1.185,3.0,w
serie_a,2025,Bologna,0,2025-08-23 18:45:00,a,0.4435,1.4769,0.4435,1.4769,12.2,7.9688,0.0,5.0,0.0,1.0,0.5099,0.0,l
serie_a,2025,Bologna,1,2025-08-30 16:30:00,h,1.5158,0.5216,1.5158,0.5216,13.1739,4.6429,3.0,7.0,1.0,0.0,2.2273,3.0,w
serie_a,2025,Bologna,2,2025-09-14 18:45:00,a,0.1986,1.1554,0.1986,1.1554,10.3158,16.381,2.0,7.0,0.0,1.0,0.4512,0.0,l
serie_a,2025,Bologna,3,2025-09-20 13:00:00,h,1.7879,0.7947,1.0266,0.7947,7.0,10.5,4.0,2.0,2.0,1.0,2.2069,3.0,w
serie_a,2025,Bologna,4,2025-09-28 16:00:00,a,1.5908,2.0902,0.8295,2.0902,4.9167,13.6957,8.0,6.0,2.0,2.0,0.9777,1.0,d
serie_a,2025,Bologna,5,2025-10-05 13:00:00,h,3.6993,0.0265,3.6993,0.0265,4.6667,13.0455,14.0,1.0,4.0,0.0,2.9799,3.0,w
serie_a,2025,Bologna,6,2025-10-19 13:00:00,a,1.1584,0.3678,1.1584,0.3678,5.9375,14.7895,3.0,3.0,2.0,0.0,2.1498,3.0,w
serie_a,2025,Bologna,7,2025-10-26 16:00:00,a,0.8833,3.879,0.8833,2.3565,9.05,10.1111,6.0,3.0,2.0,2.0,0.0538,1.0,d
serie_a,2025,Bologna,8,2025-10-29 18:45:00,h,0.3322,0.7975,0.3322,0.7975,7.5294,20.4211,6.0,4.0,0.0,0.0,0.7806,1.0,d
serie_a,2025,Bologna,9,2025-11-02 17:00:00,a,3.5175,0.6223,3.5175,0.6223,7.2,8.7727,8.0,3.0,3.0,1.0,2.8677,3.0,w
serie_a,2025,Bologna,10,2025-11-09 14:00:00,h,1.6449,0.195,1.6449,0.195,16.0,10.2222,2.0,5.0,2.0,0.0,2.5907,3.0,w
serie_a,2025,Bologna,11,2025-11-22 14:00:00,a,2.8829,1.8876,2.1216,1.8876,6.04,5.6875,3.0,9.0,3.0,0.0,2.0889,3.0,w
serie_a,2025,Bologna,12,2025-12-01 19:45:00,h,2.1171,2.3353,1.3558,2.3353,4.1034,18.1429,9.0,2.0,1.0,3.0,1.189,0.0,l
serie_a,2025,Bologna,13,2025-12-07 17:00:00,a,1.2311,1.2415,1.2311,1.2415,9.4074,11.8846,2.0,6.0,1.0,1.0,1.3421,1.0,d
serie_a,2025,Bologna,14,2025-12-14 19:45:00,h,0.9739,2.0715,0.9739,2.0715,13.6842,18.25,3.0,14.0,0.0,1.0,0.6037,0.0,l
serie_a,2025,Bologna,15,2025-12-28 17:00:00,h,0.937,1.5231,0.937,1.5231,5.9429,10.5909,5.0,4.0,1.0,1.0,0.8495,1.0,d
serie_a,2025,Bologna,16,2026-01-04 19:45:00,a,0.7829,4.2672,0.7829,4.2672,7.5,7.1379,3.0,7.0,1.0,3.0,0.0437,0.0,l
serie_a,2025,Bologna,17,2026-01-07 17:30:00,h,1.1153,1.3334,1.1153,1.3334,12.2667,11.381,2.0,9.0,0.0,2.0,1.1543,0.0,l
serie_a,2025,Bologna,18,2026-01-10 14:00:00,a,1.5489,1.1392,1.5489,1.1392,18.4,8.2857,4.0,4.0,1.0,1.0,1.7502,1.0,d
serie_a,2025,Bologna,19,2026-01-15 17:30:00,a,0.6907,1.6881,0.6907,1.6881,9.6,16.0952,6.0,5.0,3.0,2.0,0.5509,3.0,w
serie_a,2025,Bologna,20,2026-01-18 14:00:00,h,1.344,1.6456,1.344,1.6456,8.6667,18.5,8.0,4.0,1.0,2.0,1.0905,0.0,l
serie_a,2025,Bologna,21,2026-01-25 14:00:00,a,0.592,0.7069,0.592,0.7069,9.25,11.3125,11.0,4.0,2.0,3.0,1.1679,0.0,l
serie_a,2025,Bologna,22,2026-02-03 19:45:00,h,0.4405,3.3577,0.4405,2.5964,11.0,20.5833,10.0,4.0,0.0,3.0,0.0551,0.0,l
serie_a,2025,Bologna,23,2026-02-08 11:30:00,h,1.6466,0.193,1.6466,0.193,19.3333,12.7692,4.0,3.0,0.0,1.0,2.5825,0.0,l
serie_a,2025,Bologna,24,2026-02-15 17:00:00,a,1.7123,0.3944,1.7123,0.3944,22.3636,11.4583,9.0,2.0,2.0,1.0,2.3852,3.0,w
serie_a,2025,Bologna,25,2026-02-23 19:45:00,h,1.4471,0.5306,0.6858,0.5306,7.1471,6.8846,4.0,7.0,1.0,0.0,2.2276,3.0,w
serie_a,2025,Bologna,26,2026-03-02 17:30:00,a,0.8716,0.7431,0.8716,0.7431,12.2857,12.6818,2.0,4.0,1.0,0.0,1.4331,3.0,w
serie_a,2025,Bologna,27,2026-03-08 14:00:00,h,0.9037,2.0286,0.9037,2.0286,5.0,6.8462,7.0,4.0,1.0,2.0,0.5821,0.0,l
serie_a,2025,Bologna,28,2026-03-15 14:00:00,a,0.731,0.4271,0.731,0.4271,14.0588,9.1111,6.0,4.0,1.0,0.0,1.6017,3.0,w
serie_a,2025,Bologna,29,2026-03-22 14:00:00,h,1.3292,2.144,0.5679,2.144,12.0,22.8889,8.0,5.0,0.0,2.0,0.7419,0.0,l
serie_a,2025,Bologna,30,2026-04-05 13:00:00,a,1.5897,1.3964,1.5897,0.6351,9.8095,20.0,6.0,0.0,2.0,1.0,1.4953,3.0,w
serie_a,2025,Bologna,31,2026-04-12 16:00:00,h,2.5824,0.5364,2.5824,0.5364,6.6957,11.72,8.0,3.0,2.0,0.0,2.8054,3.0,w
serie_a,2025,Bologna,32,2026-04-19 18:45:00,a,0.8524,1.5765,0.8524,1.5765,18.2143,10.75,3.0,7.0,0.0,2.0,0.7851,0.0,l
serie_a,2025,Bologna,33,2026-04-25 16:00:00,h,0.4791,1.6563,0.4791,1.6563,10.3333,14.5652,6.0,1.0,0.0,2.0,0.4212,0.0,l
serie_a,2025,Bologna,34,2026-05-03 10:30:00,h,0.6845,0.8719,0.6845,0.8719,6.3182,15.8235,6.0,2.0,0.0,0.0,1.1175,1.0,d
serie_a,2025,Bologna,35,2026-05-11 18:45:00,a,1.1234,1.2274,0.3621,1.2274,17.4444,20.2143,2.0,7.0,3.0,2.0,1.2801,3.0,w
serie_a,2025,Bologna,36,2026-05-17 16:00:00,a,1.0656,0.8714,1.0656,0.8714,12.45,6.9744,4.0,2.0,1.0,0.0,1.5334,3.0,w
serie_a,2025,Bologna,37,2026-05-23 16:00:00,h,1.5968,1.1865,1.5968,1.1865,16.5238,19.1429,3.0,11.0,3.0,3.0,1.7171,1.0,d
serie_a,2025,Juventus,0,2025-08-24 18:45:00,h,2.742,0.8156,2.742,0.8156,7.381,11.0,11.0,3.0,2.0,0.0,2.6381,3.0,w
serie_a,2025,Juventus,1,2025-08-31 16:30:00,a,1.5513,0.593,1.5513,0.593,5.7353,9.963,2.0,2.0,1.0,0.0,2.2238,3.0,w
serie_a,2025,Juventus,2,2025-09-13 16:00:00,h,0.7689,1.0163,0.7689,1.0163,11.3684,10.7,4.0,10.0,4.0,3.0,1.0951,3.0,w
serie_a,2025,Juventus,3,2025-09-20 16:00:00,a,0.4704,1.6588,0.4704,0.8976,5.4667,15.55,7.0,4.0,1.0,1.0,0.3851,1.0,d
serie_a,2025,Juventus,4,2025-09-27 16:00:00,h,1.8424,0.8853,1.8424,0.8853,9.0,31.2727,10.0,1.0,1.0,1.0,2.1081,1.0,d
serie_a,2025,Juventus,5,2025-10-05 18:45:00,h,0.5706,1.5571,0.5706,0.7958,21.4286,22.0769,6.0,3.0,0.0,0.0,0.5392,1.0,d
serie_a,2025,Juventus,6,2025-10-19 10:30:00,a,0.9647,1.6879,0.9647,1.6879,6.7,8.5294,7.0,5.0,0.0,2.0,0.7819,0.0,l
serie_a,2025,Juventus,7,2025-10-26 18:45:00,a,1.2461,0.9053,1.2461,0.9053,7.2143,27.0909,7.0,2.0,0.0,1.0,1.6278,0.0,l
serie_a,2025,Juventus,8,2025-10-29 16:30:00,h,3.3064,0.6041,1.7838,0.6041,9.4091,20.3077,7.0,1.0,3.0,1.0,2.8508,3.0,w
serie_a,2025,Juventus,9,2025-11-01 19:45:00,a,2.614,0.6114,2.614,0.6114,21.1333,11.8571,9.0,3.0,2.0,1.0,2.6799,3.0,w
serie_a,2025,Juventus,10,2025-11-08 17:00:00,h,1.9371,0.4056,1.9371,0.4056,6.0714,42.8,4.0,2.0,0.0,0.0,2.5072,1.0,d
serie_a,2025,Juventus,11,2025-11-22 17:00:00,a,1.6505,0.6593,1.6505,0.6593,11.2105,21.0714,7.0,3.0,1.0,1.0,2.1427,1.0,d
serie_a,2025,Juventus,12,2025-11-29 17:00:00,h,1.5343,0.8911,1.5343,0.8911,10.129,18.8421,10.0,2.0,2.0,1.0,1.8613,3.0,w
serie_a,2025,Juventus,13,2025-12-07 19:45:00,a,0.2434,2.1655,0.2434,2.1655,15.4118,12.6,5.0,1.0,1.0,2.0,0.1273,0.0,l
serie_a,2025,Juventus,14,2025-12-14 19:45:00,a,2.0715,0.9739,2.0715,0.9739,18.25,13.6842,14.0,3.0,1.0,0.0,2.1916,3.0,w
serie_a,2025,Juventus,15,2025-12-20 19:45:00,h,3.0959,1.2842,3.0959,1.2842,17.0,8.2917,9.0,13.0,2.0,1.0,2.5178,3.0,w
serie_a,2025,Juventus,16,2025-12-27 19:45:00,a,1.2875,0.6416,1.2875,0.6416,9.1053,13.2778,19.0,5.0,2.0,0.0,1.9498,3.0,w
serie_a,2025,Juventus,17,2026-01-03 17:00:00,h,3.5939,0.1763,2.8327,0.1763,6.3043,19.75,20.0,0.0,1.0,1.0,2.9657,1.0,d
serie_a,2025,Juventus,18,2026-01-06 19:45:00,a,2.9078,0.2037,2.9078,0.2037,9.0,46.1667,11.0,3.0,3.0,0.0,2.9235,3.0,w
serie_a,2025,Juventus,19,2026-01-12 19:45:00,h,3.2309,1.1134,2.3346,1.1134,9.7692,41.75,13.0,3.0,5.0,0.0,2.6647,3.0,w
serie_a,2025,Juventus,20,2026-01-17 19:45:00,a,0.8727,0.1761,0.8727,0.1761,4.3182,20.4667,8.0,1.0,0.0,1.0,1.9818,0.0,l
serie_a,2025,Juventus,21,2026-01-25 17:00:00,h,1.5468,0.4217,1.5468,0.4217,12.0606,11.9412,11.0,10.0,3.0,0.0,2.311,3.0,w
serie_a,2025,Juventus,22,2026-02-01 19:45:00,a,3.5194,0.5984,3.5194,0.5984,10.1905,13.4545,15.0,5.0,4.0,1.0,2.9371,3.0,w
serie_a,2025,Juventus,23,2026-02-08 19:45:00,h,2.8561,0.8088,2.8561,0.8088,12.9474,22.625,17.0,6.0,2.0,2.0,2.5765,1.0,d
serie_a,2025,Juventus,24,2026-02-14 19:45:00,a,1.295,2.4811,1.295,2.4811,23.1818,8.1481,4.0,15.0,2.0,3.0,0.6396,0.0,l
serie_a,2025,Juventus,25,2026-02-21 14:00:00,h,1.0143,1.4318,1.0143,1.4318,18.7333,14.7619,6.0,5.0,0.0,2.0,0.9978,0.0,l
serie_a,2025,Juventus,26,2026-03-01 19:45:00,a,1.8583,2.3306,1.8583,2.3306,13.4706,10.5172,4.0,9.0,3.0,3.0,1.0328,1.0,d
serie_a,2025,Juventus,27,2026-03-07 19:45:00,h,3.1681,0.32,3.1681,0.32,11.5294,20.2,14.0,5.0,4.0,0.0,2.8799,3.0,w
serie_a,2025,Juventus,28,2026-03-14 19:45:00,a,3.1873,0.742,3.1873,0.742,9.9615,17.5,17.0,5.0,1.0,0.0,2.785,3.0,w
serie_a,2025,Juventus,29,2026-03-21 19:45:00,h,2.2546,0.8455,1.4933,0.8455,7.7368,19.8571,23.0,5.0,1.0,1.0,2.3873,1.0,d
serie_a,2025,Juventus,30,2026-04-06 16:00:00,h,2.6028,1.4881,2.6028,0.7268,16.5714,19.0526,16.0,3.0,2.0,0.0,2.2707,3.0,w
serie_a,2025,Juventus,31,2026-04-11 18:45:00,a,1.1868,1.8886,1.1868,1.8886,24.0833,12.2857,8.0,15.0,1.0,0.0,0.8854,3.0,w
serie_a,2025,Juventus,32,2026-04-19 18:45:00,h,1.5765,0.8524,1.5765,0.8524,10.75,18.2143,7.0,3.0,2.0,0.0,1.9311,3.0,w
serie_a,2025,Juventus,33,2026-04-26 18:45:00,a,0.4497,0.6163,0.4497,0.6163,15.3158,19.9231,2.0,7.0,0.0,0.0,1.0731,1.0,d
serie_a,2025,Juventus,34,2026-05-03 16:00:00,h,2.6862,0.1972,2.6862,0.1972,7.7333,16.0,17.0,0.0,1.0,1.0,2.8458,1.0,d
serie_a,2025,Juventus,35,2026-05-09 18:45:00,a,1.957,0.608,1.957,0.608,4.7857,12.6667,11.0,3.0,1.0,0.0,2.364,3.0,w
serie_a,2025,Juventus,36,2026-05-17 10:30:00,h,1.9629,0.5137,1.9629,0.5137,9.3,11.75,17.0,5.0,0.0,2.0,2.4012,0.0,l
serie_a,2025,Juventus,37,2026-05-24 18:45:00,a,2.5343,0.9501,2.5343,0.9501,7.9524,18.6923,7.0,2.0,2.0,2.0,2.4225,1.0,d
serie_a,2025,Udinese,0,2025-08-25 16:30:00,h,1.0506,0.7992,1.0506,0.7992,7.7143,19.0,6.0,1.0,1.0,1.0,1.5413,1.0,d
serie_a,2025,Udinese,1,2025-08-31 18:45:00,a,1.2001,1.6717,0.4388,1.6717,20.3333,6.6111,4.0,8.0,2.0,1.0,0.8886,3.0,w
serie_a,2025,Udinese,2,2025-09-14 13:00:00,a,1.729,1.2759,1.729,1.2759,11.25,10.6316,6.0,4.0,1.0,0.0,1.7053,3.0,w
serie_a,2025,Udinese,3,2025-09-20 18:45:00,h,0.2984,1.7025,0.2984,1.7025,18.8636,15.3077,5.0,10.0,0.0,3.0,0.3222,0.0,l
serie_a,2025,Udinese,4,2025-09-28 10:30:00,a,1.1934,2.3133,1.1934,2.3133,5.4667,20.0833,2.0,5.0,1.0,3.0,0.5539,0.0,l
serie_a,2025,Udinese,5,2025-10-05 10:30:00,h,2.9855,0.7891,2.9855,0.7891,7.5238,13.5,9.0,2.0,1.0,1.0,2.7058,1.0,d
serie_a,2025,Udinese,6,2025-10-20 18:45:00,a,0.9626,1.2288,0.9626,1.2288,9.2273,7.7826,7.0,1.0,1.0,1.0,1.0841,1.0,d
serie_a,2025,Udinese,7,2025-10-25 13:00:00,h,1.5158,0.3736,1.5158,0.3736,9.037,5.9375,7.0,0.0,3.0,2.0,2.3688,3.0,w
serie_a,2025,Udinese,8,2025-10-29 16:30:00,a,0.6041,3.3064,0.6041,1.7838,20.3077,9.4091,1.0,7.0,1.0,3.0,0.0944,0.0,l
serie_a,2025,Udinese,9,2025-11-01 14:00:00,h,0.7073,0.2702,0.7073,0.2702,11.5667,11.1875,3.0,5.0,1.0,0.0,1.7619,3.0,w
serie_a,2025,Udinese,10,2025-11-09 17:00:00,a,0.9287,1.7573,0.9287,0.996,10.4583,8.96,5.0,8.0,0.0,2.0,0.7035,0.0,l
serie_a,2025,Udinese,11,2025-11-22 14:00:00,h,1.8876,2.8829,1.8876,2.1216,5.6875,6.04,9.0,3.0,0.0,3.0,0.7008,0.0,l
serie_a,2025,Udinese,12,2025-11-29 14:00:00,a,1.8735,1.0365,1.1122,1.0365,7.6,17.4167,4.0,3.0,2.0,0.0,2.0421,3.0,w
serie_a,2025,Udinese,13,2025-12-08 17:00:00,h,1.492,1.5362,1.492,0.7749,5.4,11.7222,7.0,1.0,1.0,2.0,1.2893,0.0,l
serie_a,2025,Udinese,14,2025-12-14 14:00:00,h,1.8415,0.9314,1.8415,0.9314,10.1724,9.2667,4.0,5.0,1.0,0.0,2.082,3.0,w
serie_a,2025,Udinese,15,2025-12-21 17:00:00,a,0.795,3.2481,0.795,3.2481,37.7778,11.1765,2.0,9.0,1.0,5.0,0.1688,0.0,l
serie_a,2025,Udinese,16,2025-12-27 17:00:00,h,0.8066,0.848,0.8066,0.848,11.7826,12.625,5.0,4.0,1.0,1.0,1.2584,1.0,d
serie_a,2025,Udinese,17,2026-01-03 11:30:00,a,0.245,2.3835,0.245,1.6222,14.9524,5.575,3.0,10.0,0.0,1.0,0.1025,0.0,l
serie_a,2025,Udinese,18,2026-01-07 19:45:00,a,2.3179,1.6739,2.3179,1.6739,12.9444,5.5,7.0,5.0,2.0,1.0,1.8641,3.0,w
serie_a,2025,Udinese,19,2026-01-10 14:00:00,h,2.1802,1.4267,1.4189,1.4267,9.4667,6.9259,8.0,3.0,2.0,2.0,2.0416,1.0,d
serie_a,2025,Udinese,20,2026-01-17 14:00:00,h,0.1308,2.1747,0.1308,2.1747,15.5833,9.12,3.0,10.0,0.0,1.0,0.113,0.0,l
serie_a,2025,Udinese,21,2026-01-26 19:45:00,a,1.9365,0.5738,1.9365,0.5738,12.7059,10.7,8.0,3.0,3.0,1.0,2.3732,3.0,w
serie_a,2025,Udinese,22,2026-02-02 19:45:00,h,0.6426,0.6688,0.6426,0.6688,13.7083,5.1515,1.0,7.0,1.0,0.0,1.3411,3.0,w
serie_a,2025,Udinese,23,2026-02-08 14:00:00,a,0.895,2.1862,0.1337,2.1862,6.1852,7.0,4.0,7.0,1.0,2.0,0.4185,0.0,l
serie_a,2025,Udinese,24,2026-02-15 11:30:00,h,0.4912,1.2471,0.4912,1.2471,8.3448,11.25,7.0,4.0,1.0,2.0,0.6217,0.0,l
serie_a,2025,Udinese,25,2026-02-23 19:45:00,a,0.5306,1.4471,0.5306,0.6858,6.8846,7.1471,7.0,4.0,0.0,1.0,0.5302,0.0,l
serie_a,2025,Udinese,26,2026-03-02 19:45:00,h,2.0239,0.5854,1.2626,0.5854,12.3793,7.8,2.0,2.0,3.0,0.0,2.513,3.0,w
serie_a,2025,Udinese,27,2026-03-07 17:00:00,a,0.8601,1.9985,0.8601,1.9985,23.8,6.5714,4.0,10.0,2.0,2.0,0.585,1.0,d
serie_a,2025,Udinese,28,2026-03-14 19:45:00,h,0.742,3.1873,0.742,3.1873,17.5,9.9615,5.0,17.0,0.0,1.0,0.1387,0.0,l
serie_a,2025,Udinese,29,2026-03-20 19:45:00,a,0.8658,1.3033,0.8658,1.3033,11.6087,6.75,4.0,4.0,2.0,0.0,0.9674,3.0,w
serie_a,2025,Udinese,30,2026-04-06 10:30:00,h,1.0667,0.7864,1.0667,0.7864,12.7368,7.5833,7.0,4.0,0.0,0.0,1.5879,1.0,d
serie_a,2025,Udinese,31,2026-04-11 16:00:00,a,1.566,1.6274,1.566,1.6274,11.4483,6.3913,7.0,6.0,3.0,0.0,1.3083,3.0,w
serie_a,2025,Udinese,32,2026-04-18 13:00:00,h,1.3511,1.396,1.3511,1.396,7.963,11.3125,9.0,4.0,0.0,1.0,1.3125,0.0,l
serie_a,2025,Udinese,33,2026-04-27 18:45:00,a,2.3071,1.7748,2.3071,1.7748,14.85,14.9167,7.0,2.0,3.0,3.0,1.7854,1.0,d
serie_a,2025,Udinese,34,2026-05-02 13:00:00,h,2.169,0.8129,2.169,0.8129,7.0,8.3235,5.0,6.0,2.0,0.0,2.4073,3.0,w
serie_a,2025,Udinese,35,2026-05-09 13:00:00,a,2.3059,1.5652,2.3059,1.5652,20.3529,9.0,6.0,13.0,2.0,0.0,1.9557,3.0,w
serie_a,2025,Udinese,36,2026-05-17 18:45:00,h,0.2706,0.6712,0.2706,0.6712,9.8824,20.1176,3.0,0.0,0.0,1.0,0.7542,0.0,l
serie_a,2025,Udinese,37,2026-05-24 16:00:00,a,0.5174,1.5585,0.5174,1.5585,25.1667,34.0,3.0,5.0,0.0,1.0,0.5335,0.0,l
serie_a,2025,Genoa,0,2025-08-23 16:30:00,h,0.5656,0.5509,0.5656,0.5509,5.4348,8.0588,3.0,4.0,0.0,0.0,1.3175,1.0,d
serie_a,2025,Genoa,1,2025-08-31 16:30:00,h,0.593,1.5513,0.593,1.5513,9.963,5.7353,2.0,2.0,0.0,1.0,0.5363,0.0,l
serie_a,2025,Genoa,2,2025-09-15 18:45:00,a,2.5429,1.5647,2.5429,1.5647,7.8919,8.1724,6.0,4.0,1.0,1.0,2.1372,1.0,d
serie_a,2025,Genoa,3,2025-09-20 13:00:00,a,0.7947,1.7879,0.7947,1.0266,10.5,7.0,2.0,4.0,1.0,2.0,0.5695,0.0,l
serie_a,2025,Genoa,4,2025-09-29 18:45:00,h,1.4766,3.5406,1.4766,3.5406,5.6296,15.75,3.0,4.0,0.0,3.0,0.2567,0.0,l
serie_a,2025,Genoa,5,2025-10-05 16:00:00,a,0.6916,1.8792,0.6916,1.8792,13.7917,6.0952,2.0,6.0,1.0,2.0,0.4545,0.0,l
serie_a,2025,Genoa,6,2025-10-19 13:00:00,h,2.2169,0.0545,1.4556,0.0545,5.8571,14.0,6.0,0.0,0.0,0.0,2.8872,1.0,d
serie_a,2025,Genoa,7,2025-10-26 10:30:00,a,1.9796,1.8196,1.9796,1.8196,21.5,7.7727,7.0,6.0,1.0,2.0,1.4917,0.0,l
serie_a,2025,Genoa,8,2025-10-29 18:45:00,h,1.3491,1.5797,1.3491,1.5797,4.4375,7.3077,6.0,3.0,0.0,2.0,1.1775,0.0,l
serie_a,2025,Genoa,9,2025-11-03 17:30:00,a,1.8327,1.3164,1.8327,1.3164,15.9,9.2105,3.0,6.0,2.0,1.0,1.7583,3.0,w
serie_a,2025,Genoa,10,2025-11-09 14:00:00,h,1.5888,1.3302,0.8275,0.5689,9.1724,11.1429,2.0,4.0,2.0,2.0,1.5367,1.0,d
serie_a,2025,Genoa,11,2025-11-22 14:00:00,a,1.6156,1.3733,1.6156,1.3733,7.4,7.8214,3.0,3.0,3.0,3.0,1.5727,1.0,d
serie_a,2025,Genoa,12,2025-11-29 14:00:00,h,1.649,2.6066,1.649,2.6066,7.65,9.5185,3.0,4.0,2.0,1.0,0.6555,3.0,w
serie_a,2025,Genoa,13,2025-12-08 17:00:00,a,1.5362,1.492,0.7749,1.492,11.7222,5.4,1.0,7.0,2.0,1.0,1.4309,3.0,w
serie_a,2025,Genoa,14,2025-12-14 17:00:00,h,0.8953,2.0441,0.8953,2.0441,16.8824,5.7333,3.0,7.0,1.0,2.0,0.5086,0.0,l
serie_a,2025,Genoa,15,2025-12-21 19:45:00,h,0.9677,1.7656,0.9677,1.7656,14.4286,3.6207,4.0,4.0,0.0,1.0,0.7737,0.0,l
serie_a,2025,Genoa,16,2025-12-29 19:45:00,a,0.5109,1.8612,0.5109,1.8612,9.9032,9.8571,3.0,13.0,1.0,3.0,0.3911,0.0,l
serie_a,2025,Genoa,17,2026-01-03 14:00:00,h,0.5695,1.5538,0.5695,1.5538,8.8462,7.8621,4.0,5.0,1.0,1.0,0.5311,1.0,d
serie_a,2025,Genoa,18,2026-01-08 19:45:00,a,1.4374,2.1162,0.6762,2.1162,38.5714,8.88,0.0,18.0,1.0,1.0,0.9028,1.0,d
serie_a,2025,Genoa,19,2026-01-12 17:30:00,h,1.2615,1.0068,1.2615,1.0068,13.8636,9.5769,1.0,4.0,3.0,0.0,1.5891,3.0,w
serie_a,2025,Genoa,20,2026-01-18 11:30:00,a,1.0747,0.4639,1.0747,0.4639,6.5455,12.7059,3.0,5.0,0.0,0.0,1.8876,1.0,d
serie_a,2025,Genoa,21,2026-01-25 14:00:00,h,0.7069,0.592,0.7069,0.592,11.3125,9.25,4.0,11.0,3.0,2.0,1.4313,3.0,w
serie_a,2025,Genoa,22,2026-01-30 19:45:00,a,1.8331,2.0665,1.0718,0.5439,15.4118,19.25,1.0,7.0,2.0,3.0,1.1543,0.0,l
serie_a,2025,Genoa,23,2026-02-07 17:00:00,h,1.3246,1.8978,0.5633,1.1365,11.9643,9.9375,4.0,5.0,2.0,3.0,0.8836,0.0,l
serie_a,2025,Genoa,24,2026-02-15 14:00:00,a,1.3351,1.3472,1.3351,1.3472,6.2778,18.8889,9.0,6.0,0.0,0.0,1.352,1.0,d
serie_a,2025,Genoa,25,2026-02-22 11:30:00,h,2.0631,0.5307,2.0631,0.5307,8.5417,18.9565,3.0,4.0,3.0,0.0,2.5338,3.0,w
serie_a,2025,Genoa,26,2026-02-28 19:45:00,a,0.1708,2.1923,0.1708,1.431,10.24,9.4828,6.0,15.0,0.0,2.0,0.1081,0.0,l
serie_a,2025,Genoa,27,2026-03-08 17:00:00,h,2.5591,0.2826,1.7978,0.2826,8.5556,5.2778,7.0,7.0,2.0,1.0,2.8915,3.0,w
serie_a,2025,Genoa,28,2026-03-15 11:30:00,a,0.5341,0.3708,0.5341,0.3708,12.1429,10.44,6.0,0.0,2.0,0.0,1.4472,3.0,w
serie_a,2025,Genoa,29,2026-03-20 19:45:00,h,1.3033,0.8658,1.3033,0.8658,6.75,11.6087,4.0,4.0,0.0,2.0,1.7207,0.0,l
serie_a,2025,Genoa,30,2026-04-06 16:00:00,a,1.4881,2.6028,0.7268,2.6028,19.0526,16.5714,3.0,16.0,0.0,2.0,0.5202,0.0,l
serie_a,2025,Genoa,31,2026-04-12 10:30:00,h,1.3927,1.3964,1.3927,1.3964,11.9545,27.9,6.0,7.0,2.0,1.0,1.3467,3.0,w
serie_a,2025,Genoa,32,2026-04-19 16:00:00,a,2.1853,1.0069,1.424,1.0069,8.4348,13.3158,5.0,2.0,2.0,1.0,2.2889,3.0,w
serie_a,2025,Genoa,33,2026-04-26 13:00:00,h,0.6672,1.19,0.6672,1.19,8.7812,10.5,5.0,4.0,0.0,2.0,0.8513,0.0,l
serie_a,2025,Genoa,34,2026-05-02 18:45:00,a,0.4388,1.6608,0.4388,1.6608,9.6,5.6774,3.0,15.0,0.0,0.0,0.4266,1.0,d
serie_a,2025,Genoa,35,2026-05-10 13:00:00,a,0.5287,0.6752,0.5287,0.6752,8.1071,7.1429,5.0,11.0,0.0,0.0,1.1593,1.0,d
serie_a,2025,Genoa,36,2026-05-17 10:30:00,h,1.6688,1.5542,1.6688,0.7929,9.3125,11.6818,6.0,7.0,1.0,2.0,1.4334,0.0,l
serie_a,2025,Genoa,37,2026-05-24 18:45:00,a,0.7823,2.2139,0.7823,2.2139,8.2,24.3571,4.0,3.0,0.0,1.0,0.3785,0.0,l
serie_a,2025,Sassuolo,0,2025-08-23 16:30:00,h,0.2985,1.5546,0.2985,1.5546,15.4074,7.6429,2.0,4.0,0.0,2.0,0.3127,0.0,l
serie_a,2025,Sassuolo,1,2025-08-29 16:30:00,a,1.3298,3.5295,0.5685,2.7682,9.7,13.8182,6.0,2.0,2.0,3.0,0.1365,0.0,l
serie_a,2025,Sassuolo,2,2025-09-14 16:00:00,h,1.2156,0.8582,1.2156,0.8582,17.8421,13.4762,5.0,5.0,1.0,0.0,1.7244,3.0,w
serie_a,2025,Sassuolo,3,2025-09-21 18:45:00,a,0.8508,3.1219,0.8508,3.1219,16.5333,7.6538,2.0,18.0,1.0,2.0,0.222,0.0,l
serie_a,2025,Sassuolo,4,2025-09-28 10:30:00,h,2.3133,1.1934,2.3133,1.1934,20.0833,5.4667,5.0,2.0,3.0,1.0,2.2354,3.0,w
serie_a,2025,Sassuolo,5,2025-10-03 18:45:00,a,1.5058,0.811,0.562,0.811,11.2,8.0435,2.0,8.0,1.0,0.0,2.0519,3.0,w
serie_a,2025,Sassuolo,6,2025-10-18 13:00:00,a,0.7715,0.67,0.7715,0.67,10.4286,11.0952,2.0,3.0,0.0,0.0,1.45,1.0,d
serie_a,2025,Sassuolo,7,2025-10-26 13:00:00,h,0.9494,2.2597,0.9494,2.2597,12.0455,9.7222,9.0,9.0,0.0,1.0,0.519,0.0,l
serie_a,2025,Sassuolo,8,2025-10-30 16:30:00,a,0.9377,0.8452,0.9377,0.8452,12.1176,12.9412,8.0,3.0,2.0,1.0,1.4021,3.0,w
serie_a,2025,Sassuolo,9,2025-11-03 17:30:00,h,1.3164,1.8327,1.3164,1.8327,9.2105,15.9,6.0,3.0,1.0,2.0,0.9843,0.0,l
serie_a,2025,Sassuolo,10,2025-11-09 11:30:00,a,2.2013,0.7079,1.44,0.7079,20.2105,9.2857,4.0,8.0,3.0,0.0,2.5232,3.0,w
serie_a,2025,Sassuolo,11,2025-11-24 19:45:00,h,2.2134,1.386,2.2134,0.6247,9.7368,13.3889,15.0,2.0,2.0,2.0,2.0079,1.0,d
serie_a,2025,Sassuolo,12,2025-11-28 19:45:00,a,1.129,1.7343,1.129,1.7343,48.5556,15.3571,1.0,6.0,0.0,2.0,0.9283,0.0,l
serie_a,2025,Sassuolo,13,2025-12-06 14:00:00,h,1.6405,1.2066,1.6405,0.4453,17.9375,7.7826,8.0,3.0,3.0,1.0,1.7138,3.0,w
serie_a,2025,Sassuolo,14,2025-12-14 11:30:00,a,1.0284,1.8335,1.0284,1.8335,14.3182,10.4783,4.0,8.0,2.0,2.0,0.7725,1.0,d
serie_a,2025,Sassuolo,15,2025-12-21 14:00:00,h,0.5808,2.0,0.5808,1.2387,13.1667,8.2424,9.0,2.0,0.0,1.0,0.3279,0.0,l
serie_a,2025,Sassuolo,16,2025-12-28 17:00:00,a,1.5231,0.937,1.5231,0.937,10.5909,5.9429,4.0,5.0,1.0,1.0,1.8836,1.0,d
serie_a,2025,Sassuolo,17,2026-01-03 14:00:00,h,1.0095,1.1827,1.0095,1.1827,14.4444,11.6111,9.0,6.0,1.0,1.0,1.2336,1.0,d
serie_a,2025,Sassuolo,18,2026-01-06 19:45:00,h,0.2037,2.9078,0.2037,2.9078,46.1667,9.0,3.0,11.0,0.0,3.0,0.0429,0.0,l
serie_a,2025,Sassuolo,19,2026-01-10 17:00:00,a,0.8585,2.9584,0.8585,2.9584,12.32,5.4167,4.0,21.0,0.0,2.0,0.2407,0.0,l
serie_a,2025,Sassuolo,20,2026-01-17 17:00:00,a,1.1235,0.6052,1.1235,0.6052,15.5238,15.2222,5.0,4.0,0.0,1.0,1.7846,0.0,l
serie_a,2025,Sassuolo,21,2026-01-25 11:30:00,h,1.3787,0.8455,1.3787,0.8455,13.5294,9.1739,2.0,7.0,1.0,0.0,1.8267,3.0,w
serie_a,2025,Sassuolo,22,2026-01-31 14:00:00,a,2.2033,0.7736,2.2033,0.7736,14.0,10.0526,11.0,8.0,3.0,1.0,2.3496,3.0,w
serie_a,2025,Sassuolo,23,2026-02-08 17:00:00,h,0.7216,2.7511,0.7216,2.7511,38.6667,13.375,2.0,10.0,0.0,5.0,0.258,0.0,l
serie_a,2025,Sassuolo,24,2026-02-15 11:30:00,a,1.2471,0.4912,1.2471,0.4912,11.25,8.3448,4.0,7.0,2.0,1.0,2.0944,3.0,w
serie_a,2025,Sassuolo,25,2026-02-20 19:45:00,h,1.5871,0.6157,0.6801,0.6157,18.3125,11.7083,3.0,2.0,3.0,0.0,2.282,3.0,w
serie_a,2025,Sassuolo,26,2026-03-01 14:00:00,h,1.8113,3.7472,1.8113,3.7472,34.0,3.1724,5.0,27.0,2.0,1.0,0.3935,3.0,w
serie_a,2025,Sassuolo,27,2026-03-09 19:45:00,a,0.4532,2.4868,0.4532,2.4868,22.5714,41.75,5.0,6.0,1.0,2.0,0.1483,0.0,l
serie_a,2025,Sassuolo,28,2026-03-15 14:00:00,h,0.4271,0.731,0.4271,0.731,9.1111,14.0588,4.0,6.0,0.0,1.0,0.987,0.0,l
serie_a,2025,Sassuolo,29,2026-03-21 19:45:00,a,0.8455,2.2546,0.8455,1.4933,19.8571,7.7368,5.0,23.0,1.0,1.0,0.4313,1.0,d
serie_a,2025,Sassuolo,30,2026-04-04 13:00:00,h,0.4834,1.9012,0.4834,1.1399,16.7059,14.9412,6.0,5.0,2.0,1.0,0.3338,3.0,w
serie_a,2025,Sassuolo,31,2026-04-12 10:30:00,a,1.3964,1.3927,1.3964,1.3927,27.9,11.9545,7.0,6.0,1.0,2.0,1.332,0.0,l
serie_a,2025,Sassuolo,32,2026-04-17 16:30:00,h,1.3509,0.589,1.3509,0.589,15.9444,5.16,2.0,3.0,2.0,1.0,2.0253,3.0,w
serie_a,2025,Sassuolo,33,2026-04-26 10:30:00,a,0.5976,2.1901,0.5976,2.1901,12.2778,15.05,3.0,12.0,0.0,0.0,0.3535,1.0,d
serie_a,2025,Sassuolo,34,2026-05-03 13:00:00,h,2.235,0.2886,2.235,0.2886,12.1765,15.6522,10.0,3.0,2.0,0.0,2.8181,3.0,w
serie_a,2025,Sassuolo,35,2026-05-08 18:45:00,a,2.1704,3.0671,2.1704,3.0671,14.4211,17.1667,13.0,8.0,1.0,2.0,0.8366,0.0,l
serie_a,2025,Sassuolo,36,2026-05-17 18:45:00,h,3.0472,1.2955,3.0472,1.2955,4.4737,16.95,11.0,4.0,2.0,3.0,2.4719,0.0,l
serie_a,2025,Sassuolo,37,2026-05-24 13:00:00,a,1.0678,1.5129,1.0678,1.5129,10.1739,11.0526,3.0,4.0,0.0,1.0,1.0029,0.0,l
serie_a,2025,Napoli,0,2025-08-23 16:30:00,a,1.5546,0.2985,1.5546,0.2985,7.6429,15.4074,4.0,2.0,2.0,0.0,2.5018,3.0,w
serie_a,2025,Napoli,1,2025-08-30 18:45:00,h,1.7316,0.6441,1.7316,0.6441,9.2381,32.0,8.0,0.0,1.0,0.0,2.196,3.0,w
serie_a,2025,Napoli,2,2025-09-13 18:45:00,a,3.5538,1.391,2.7925,1.391,12.1304,9.92,8.0,6.0,3.0,1.0,2.6682,3.0,w
serie_a,2025,Napoli,3,2025-09-22 18:45:00,h,1.1861,2.5198,1.1861,1.7586,7.76,14.44,7.0,2.0,3.0,2.0,0.5029,3.0,w
serie_a,2025,Napoli,4,2025-09-28 18:45:00,a,2.2389,0.9526,1.4776,0.9526,13.4444,21.2857,4.0,4.0,1.0,2.0,2.3693,0.0,l
serie_a,2025,Napoli,5,2025-10-05 16:00:00,h,1.8792,0.6916,1.8792,0.6916,6.0952,13.7917,6.0,2.0,2.0,1.0,2.3226,3.0,w
serie_a,2025,Napoli,6,2025-10-18 16:00:00,a,1.7191,1.9082,1.7191,1.9082,8.8824,25.3846,9.0,2.0,0.0,1.0,1.1518,0.0,l
serie_a,2025,Napoli,7,2025-10-25 16:00:00,h,1.1863,2.0708,0.425,1.3095,22.7857,18.6364,9.0,7.0,3.0,1.0,0.656,3.0,w
serie_a,2025,Napoli,8,2025-10-28 16:30:00,a,0.9245,1.0293,0.9245,0.268,7.6296,11.9643,7.0,1.0,1.0,0.0,1.1777,3.0,w
serie_a,2025,Napoli,9,2025-11-01 17:00:00,h,0.7623,1.1701,0.7623,0.4019,10.6154,8.25,6.0,3.0,0.0,0.0,0.8885,1.0,d
serie_a,2025,Napoli,10,2025-11-09 14:00:00,a,0.195,1.6449,0.195,1.6449,10.2222,16.0,5.0,2.0,0.0,2.0,0.2444,0.0,l
serie_a,2025,Napoli,11,2025-11-22 19:45:00,h,2.0276,0.8258,2.0276,0.8258,17.4706,14.0526,3.0,7.0,3.0,1.0,2.3277,3.0,w
serie_a,2025,Napoli,12,2025-11-30 19:45:00,a,1.3311,0.6118,1.3311,0.6118,18.2941,9.56,2.0,5.0,1.0,0.0,2.0039,3.0,w
serie_a,2025,Napoli,13,2025-12-07 19:45:00,h,2.1655,0.2434,2.1655,0.2434,12.6,15.4118,1.0,5.0,2.0,1.0,2.7874,3.0,w
serie_a,2025,Napoli,14,2025-12-14 14:00:00,a,0.9314,1.8415,0.9314,1.8415,9.2667,10.1724,5.0,4.0,0.0,1.0,0.6705,0.0,l
serie_a,2025,Napoli,15,2025-12-28 14:00:00,a,2.854,0.2762,2.854,0.2762,20.25,12.5714,11.0,2.0,2.0,0.0,2.8703,3.0,w
serie_a,2025,Napoli,16,2026-01-04 11:30:00,a,2.425,0.4058,2.425,0.4058,9.9048,30.7333,4.0,3.0,2.0,0.0,2.7042,3.0,w
serie_a,2025,Napoli,17,2026-01-07 17:30:00,h,1.5729,1.2918,1.5729,0.5305,10.5714,16.913,5.0,2.0,2.0,2.0,1.5708,1.0,d
serie_a,2025,Napoli,18,2026-01-11 19:45:00,a,1.3842,1.6567,1.3842,0.8954,11.35,13.2083,4.0,13.0,2.0,2.0,1.1401,1.0,d
serie_a,2025,Napoli,19,2026-01-14 17:30:00,h,1.2967,0.2302,1.2967,0.2302,8.3913,38.25,11.0,4.0,0.0,0.0,2.3191,1.0,d
serie_a,2025,Napoli,20,2026-01-17 17:00:00,h,0.6052,1.1235,0.6052,1.1235,15.2222,15.5238,4.0,5.0,1.0,0.0,0.8936,3.0,w
serie_a,2025,Napoli,21,2026-01-25 17:00:00,a,0.4217,1.5468,0.4217,1.5468,11.9412,12.0606,10.0,11.0,0.0,3.0,0.4597,0.0,l
serie_a,2025,Napoli,22,2026-01-31 17:00:00,h,2.3962,1.812,2.3962,1.812,14.7895,22.0769,8.0,4.0,2.0,1.0,1.7746,3.0,w
serie_a,2025,Napoli,23,2026-02-07 17:00:00,a,1.8978,1.3246,1.1365,0.5633,9.9375,11.9643,5.0,4.0,3.0,2.0,1.8295,3.0,w
serie_a,2025,Napoli,24,2026-02-15 19:45:00,h,0.5247,1.9544,0.5247,1.1931,12.8235,14.0,6.0,4.0,2.0,2.0,0.3047,1.0,d
serie_a,2025,Napoli,25,2026-02-22 14:00:00,a,1.059,0.9622,1.059,0.9622,9.0769,9.56,5.0,6.0,1.0,2.0,1.4531,0.0,l
serie_a,2025,Napoli,26,2026-02-28 17:00:00,a,1.2135,0.2778,1.2135,0.2778,11.0588,17.2,10.0,3.0,2.0,1.0,2.2362,3.0,w
serie_a,2025,Napoli,27,2026-03-06 19:45:00,h,2.3201,0.6934,2.3201,0.6934,12.1667,31.3846,8.0,3.0,2.0,1.0,2.5404,3.0,w
serie_a,2025,Napoli,28,2026-03-14 17:00:00,h,1.1311,1.2269,1.1311,1.2269,5.8947,21.8889,7.0,1.0,2.0,1.0,1.2443,3.0,w
serie_a,2025,Napoli,29,2026-03-20 17:30:00,a,2.2739,0.2412,2.2739,0.2412,8.2273,20.2381,10.0,4.0,1.0,0.0,2.8599,3.0,w
serie_a,2025,Napoli,30,2026-04-06 18:45:00,h,0.8724,0.8106,0.8724,0.8106,28.2,23.4667,5.0,9.0,1.0,0.0,1.3474,3.0,w
serie_a,2025,Napoli,31,2026-04-12 13:00:00,a,1.3148,0.1547,1.3148,0.1547,6.619,55.8,24.0,0.0,1.0,1.0,2.3561,1.0,d
serie_a,2025,Napoli,32,2026-04-18 16:00:00,h,0.517,3.1646,0.517,2.278,11.6875,31.9231,8.0,6.0,0.0,2.0,0.0732,0.0,l
serie_a,2025,Napoli,33,2026-04-24 18:45:00,h,3.2406,0.4736,2.4793,0.4736,13.5789,19.0,7.0,1.0,4.0,0.0,2.8527,3.0,w
serie_a,2025,Napoli,34,2026-05-02 16:00:00,a,0.8473,1.7972,0.8473,1.7972,29.3333,11.087,6.0,4.0,0.0,0.0,0.5465,1.0,d
serie_a,2025,Napoli,35,2026-05-11 18:45:00,h,1.2274,1.1234,1.2274,0.3621,20.2143,17.4444,7.0,2.0,2.0,3.0,1.3803,0.0,l
serie_a,2025,Napoli,36,2026-05-17 10:30:00,a,1.4202,0.7213,1.4202,0.7213,10.5833,27.5882,9.0,2.0,3.0,0.0,1.9935,3.0,w
serie_a,2025,Napoli,37,2026-05-24 16:00:00,h,1.5585,0.5174,1.5585,0.5174,34.0,25.1667,5.0,3.0,1.0,0.0,2.2366,3.0,w
serie_a,2025,Inter,0,2025-08-25 18:45:00,h,2.6096,0.8162,2.6096,0.8162,8.1613,41.9,15.0,3.0,5.0,0.0,2.5177,3.0,w
serie_a,2025,Inter,1,2025-08-31 18:45:00,h,1.6717,1.2001,1.6717,0.4388,6.6111,20.3333,8.0,4.0,1.0,2.0,1.7571,0.0,l
serie_a,2025,Inter,2,2025-09-13 16:00:00,a,1.0163,0.7689,1.0163,0.7689,10.7,11.3684,10.0,4.0,3.0,4.0,1.5676,0.0,l
serie_a,2025,Inter,3,2025-09-21 18:45:00,h,3.1219,0.8508,3.1219,0.8508,7.6538,16.5333,18.0,2.0,2.0,1.0,2.6751,3.0,w
serie_a,2025,Inter,4,2025-09-27 18:45:00,a,3.9542,0.4752,3.9542,0.4752,9.1667,10.6,12.0,1.0,2.0,0.0,2.9311,3.0,w
serie_a,2025,Inter,5,2025-10-04 16:00:00,h,4.6523,0.6196,4.6523,0.6196,7.08,26.4167,18.0,3.0,4.0,1.0,2.9605,3.0,w
serie_a,2025,Inter,6,2025-10-18 18:45:00,a,0.9639,2.1538,0.9639,2.1538,8.7429,8.7917,5.0,4.0,1.0,0.0,0.5725,3.0,w
serie_a,2025,Inter,7,2025-10-25 16:00:00,a,2.0708,1.1863,1.3095,0.425,18.6364,22.7857,7.0,9.0,1.0,3.0,2.09,0.0,l
serie_a,2025,Inter,8,2025-10-29 18:45:00,h,2.8725,0.7419,2.1112,0.7419,9.0,13.4783,10.0,3.0,3.0,0.0,2.6692,3.0,w
serie_a,2025,Inter,9,2025-11-02 11:30:00,a,1.1502,0.3726,1.1502,0.3726,9.2308,20.0,12.0,3.0,2.0,1.0,2.0508,3.0,w
serie_a,2025,Inter,10,2025-11-09 19:45:00,h,1.7396,0.5493,1.7396,0.5493,7.25,18.6842,9.0,3.0,2.0,0.0,2.3755,3.0,w
serie_a,2025,Inter,11,2025-11-23 19:45:00,h,1.7445,0.8561,0.9832,0.8561,9.9091,21.8,14.0,3.0,0.0,1.0,2.1335,0.0,l
serie_a,2025,Inter,12,2025-11-30 14:00:00,a,2.0478,1.8072,2.0478,1.8072,8.8182,25.2,12.0,7.0,2.0,0.0,1.5414,3.0,w
serie_a,2025,Inter,13,2025-12-06 17:00:00,h,2.2656,0.9434,2.2656,0.9434,15.25,11.1579,4.0,2.0,4.0,0.0,2.3352,3.0,w
serie_a,2025,Inter,14,2025-12-14 17:00:00,a,2.0441,0.8953,2.0441,0.8953,5.7333,16.8824,7.0,3.0,2.0,1.0,2.2612,3.0,w
serie_a,2025,Inter,15,2025-12-28 19:45:00,a,1.6327,1.1692,1.6327,1.1692,8.3667,18.9412,10.0,3.0,1.0,0.0,1.7158,3.0,w
serie_a,2025,Inter,16,2026-01-04 19:45:00,h,4.2672,0.7829,4.2672,0.7829,7.1379,7.5,7.0,3.0,3.0,1.0,2.93,3.0,w
serie_a,2025,Inter,17,2026-01-07 19:45:00,a,3.0878,0.2611,3.0878,0.2611,6.6875,33.6667,18.0,0.0,2.0,0.0,2.8838,3.0,w
serie_a,2025,Inter,18,2026-01-11 19:45:00,h,1.6567,1.3842,0.8954,1.3842,13.2083,11.35,13.0,4.0,2.0,2.0,1.5613,1.0,d
serie_a,2025,Inter,19,2026-01-14 19:45:00,h,1.9168,0.4688,1.9168,0.4688,5.3182,19.5,12.0,2.0,1.0,0.0,2.4659,3.0,w
serie_a,2025,Inter,20,2026-01-17 14:00:00,a,2.1747,0.1308,2.1747,0.1308,9.12,15.5833,10.0,3.0,1.0,0.0,2.8004,3.0,w
serie_a,2025,Inter,21,2026-01-23 19:45:00,h,6.2437,0.4535,5.4824,0.4535,10.3125,7.7576,24.0,0.0,6.0,2.0,2.9965,3.0,w
serie_a,2025,Inter,22,2026-02-01 17:00:00,a,2.1831,0.5102,2.1831,0.5102,7.8947,14.7727,10.0,1.0,2.0,0.0,2.5486,3.0,w
serie_a,2025,Inter,23,2026-02-08 17:00:00,a,2.7511,0.7216,2.7511,0.7216,13.375,38.6667,10.0,2.0,5.0,0.0,2.6229,3.0,w
serie_a,2025,Inter,24,2026-02-14 19:45:00,h,2.4811,1.295,2.4811,1.295,8.1481,23.1818,15.0,4.0,3.0,2.0,2.1639,3.0,w
serie_a,2025,Inter,25,2026-02-21 17:00:00,a,2.6436,0.1279,2.6436,0.1279,8.2105,15.5217,10.0,2.0,2.0,0.0,2.8844,3.0,w
serie_a,2025,Inter,26,2026-02-28 19:45:00,h,2.1923,0.1708,1.431,0.1708,9.4828,10.24,15.0,6.0,2.0,0.0,2.8123,3.0,w
serie_a,2025,Inter,27,2026-03-08 19:45:00,a,1.444,0.852,1.444,0.852,9.8462,15.7222,13.0,3.0,0.0,1.0,1.8865,0.0,l
serie_a,2025,Inter,28,2026-03-14 14:00:00,h,2.0286,0.8671,2.0286,0.8671,14.0,26.4667,19.0,8.0,1.0,1.0,2.236,1.0,d
serie_a,2025,Inter,29,2026-03-22 19:45:00,a,1.4009,1.8143,1.4009,1.8143,10.75,17.9,8.0,6.0,1.0,1.0,1.0375,1.0,d
serie_a,2025,Inter,30,2026-04-05 18:45:00,h,2.2544,0.94,2.2544,0.94,11.4,14.0909,14.0,6.0,5.0,2.0,2.3239,3.0,w
serie_a,2025,Inter,31,2026-04-12 18:45:00,a,0.5075,3.2878,0.5075,2.5265,13.6842,9.5909,3.0,3.0,4.0,3.0,0.081,3.0,w
serie_a,2025,Inter,32,2026-04-17 18:45:00,h,2.3852,0.4822,2.3852,0.4822,10.5417,17.5,13.0,2.0,3.0,0.0,2.7173,3.0,w
serie_a,2025,Inter,33,2026-04-26 16:00:00,a,1.6479,2.4277,1.6479,1.6664,14.1538,24.2,10.0,4.0,2.0,2.0,0.8254,1.0,d
serie_a,2025,Inter,34,2026-05-03 18:45:00,h,2.0157,0.4522,2.0157,0.4522,14.65,24.9,16.0,3.0,2.0,0.0,2.5641,3.0,w
serie_a,2025,Inter,35,2026-05-09 16:00:00,a,2.1824,0.5021,2.1824,0.5021,12.0,29.2941,10.0,4.0,3.0,0.0,2.5724,3.0,w
serie_a,2025,Inter,36,2026-05-17 13:00:00,h,2.8414,0.9118,2.8414,0.9118,6.3529,19.3529,15.0,1.0,1.0,1.0,2.613,1.0,d
serie_a,2025,Inter,37,2026-05-23 16:00:00,a,1.1865,1.5968,1.1865,1.5968,19.1429,16.5238,11.0,3.0,3.0,3.0,1.0094,1.0,d
serie_a,2025,Atalanta,0,2025-08-24 18:45:00,h,2.047,1.029,2.047,1.029,14.1818,11.2963,13.0,4.0,1.0,1.0,2.132,1.0,d
serie_a,2025,Atalanta,1,2025-08-30 16:30:00,a,1.1973,0.7511,1.1973,0.7511,10.2941,9.76,13.0,3.0,1.0,1.0,1.7005,1.0,d
serie_a,2025,Atalanta,2,2025-09-14 13:00:00,h,2.6242,0.5324,2.6242,0.5324,7.75,18.2667,12.0,4.0,4.0,1.0,2.6961,3.0,w
serie_a,2025,Atalanta,3,2025-09-21 13:00:00,a,1.6772,1.3134,1.6772,0.4358,12.8421,15.9583,8.0,4.0,3.0,0.0,1.6585,3.0,w
serie_a,2025,Atalanta,4,2025-09-27 16:00:00,a,0.8853,1.8424,0.8853,1.8424,31.2727,9.0,1.0,10.0,1.0,1.0,0.6609,1.0,d
serie_a,2025,Atalanta,5,2025-10-04 18:45:00,h,1.7417,0.9591,1.7417,0.9591,9.8065,12.0417,13.0,4.0,1.0,1.0,1.9987,1.0,d
serie_a,2025,Atalanta,6,2025-10-19 16:00:00,h,2.3809,0.2203,2.3809,0.2203,11.7727,20.0,10.0,0.0,0.0,0.0,2.8697,1.0,d
serie_a,2025,Atalanta,7,2025-10-25 18:45:00,a,1.6237,0.9671,1.6237,0.9671,9.0714,23.8333,11.0,3.0,1.0,1.0,1.8684,1.0,d
serie_a,2025,Atalanta,8,2025-10-28 18:45:00,h,1.2817,0.6264,1.2817,0.6264,13.3158,19.5,6.0,4.0,1.0,1.0,1.8922,1.0,d
serie_a,2025,Atalanta,9,2025-11-01 14:00:00,a,0.2702,0.7073,0.2702,0.7073,11.1875,11.5667,5.0,3.0,0.0,1.0,0.8022,0.0,l
serie_a,2025,Atalanta,10,2025-11-09 11:30:00,h,0.7079,2.2013,0.7079,1.44,9.2857,20.2105,8.0,4.0,0.0,3.0,0.3305,0.0,l
serie_a,2025,Atalanta,11,2025-11-22 19:45:00,a,0.8258,2.0276,0.8258,2.0276,14.0526,17.4706,7.0,3.0,1.0,3.0,0.4812,0.0,l
serie_a,2025,Atalanta,12,2025-11-30 17:00:00,h,2.2903,2.0196,2.2903,2.0196,12.2,13.6471,13.0,5.0,2.0,0.0,1.5427,3.0,w
serie_a,2025,Atalanta,13,2025-12-06 19:45:00,a,1.7653,1.6024,1.004,1.6024,6.2632,11.5556,10.0,9.0,1.0,3.0,1.5084,0.0,l
serie_a,2025,Atalanta,14,2025-12-13 19:45:00,h,3.0856,0.5686,3.0856,0.5686,11.087,13.2609,9.0,5.0,2.0,1.0,2.8449,3.0,w
serie_a,2025,Atalanta,15,2025-12-21 19:45:00,a,1.7656,0.9677,1.7656,0.9677,3.6207,14.4286,4.0,4.0,1.0,0.0,1.971,3.0,w
serie_a,2025,Atalanta,16,2025-12-28 19:45:00,h,1.1692,1.6327,1.1692,1.6327,18.9412,8.3667,3.0,10.0,0.0,1.0,0.9946,0.0,l
serie_a,2025,Atalanta,17,2026-01-03 19:45:00,h,2.7364,1.0102,2.7364,1.0102,12.0909,6.8333,3.0,12.0,1.0,0.0,2.6352,3.0,w
serie_a,2025,Atalanta,18,2026-01-07 17:30:00,a,1.3334,1.1153,1.3334,1.1153,11.381,12.2667,9.0,2.0,2.0,0.0,1.5272,3.0,w
serie_a,2025,Atalanta,19,2026-01-10 19:45:00,h,2.5511,0.9459,2.5511,0.9459,8.1852,8.5667,13.0,9.0,2.0,0.0,2.4178,3.0,w
serie_a,2025,Atalanta,20,2026-01-16 19:45:00,a,1.7736,1.6369,1.7736,1.6369,8.3571,11.087,7.0,15.0,1.0,1.0,1.4905,1.0,d
serie_a,2025,Atalanta,21,2026-01-25 14:00:00,h,5.0189,1.8653,4.2576,1.8653,11.4,15.0588,15.0,6.0,4.0,0.0,2.8536,3.0,w
serie_a,2025,Atalanta,22,2026-02-01 14:00:00,a,0.785,5.9688,0.785,5.2075,25.8462,3.9048,1.0,22.0,0.0,0.0,0.0085,1.0,d
serie_a,2025,Atalanta,23,2026-02-09 17:30:00,h,3.1212,0.9148,3.1212,0.9148,14.6429,13.1905,7.0,4.0,2.0,1.0,2.6129,3.0,w
serie_a,2025,Atalanta,24,2026-02-14 17:00:00,a,1.8212,1.5437,1.0599,1.5437,14.35,16.7619,7.0,6.0,2.0,0.0,1.6253,3.0,w
serie_a,2025,Atalanta,25,2026-02-22 14:00:00,h,0.9622,1.059,0.9622,1.059,9.56,9.0769,6.0,5.0,2.0,1.0,1.2149,3.0,w
serie_a,2025,Atalanta,26,2026-03-01 14:00:00,a,3.7472,1.8113,3.7472,1.8113,3.1724,34.0,27.0,5.0,1.0,2.0,2.477,0.0,l
serie_a,2025,Atalanta,27,2026-03-07 17:00:00,h,1.9985,0.8601,1.9985,0.8601,6.5714,23.8,10.0,4.0,2.0,2.0,2.2017,1.0,d
serie_a,2025,Atalanta,28,2026-03-14 14:00:00,a,0.8671,2.0286,0.8671,2.0286,26.4667,14.0,8.0,19.0,1.0,1.0,0.5524,1.0,d
serie_a,2025,Atalanta,29,2026-03-22 14:00:00,h,1.7425,0.7658,1.7425,0.7658,9.0,12.0,8.0,5.0,1.0,0.0,2.1652,3.0,w
serie_a,2025,Atalanta,30,2026-04-06 13:00:00,a,2.8159,0.3643,2.8159,0.3643,5.75,10.84,16.0,6.0,3.0,0.0,2.7989,3.0,w
serie_a,2025,Atalanta,31,2026-04-11 18:45:00,h,1.8886,1.1868,1.8886,1.1868,12.2857,24.0833,15.0,8.0,0.0,1.0,1.8706,0.0,l
serie_a,2025,Atalanta,32,2026-04-18 18:45:00,a,0.6602,1.7094,0.6602,1.7094,16.0,17.9375,5.0,9.0,1.0,1.0,0.5638,1.0,d
serie_a,2025,Atalanta,33,2026-04-27 16:30:00,a,1.7579,2.0077,1.7579,2.0077,5.1538,32.5,12.0,2.0,2.0,3.0,1.1333,0.0,l
serie_a,2025,Atalanta,34,2026-05-02 18:45:00,h,1.6608,0.4388,1.6608,0.4388,5.6774,9.6,15.0,3.0,0.0,0.0,2.3574,1.0,d
serie_a,2025,Atalanta,35,2026-05-10 18:45:00,a,1.6075,2.284,1.6075,1.5227,11.9655,15.3125,12.0,8.0,3.0,2.0,0.8861,3.0,w
serie_a,2025,Atalanta,36,2026-05-17 16:00:00,h,0.8714,1.0656,0.8714,1.0656,6.9744,12.45,2.0,4.0,0.0,1.0,1.1455,0.0,l
serie_a,2025,Atalanta,37,2026-05-22 18:45:00,a,1.5866,1.1473,1.5866,1.1473,10.12,20.5,11.0,3.0,1.0,1.0,1.6922,1.0,d
serie_a,2025,Fiorentina,0,2025-08-24 16:30:00,a,1.1426,1.5174,1.1426,1.5174,9.6364,11.7083,3.0,6.0,1.0,1.0,1.0569,1.0,d
serie_a,2025,Fiorentina,1,2025-08-31 16:30:00,a,1.1886,1.0501,1.1886,1.0501,8.8235,12.1579,2.0,7.0,0.0,0.0,1.4423,1.0,d
serie_a,2025,Fiorentina,2,2025-09-13 18:45:00,h,1.391,3.5538,1.391,2.7925,9.92,12.1304,6.0,8.0,1.0,3.0,0.2418,0.0,l
serie_a,2025,Fiorentina,3,2025-09-21 16:00:00,h,0.4249,2.0951,0.4249,2.0951,9.2903,5.6333,1.0,7.0,1.0,2.0,0.2915,0.0,l
serie_a,2025,Fiorentina,4,2025-09-28 13:00:00,a,0.8401,0.5805,0.8401,0.5805,4.0714,8.7143,4.0,4.0,0.0,0.0,1.5492,1.0,d
serie_a,2025,Fiorentina,5,2025-10-05 13:00:00,h,1.1172,1.2251,1.1172,1.2251,13.0476,7.2903,2.0,8.0,1.0,2.0,1.1895,0.0,l
serie_a,2025,Fiorentina,6,2025-10-19 18:45:00,a,0.966,2.0185,0.966,1.2572,16.625,10.55,3.0,3.0,1.0,2.0,0.4671,0.0,l
serie_a,2025,Fiorentina,7,2025-10-26 16:00:00,h,3.879,0.8833,2.3565,0.8833,10.1111,9.05,3.0,6.0,2.0,2.0,2.9146,1.0,d
serie_a,2025,Fiorentina,8,2025-10-29 18:45:00,a,0.7419,2.8725,0.7419,2.1112,13.4783,9.0,3.0,10.0,0.0,3.0,0.2245,0.0,l
serie_a,2025,Fiorentina,9,2025-11-02 14:00:00,h,1.39,1.3239,1.39,1.3239,7.4118,11.12,9.0,0.0,0.0,1.0,1.361,0.0,l
serie_a,2025,Fiorentina,10,2025-11-09 14:00:00,a,1.3302,1.5888,0.5689,0.8275,11.1429,9.1724,4.0,2.0,2.0,2.0,1.1326,1.0,d
serie_a,2025,Fiorentina,11,2025-11-22 17:00:00,h,0.6593,1.6505,0.6593,1.6505,21.0714,11.2105,3.0,7.0,1.0,1.0,0.6211,1.0,d
serie_a,2025,Fiorentina,12,2025-11-30 17:00:00,a,2.0196,2.2903,2.0196,2.2903,13.6471,12.2,5.0,13.0,0.0,2.0,1.2163,0.0,l
serie_a,2025,Fiorentina,13,2025-12-06 14:00:00,a,1.2066,1.6405,0.4453,1.6405,7.7826,17.9375,3.0,8.0,1.0,3.0,0.9548,0.0,l
serie_a,2025,Fiorentina,14,2025-12-14 14:00:00,h,2.4178,1.5387,2.4178,1.5387,7.1667,8.7241,6.0,7.0,1.0,2.0,1.9998,0.0,l
serie_a,2025,Fiorentina,15,2025-12-21 17:00:00,h,3.2481,0.795,3.2481,0.795,11.1765,37.7778,9.0,2.0,5.0,1.0,2.7518,3.0,w
serie_a,2025,Fiorentina,16,2025-12-27 11:30:00,a,1.2463,1.2645,1.2463,1.2645,6.0741,16.4667,6.0,4.0,0.0,1.0,1.3408,0.0,l
serie_a,2025,Fiorentina,17,2026-01-04 14:00:00,h,2.2068,0.7529,2.2068,0.7529,10.75,14.2222,12.0,1.0,1.0,0.0,2.4973,3.0,w
serie_a,2025,Fiorentina,18,2026-01-07 19:45:00,a,1.5194,2.7081,0.7581,1.9468,14.8235,21.0667,5.0,11.0,2.0,2.0,0.5302,1.0,d
serie_a,2025,Fiorentina,19,2026-01-11 14:00:00,h,2.3803,2.0526,2.3803,2.0526,12.45,11.4545,7.0,7.0,1.0,1.0,1.5785,1.0,d
serie_a,2025,Fiorentina,20,2026-01-18 14:00:00,a,1.6456,1.344,1.6456,1.344,18.5,8.6667,4.0,8.0,2.0,1.0,1.6425,3.0,w
serie_a,2025,Fiorentina,21,2026-01-24 17:00:00,h,2.0916,1.279,2.0916,1.279,8.05,18.7059,6.0,2.0,1.0,2.0,1.9913,0.0,l
serie_a,2025,Fiorentina,22,2026-01-31 17:00:00,a,1.812,2.3962,1.812,2.3962,22.0769,14.7895,4.0,8.0,1.0,2.0,1.0021,0.0,l
serie_a,2025,Fiorentina,23,2026-02-07 19:45:00,h,1.272,1.0134,1.272,1.0134,26.6667,11.4615,9.0,7.0,2.0,2.0,1.5644,1.0,d
serie_a,2025,Fiorentina,24,2026-02-14 14:00:00,a,1.302,0.9026,0.5407,0.9026,29.0,4.9394,0.0,6.0,2.0,1.0,1.7792,3.0,w
serie_a,2025,Fiorentina,25,2026-02-23 17:30:00,h,1.7783,0.4321,1.7783,0.4321,25.2727,13.2917,1.0,5.0,1.0,0.0,2.4772,3.0,w
serie_a,2025,Fiorentina,26,2026-03-02 19:45:00,a,0.5854,2.0239,0.5854,1.2626,7.8,12.3793,2.0,2.0,0.0,3.0,0.3323,0.0,l
serie_a,2025,Fiorentina,27,2026-03-08 14:00:00,h,0.7585,0.2531,0.7585,0.2531,8.5833,10.3043,12.0,2.0,0.0,0.0,1.7963,1.0,d
serie_a,2025,Fiorentina,28,2026-03-16 19:45:00,a,1.1446,1.4737,1.1446,1.4737,16.0,10.6087,9.0,9.0,4.0,1.0,1.0903,3.0,w
serie_a,2025,Fiorentina,29,2026-03-22 19:45:00,h,1.8143,1.4009,1.8143,1.4009,17.9,10.75,6.0,8.0,1.0,1.0,1.6909,1.0,d
serie_a,2025,Fiorentina,30,2026-04-04 16:00:00,a,0.3087,0.9226,0.3087,0.9226,13.875,13.1429,3.0,8.0,1.0,0.0,0.743,3.0,w
serie_a,2025,Fiorentina,31,2026-04-13 18:45:00,h,0.422,1.2935,0.422,1.2935,31.0769,11.8421,2.0,2.0,1.0,0.0,0.6087,3.0,w
serie_a,2025,Fiorentina,32,2026-04-20 18:45:00,a,1.2646,1.8086,1.2646,1.8086,7.1905,8.75,2.0,6.0,1.0,1.0,0.8998,1.0,d
serie_a,2025,Fiorentina,33,2026-04-26 10:30:00,h,2.1901,0.5976,2.1901,0.5976,15.05,12.2778,12.0,3.0,0.0,0.0,2.4937,1.0,d
serie_a,2025,Fiorentina,34,2026-05-04 18:45:00,a,0.1322,2.8432,0.1322,2.8432,18.45,8.5185,4.0,8.0,0.0,4.0,0.0243,0.0,l
serie_a,2025,Fiorentina,35,2026-05-10 13:00:00,h,0.6752,0.5287,0.6752,0.5287,7.1429,8.1071,11.0,5.0,0.0,0.0,1.4317,1.0,d
serie_a,2025,Fiorentina,36,2026-05-17 10:30:00,a,0.5137,1.9629,0.5137,1.9629,11.75,9.3,5.0,17.0,2.0,0.0,0.4089,3.0,w
serie_a,2025,Fiorentina,37,2026-05-22 18:45:00,h,1.1473,1.5866,1.1473,1.5866,20.5,10.12,3.0,11.0,1.0,1.0,1.0418,1.0,d
serie_a,2025,AC Milan,0,2025-08-23 18:45:00,h,2.085,0.3636,2.085,0.3636,13.6471,17.4,19.0,0.0,1.0,2.0,2.6003,0.0,l
serie_a,2025,AC Milan,1,2025-08-29 18:45:00,a,2.1317,0.4817,2.1317,0.4817,21.4,21.7857,11.0,7.0,2.0,0.0,2.5508,3.0,w
serie_a,2025,AC Milan,2,2025-09-14 18:45:00,h,1.1554,0.1986,1.1554,0.1986,16.381,10.3158,7.0,2.0,1.0,0.0,2.2569,3.0,w
serie_a,2025,AC Milan,3,2025-09-20 18:45:00,a,1.7025,0.2984,1.7025,0.2984,15.3077,18.8636,10.0,5.0,3.0,0.0,2.493,3.0,w
serie_a,2025,AC Milan,4,2025-09-28 18:45:00,h,0.9526,2.2389,0.9526,1.4776,21.2857,13.4444,4.0,4.0,2.0,1.0,0.4448,3.0,w
serie_a,2025,AC Milan,5,2025-10-05 18:45:00,a,1.5571,0.5706,0.7958,0.5706,22.0769,21.4286,3.0,6.0,0.0,0.0,2.2261,1.0,d
serie_a,2025,AC Milan,6,2025-10-19 18:45:00,h,2.0185,0.966,1.2572,0.966,10.55,16.625,3.0,3.0,2.0,1.0,2.2794,3.0,w
serie_a,2025,AC Milan,7,2025-10-24 18:45:00,h,1.9723,1.2251,1.9723,0.4638,10.625,13.5833,15.0,4.0,2.0,2.0,1.9439,1.0,d
serie_a,2025,AC Milan,8,2025-10-28 18:45:00,a,0.6264,1.2817,0.6264,1.2817,19.5,13.3158,4.0,6.0,1.0,1.0,0.7927,1.0,d
serie_a,2025,AC Milan,9,2025-11-02 19:45:00,h,3.7642,1.9544,3.7642,1.1931,33.125,9.4,8.0,9.0,1.0,0.0,2.5067,3.0,w
serie_a,2025,AC Milan,10,2025-11-08 19:45:00,a,2.0547,1.4501,1.2934,1.4501,17.8667,19.7333,12.0,5.0,2.0,2.0,1.8427,1.0,d
serie_a,2025,AC Milan,11,2025-11-23 19:45:00,a,0.8561,1.7445,0.8561,0.9832,21.8,9.9091,3.0,14.0,1.0,0.0,0.5855,3.0,w
serie_a,2025,AC Milan,12,2025-11-29 19:45:00,h,1.4811,0.8996,1.4811,0.8996,15.0909,17.0,6.0,5.0,1.0,0.0,1.8413,3.0,w
serie_a,2025,AC Milan,13,2025-12-08 19:45:00,a,2.105,1.0101,2.105,0.2488,17.6,12.5769,9.0,4.0,3.0,2.0,2.2105,3.0,w
serie_a,2025,AC Milan,14,2025-12-14 11:30:00,h,1.8335,1.0284,1.8335,1.0284,10.4783,14.3182,8.0,4.0,2.0,2.0,1.9803,1.0,d
serie_a,2025,AC Milan,15,2025-12-28 11:30:00,h,2.8783,0.3278,2.117,0.3278,15.4,8.6207,3.0,1.0,3.0,0.0,2.9341,3.0,w
serie_a,2025,AC Milan,16,2026-01-02 19:45:00,a,0.8933,0.3083,0.8933,0.3083,10.9643,27.5833,10.0,4.0,1.0,0.0,1.8861,3.0,w
serie_a,2025,AC Milan,17,2026-01-08 19:45:00,h,2.1162,1.4374,2.1162,0.6762,8.88,38.5714,18.0,0.0,1.0,1.0,1.84,1.0,d
serie_a,2025,AC Milan,18,2026-01-11 14:00:00,a,2.0526,2.3803,2.0526,2.3803,11.4545,12.45,7.0,7.0,1.0,1.0,1.1864,1.0,d
serie_a,2025,AC Milan,19,2026-01-15 19:45:00,a,1.3926,1.8695,0.6313,1.8695,25.0625,9.2857,3.0,8.0,3.0,1.0,1.024,3.0,w
serie_a,2025,AC Milan,20,2026-01-18 19:45:00,h,3.1745,0.1816,3.1745,0.1816,9.4211,23.4737,13.0,1.0,1.0,0.0,2.9278,3.0,w
serie_a,2025,AC Milan,21,2026-01-25 19:45:00,a,0.5832,2.1357,0.5832,1.3744,16.2,8.8125,1.0,10.0,1.0,1.0,0.2991,1.0,d
serie_a,2025,AC Milan,22,2026-02-03 19:45:00,a,3.3577,0.4405,2.5964,0.4405,20.5833,11.0,4.0,10.0,3.0,0.0,2.9114,3.0,w
serie_a,2025,AC Milan,23,2026-02-13 19:45:00,a,2.1577,0.9373,1.3964,0.9373,11.625,27.2941,2.0,2.0,2.0,1.0,2.3455,3.0,w
serie_a,2025,AC Milan,24,2026-02-18 19:45:00,h,1.1702,1.6453,1.1702,1.6453,11.6,18.0526,1.0,8.0,1.0,1.0,0.9792,1.0,d
serie_a,2025,AC Milan,25,2026-02-22 17:00:00,h,1.6344,0.7601,1.6344,0.7601,6.7143,15.6429,20.0,1.0,0.0,1.0,2.0291,0.0,l
serie_a,2025,AC Milan,26,2026-03-01 11:30:00,a,3.8751,1.0839,3.8751,1.0839,10.7778,11.0,11.0,2.0,2.0,0.0,2.7647,3.0,w
serie_a,2025,AC Milan,27,2026-03-08 19:45:00,h,0.852,1.444,0.852,1.444,15.7222,9.8462,3.0,13.0,1.0,0.0,0.8398,3.0,w
serie_a,2025,AC Milan,28,2026-03-15 19:45:00,a,1.1618,0.5384,1.1618,0.5384,9.8077,23.4667,12.0,5.0,0.0,1.0,1.8828,0.0,l
serie_a,2025,AC Milan,29,2026-03-21 17:00:00,h,1.4434,2.3721,1.4434,1.6108,15.1818,21.8,11.0,3.0,3.0,2.0,0.6829,3.0,w
serie_a,2025,AC Milan,30,2026-04-06 18:45:00,a,0.8106,0.8724,0.8106,0.8724,23.4667,28.2,9.0,5.0,0.0,1.0,1.2967,0.0,l
serie_a,2025,AC Milan,31,2026-04-11 16:00:00,h,1.6274,1.566,1.6274,1.566,6.3913,11.4483,6.0,7.0,0.0,3.0,1.4247,0.0,l
serie_a,2025,AC Milan,32,2026-04-19 13:00:00,a,0.8307,0.7097,0.8307,0.7097,27.125,14.8947,5.0,2.0,1.0,0.0,1.4807,3.0,w
serie_a,2025,AC Milan,33,2026-04-26 18:45:00,h,0.6163,0.4497,0.6163,0.4497,19.9231,15.3158,7.0,2.0,0.0,0.0,1.4859,1.0,d
serie_a,2025,AC Milan,34,2026-05-03 13:00:00,a,0.2886,2.235,0.2886,2.235,15.6522,12.1765,3.0,10.0,0.0,2.0,0.1058,0.0,l
serie_a,2025,AC Milan,35,2026-05-10 18:45:00,h,2.284,1.6075,1.5227,1.6075,15.3125,11.9655,8.0,12.0,2.0,3.0,1.8692,0.0,l
serie_a,2025,AC Milan,36,2026-05-17 10:30:00,a,1.5542,1.6688,0.7929,1.6688,11.6818,9.3125,7.0,6.0,2.0,1.0,1.2582,3.0,w
serie_a,2025,AC Milan,37,2026-05-24 18:45:00,h,1.7595,3.4362,1.7595,3.4362,22.0667,22.1667,7.0,5.0,1.0,2.0,0.4546,0.0,l
serie_a,2025,Torino,0,2025-08-25 18:45:00,a,0.8162,2.6096,0.8162,2.6096,41.9,8.1613,3.0,15.0,0.0,5.0,0.3415,0.0,l
serie_a,2025,Torino,1,2025-08-31 16:30:00,h,1.0501,1.1886,1.0501,1.1886,12.1579,8.8235,7.0,2.0,0.0,0.0,1.2317,1.0,d
serie_a,2025,Torino,2,2025-09-14 10:30:00,a,0.8051,1.0294,0.8051,1.0294,22.2143,5.3684,2.0,6.0,1.0,0.0,1.17,3.0,w
serie_a,2025,Torino,3,2025-09-21 13:00:00,h,1.3134,1.6772,0.4358,1.6772,15.9583,12.8421,4.0,8.0,0.0,3.0,1.0063,0.0,l
serie_a,2025,Torino,4,2025-09-29 16:30:00,a,0.6608,1.4446,0.6608,0.6833,9.0,14.7647,6.0,1.0,1.0,2.0,0.6448,0.0,l
serie_a,2025,Torino,5,2025-10-04 13:00:00,a,2.1811,1.4507,2.1811,0.6895,7.0,10.875,9.0,3.0,3.0,3.0,1.923,1.0,d
serie_a,2025,Torino,6,2025-10-18 16:00:00,h,1.9082,1.7191,1.9082,1.7191,25.3846,8.8824,2.0,9.0,1.0,0.0,1.5664,3.0,w
serie_a,2025,Torino,7,2025-10-26 10:30:00,h,1.8196,1.9796,1.8196,1.9796,7.7727,21.5,6.0,7.0,2.0,1.0,1.2526,3.0,w
serie_a,2025,Torino,8,2025-10-29 18:45:00,a,0.7975,0.3322,0.7975,0.3322,20.4211,7.5294,4.0,6.0,0.0,0.0,1.8261,1.0,d
serie_a,2025,Torino,9,2025-11-02 14:00:00,h,1.2239,1.9033,1.2239,1.142,9.3529,21.2857,8.0,7.0,2.0,2.0,0.7653,1.0,d
serie_a,2025,Torino,10,2025-11-08 17:00:00,a,0.4056,1.9371,0.4056,1.9371,42.8,6.0714,2.0,4.0,0.0,0.0,0.3268,1.0,d
serie_a,2025,Torino,11,2025-11-24 17:30:00,h,1.4299,3.3791,0.6686,3.3791,15.4348,8.5263,4.0,12.0,1.0,5.0,0.3154,0.0,l
serie_a,2025,Torino,12,2025-11-30 11:30:00,a,2.0632,0.9486,1.3019,0.9486,6.2,10.0526,3.0,7.0,1.0,2.0,2.2569,0.0,l
serie_a,2025,Torino,13,2025-12-08 19:45:00,h,1.0101,2.105,0.2488,2.105,12.5769,17.6,4.0,9.0,2.0,3.0,0.5545,0.0,l
serie_a,2025,Torino,14,2025-12-13 14:00:00,h,1.946,0.7002,1.946,0.7002,7.9032,9.7143,5.0,3.0,1.0,0.0,2.3088,3.0,w
serie_a,2025,Torino,15,2025-12-21 14:00:00,a,2.0,0.5808,1.2387,0.5808,8.2424,13.1667,2.0,9.0,1.0,0.0,2.5056,3.0,w
serie_a,2025,Torino,16,2025-12-27 14:00:00,h,2.4609,0.9948,2.4609,0.9948,11.8947,15.2941,5.0,4.0,1.0,2.0,2.4024,0.0,l
serie_a,2025,Torino,17,2026-01-04 17:00:00,a,1.7029,0.2606,1.7029,0.2606,8.1304,9.4828,1.0,4.0,3.0,0.0,2.4999,3.0,w
serie_a,2025,Torino,18,2026-01-07 19:45:00,h,1.6739,2.3179,1.6739,2.3179,5.5,12.9444,5.0,7.0,1.0,2.0,0.8927,0.0,l
serie_a,2025,Torino,19,2026-01-10 19:45:00,a,0.9459,2.5511,0.9459,2.5511,8.5667,8.1852,9.0,13.0,0.0,2.0,0.4207,0.0,l
serie_a,2025,Torino,20,2026-01-18 17:00:00,h,0.3944,2.0274,0.3944,2.0274,8.7586,9.7857,7.0,10.0,0.0,2.0,0.2682,0.0,l
serie_a,2025,Torino,21,2026-01-24 14:00:00,a,0.3274,3.1534,0.3274,2.3921,17.3684,20.3636,1.0,7.0,0.0,6.0,0.0559,0.0,l
serie_a,2025,Torino,22,2026-02-01 11:30:00,h,2.4826,0.4685,2.4826,0.4685,10.1579,8.5238,5.0,2.0,1.0,0.0,2.6887,3.0,w
serie_a,2025,Torino,23,2026-02-07 19:45:00,a,1.0134,1.272,1.0134,1.272,11.4615,26.6667,7.0,9.0,2.0,2.0,1.1501,1.0,d
serie_a,2025,Torino,24,2026-02-15 17:00:00,h,0.3944,1.7123,0.3944,1.7123,11.4583,22.3636,2.0,9.0,1.0,2.0,0.4133,0.0,l
serie_a,2025,Torino,25,2026-02-22 11:30:00,a,0.5307,2.0631,0.5307,2.0631,18.9565,8.5417,4.0,3.0,0.0,3.0,0.3132,0.0,l
serie_a,2025,Torino,26,2026-03-01 17:00:00,h,1.0609,1.0587,1.0609,1.0587,15.6957,16.1,4.0,7.0,2.0,0.0,1.3373,3.0,w
serie_a,2025,Torino,27,2026-03-06 19:45:00,a,0.6934,2.3201,0.6934,2.3201,31.3846,12.1667,3.0,8.0,1.0,2.0,0.3144,0.0,l
serie_a,2025,Torino,28,2026-03-13 19:45:00,h,2.4432,0.5799,2.4432,0.5799,7.8667,14.4667,4.0,1.0,4.0,1.0,2.6937,3.0,w
serie_a,2025,Torino,29,2026-03-21 17:00:00,a,2.3721,1.4434,1.6108,1.4434,21.8,15.1818,3.0,11.0,2.0,3.0,2.1019,0.0,l
serie_a,2025,Torino,30,2026-04-05 16:00:00,a,1.7261,0.3094,1.7261,0.3094,11.2632,7.8571,5.0,5.0,1.0,0.0,2.6215,3.0,w
serie_a,2025,Torino,31,2026-04-11 13:00:00,h,1.1485,1.6755,1.1485,1.6755,12.1765,9.0455,4.0,6.0,2.0,1.0,0.9778,3.0,w
serie_a,2025,Torino,32,2026-04-19 10:30:00,a,0.159,0.8875,0.159,0.8875,21.7857,8.55,2.0,8.0,0.0,0.0,0.5697,1.0,d
serie_a,2025,Torino,33,2026-04-26 16:00:00,h,2.4277,1.6479,1.6664,1.6479,24.2,14.1538,4.0,10.0,2.0,2.0,1.9555,1.0,d
serie_a,2025,Torino,34,2026-05-02 13:00:00,a,0.8129,2.169,0.8129,2.169,8.3235,7.0,6.0,5.0,0.0,2.0,0.4072,0.0,l
serie_a,2025,Torino,35,2026-05-08 18:45:00,h,3.0671,2.1704,3.0671,2.1704,17.1667,14.4211,8.0,13.0,2.0,1.0,1.9562,3.0,w
serie_a,2025,Torino,36,2026-05-17 18:45:00,a,1.333,1.7588,1.333,1.7588,10.1304,14.5238,5.0,4.0,1.0,2.0,0.965,0.0,l
serie_a,2025,Torino,37,2026-05-24 18:45:00,h,0.9501,2.5343,0.9501,2.5343,18.6923,7.9524,2.0,7.0,2.0,2.0,0.4197,1.0,d
serie_a,2025,Cagliari,0,2025-08-24 16:30:00,h,1.5174,1.1426,1.5174,1.1426,11.7083,9.6364,6.0,3.0,1.0,1.0,1.6263,1.0,d
serie_a,2025,Cagliari,1,2025-08-30 18:45:00,a,0.6441,1.7316,0.6441,1.7316,32.0,9.2381,0.0,8.0,0.0,1.0,0.5751,0.0,l
serie_a,2025,Cagliari,2,2025-09-13 13:00:00,h,1.7694,1.9555,1.7694,1.9555,9.619,7.0811,4.0,7.0,2.0,0.0,1.2785,3.0,w
serie_a,2025,Cagliari,3,2025-09-19 18:45:00,a,2.2103,1.14,1.449,1.14,8.88,10.0909,10.0,4.0,2.0,1.0,2.2102,3.0,w
serie_a,2025,Cagliari,4,2025-09-27 18:45:00,h,0.4752,3.9542,0.4752,3.9542,10.6,9.1667,1.0,12.0,0.0,2.0,0.0427,0.0,l
serie_a,2025,Cagliari,5,2025-10-05 10:30:00,a,0.7891,2.9855,0.7891,2.9855,13.5,7.5238,2.0,9.0,1.0,1.0,0.2002,1.0,d
serie_a,2025,Cagliari,6,2025-10-19 13:00:00,h,0.3678,1.1584,0.3678,1.1584,14.7895,5.9375,3.0,3.0,0.0,2.0,0.5574,0.0,l
serie_a,2025,Cagliari,7,2025-10-26 13:00:00,a,0.8373,2.0369,0.8373,2.0369,7.5238,15.7917,2.0,2.0,2.0,2.0,0.4568,1.0,d
serie_a,2025,Cagliari,8,2025-10-30 16:30:00,h,0.8452,0.9377,0.8452,0.9377,12.9412,12.1176,3.0,8.0,1.0,2.0,1.2446,0.0,l
serie_a,2025,Cagliari,9,2025-11-03 19:45:00,a,1.4846,0.5877,1.4846,0.5877,12.0455,20.2857,5.0,0.0,0.0,2.0,2.1325,0.0,l
serie_a,2025,Cagliari,10,2025-11-08 14:00:00,a,0.6153,1.0497,0.6153,1.0497,27.6429,3.1944,2.0,5.0,0.0,0.0,0.8191,1.0,d
serie_a,2025,Cagliari,11,2025-11-22 14:00:00,h,1.3733,1.6156,1.3733,1.6156,7.8214,7.4,3.0,3.0,3.0,3.0,1.1464,1.0,d
serie_a,2025,Cagliari,12,2025-11-29 17:00:00,a,0.8911,1.5343,0.8911,1.5343,18.8421,10.129,2.0,10.0,1.0,2.0,0.8473,0.0,l
serie_a,2025,Cagliari,13,2025-12-07 14:00:00,h,1.4036,0.4517,1.4036,0.4517,9.5,9.9,4.0,7.0,1.0,0.0,2.1731,3.0,w
serie_a,2025,Cagliari,14,2025-12-13 19:45:00,a,0.5686,3.0856,0.5686,3.0856,13.2609,11.087,5.0,9.0,1.0,2.0,0.099,0.0,l
serie_a,2025,Cagliari,15,2025-12-21 11:30:00,h,1.2017,2.0253,1.2017,1.264,7.7647,8.3214,2.0,8.0,2.0,2.0,0.7671,1.0,d
serie_a,2025,Cagliari,16,2025-12-27 14:00:00,a,0.9948,2.4609,0.9948,2.4609,15.2941,11.8947,4.0,5.0,2.0,1.0,0.4212,3.0,w
serie_a,2025,Cagliari,17,2026-01-02 19:45:00,h,0.3083,0.8933,0.3083,0.8933,27.5833,10.9643,4.0,10.0,0.0,1.0,0.7335,0.0,l
serie_a,2025,Cagliari,18,2026-01-08 17:30:00,a,1.7826,2.2527,1.7826,2.2527,13.2778,17.9444,7.0,4.0,2.0,2.0,1.0431,1.0,d
serie_a,2025,Cagliari,19,2026-01-12 17:30:00,a,1.0068,1.2615,1.0068,1.2615,9.5769,13.8636,4.0,1.0,0.0,3.0,1.1094,0.0,l
serie_a,2025,Cagliari,20,2026-01-17 19:45:00,h,0.1761,0.8727,0.1761,0.8727,20.4667,4.3182,1.0,8.0,1.0,0.0,0.6156,3.0,w
serie_a,2025,Cagliari,21,2026-01-24 17:00:00,a,1.279,2.0916,1.279,2.0916,18.7059,8.05,2.0,6.0,2.0,1.0,0.7778,3.0,w
serie_a,2025,Cagliari,22,2026-01-31 19:45:00,h,1.9813,0.3748,1.9813,0.3748,23.7,13.9375,7.0,1.0,4.0,0.0,2.6815,3.0,w
serie_a,2025,Cagliari,23,2026-02-09 19:45:00,a,0.6131,2.2043,0.6131,2.2043,27.2,9.7059,1.0,4.0,0.0,2.0,0.2537,0.0,l
serie_a,2025,Cagliari,24,2026-02-16 19:45:00,h,1.4695,1.7636,1.4695,1.7636,8.1111,8.5667,2.0,4.0,0.0,2.0,1.1604,0.0,l
serie_a,2025,Cagliari,25,2026-02-21 19:45:00,h,0.7711,0.5207,0.7711,0.5207,25.5333,11.6552,5.0,7.0,0.0,0.0,1.5662,1.0,d
serie_a,2025,Cagliari,26,2026-02-27 19:45:00,a,0.6158,1.3126,0.6158,1.3126,39.2857,10.0,2.0,5.0,1.0,1.0,0.7441,1.0,d
serie_a,2025,Cagliari,27,2026-03-07 14:00:00,h,0.518,0.7638,0.518,0.7638,12.72,7.1,2.0,5.0,1.0,2.0,1.0421,0.0,l
serie_a,2025,Cagliari,28,2026-03-15 14:00:00,a,1.5233,2.9429,1.5233,2.1816,5.9474,20.5,4.0,5.0,1.0,3.0,0.4877,0.0,l
serie_a,2025,Cagliari,29,2026-03-20 17:30:00,h,0.2412,2.2739,0.2412,2.2739,20.2381,8.2273,4.0,10.0,0.0,1.0,0.0801,0.0,l
serie_a,2025,Cagliari,30,2026-04-04 13:00:00,a,1.9012,0.4834,1.1399,0.4834,14.9412,16.7059,5.0,6.0,1.0,2.0,2.5022,0.0,l
serie_a,2025,Cagliari,31,2026-04-11 13:00:00,h,1.431,0.2688,1.431,0.2688,14.28,6.4762,1.0,3.0,1.0,0.0,2.3882,3.0,w
serie_a,2025,Cagliari,32,2026-04-17 18:45:00,a,0.4822,2.3852,0.4822,2.3852,17.5,10.5417,2.0,13.0,0.0,3.0,0.1817,0.0,l
serie_a,2025,Cagliari,33,2026-04-27 16:30:00,h,2.0077,1.7579,2.0077,1.7579,32.5,5.1538,2.0,12.0,3.0,2.0,1.5959,3.0,w
serie_a,2025,Cagliari,34,2026-05-03 10:30:00,a,0.8719,0.6845,0.8719,0.6845,15.8235,6.3182,2.0,6.0,0.0,0.0,1.5339,1.0,d
serie_a,2025,Cagliari,35,2026-05-09 13:00:00,h,1.5652,2.3059,1.5652,2.3059,9.0,20.3529,13.0,6.0,0.0,2.0,0.8235,0.0,l
serie_a,2025,Cagliari,36,2026-05-17 18:45:00,h,1.7588,1.333,1.7588,1.333,14.5238,10.1304,4.0,5.0,2.0,1.0,1.7375,3.0,w
serie_a,2025,Cagliari,37,2026-05-24 18:45:00,a,3.4362,1.7595,3.4362,1.7595,22.1667,22.0667,5.0,7.0,2.0,1.0,2.3986,3.0,w
serie_a,2025,Parma Calcio 1913,0,2025-08-24 18:45:00,a,0.8156,2.742,0.8156,2.742,11.0,7.381,3.0,11.0,0.0,2.0,0.2411,0.0,l
serie_a,2025,Parma Calcio 1913,1,2025-08-30 16:30:00,h,0.7511,1.1973,0.7511,1.1973,9.76,10.2941,3.0,13.0,1.0,1.0,0.9361,1.0,d
serie_a,2025,Parma Calcio 1913,2,2025-09-13 13:00:00,a,1.9555,1.7694,1.9555,1.7694,7.0811,9.619,7.0,4.0,0.0,2.0,1.4576,0.0,l
serie_a,2025,Parma Calcio 1913,3,2025-09-21 13:00:00,a,0.902,0.1726,0.902,0.1726,11.8095,15.2857,4.0,2.0,0.0,0.0,2.0266,1.0,d
serie_a,2025,Parma Calcio 1913,4,2025-09-29 16:30:00,h,1.4446,0.6608,0.6833,0.6608,14.7647,9.0,1.0,6.0,2.0,1.0,2.0935,3.0,w
serie_a,2025,Parma Calcio 1913,5,2025-10-04 13:00:00,h,1.089,0.6225,1.089,0.6225,7.25,17.9333,5.0,3.0,0.0,1.0,1.7644,0.0,l
serie_a,2025,Parma Calcio 1913,6,2025-10-19 13:00:00,a,0.0545,2.2169,0.0545,1.4556,14.0,5.8571,0.0,6.0,0.0,0.0,0.0594,1.0,d
serie_a,2025,Parma Calcio 1913,7,2025-10-25 13:00:00,h,1.5665,0.3871,1.5665,0.3871,16.9565,4.1111,4.0,3.0,0.0,0.0,2.3873,1.0,d
serie_a,2025,Parma Calcio 1913,8,2025-10-29 16:30:00,a,1.178,1.1568,1.178,1.1568,19.4,8.1923,4.0,8.0,1.0,2.0,1.4103,0.0,l
serie_a,2025,Parma Calcio 1913,9,2025-11-02 17:00:00,h,0.6223,3.5175,0.6223,3.5175,8.7727,7.2,3.0,8.0,1.0,3.0,0.084,0.0,l
serie_a,2025,Parma Calcio 1913,10,2025-11-08 19:45:00,h,1.4501,2.0547,1.4501,1.2934,19.7333,17.8667,5.0,12.0,2.0,2.0,0.9016,1.0,d
serie_a,2025,Parma Calcio 1913,11,2025-11-23 11:30:00,a,1.5163,0.943,1.5163,0.943,14.75,4.9444,5.0,6.0,2.0,1.0,1.8249,3.0,w
serie_a,2025,Parma Calcio 1913,12,2025-11-29 14:00:00,h,1.0365,1.8735,1.0365,1.1122,17.4167,7.6,3.0,4.0,0.0,2.0,0.7122,0.0,l
serie_a,2025,Parma Calcio 1913,13,2025-12-08 14:00:00,a,1.4984,1.5687,0.7371,1.5687,26.75,7.5652,1.0,5.0,1.0,0.0,1.2795,3.0,w
serie_a,2025,Parma Calcio 1913,14,2025-12-13 17:00:00,h,1.0817,1.7657,1.0817,1.7657,15.2353,16.5,6.0,3.0,0.0,1.0,0.8101,0.0,l
serie_a,2025,Parma Calcio 1913,15,2025-12-27 11:30:00,h,1.2645,1.2463,1.2645,1.2463,16.4667,6.0741,4.0,6.0,1.0,0.0,1.3768,3.0,w
serie_a,2025,Parma Calcio 1913,16,2026-01-03 14:00:00,a,1.1827,1.0095,1.1827,1.0095,11.6111,14.4444,6.0,9.0,1.0,1.0,1.4664,1.0,d
serie_a,2025,Parma Calcio 1913,17,2026-01-07 19:45:00,h,0.2611,3.0878,0.2611,3.0878,33.6667,6.6875,0.0,18.0,0.0,2.0,0.0674,0.0,l
serie_a,2025,Parma Calcio 1913,18,2026-01-11 11:30:00,a,1.4639,0.8422,1.4639,0.8422,5.3704,11.8636,3.0,3.0,2.0,1.0,1.8984,3.0,w
serie_a,2025,Parma Calcio 1913,19,2026-01-14 17:30:00,a,0.2302,1.2967,0.2302,1.2967,38.25,8.3913,4.0,11.0,0.0,0.0,0.4225,1.0,d
serie_a,2025,Parma Calcio 1913,20,2026-01-18 11:30:00,h,0.4639,1.0747,0.4639,1.0747,12.7059,6.5455,5.0,3.0,0.0,0.0,0.777,1.0,d
serie_a,2025,Parma Calcio 1913,21,2026-01-25 14:00:00,a,1.8653,5.0189,1.8653,4.2576,15.0588,11.4,6.0,15.0,0.0,4.0,0.1011,0.0,l
serie_a,2025,Parma Calcio 1913,22,2026-02-01 19:45:00,h,0.5984,3.5194,0.5984,3.5194,13.4545,10.1905,5.0,15.0,1.0,4.0,0.0388,0.0,l
serie_a,2025,Parma Calcio 1913,23,2026-02-08 11:30:00,a,0.193,1.6466,0.193,1.6466,12.7692,19.3333,3.0,4.0,1.0,0.0,0.2476,3.0,w
serie_a,2025,Parma Calcio 1913,24,2026-02-15 14:00:00,h,2.1671,0.8561,2.1671,0.0948,4.619,14.8235,13.0,2.0,2.0,1.0,2.3862,3.0,w
serie_a,2025,Parma Calcio 1913,25,2026-02-22 17:00:00,a,0.7601,1.6344,0.7601,1.6344,15.6429,6.7143,1.0,20.0,1.0,0.0,0.7187,3.0,w
serie_a,2025,Parma Calcio 1913,26,2026-02-27 19:45:00,h,1.3126,0.6158,1.3126,0.6158,10.0,39.2857,5.0,2.0,1.0,1.0,1.9648,1.0,d
serie_a,2025,Parma Calcio 1913,27,2026-03-08 14:00:00,a,0.2531,0.7585,0.2531,0.7585,10.3043,8.5833,2.0,12.0,0.0,0.0,0.7655,1.0,d
serie_a,2025,Parma Calcio 1913,28,2026-03-13 19:45:00,a,0.5799,2.4432,0.5799,2.4432,14.4667,7.8667,1.0,4.0,1.0,4.0,0.1941,0.0,l
serie_a,2025,Parma Calcio 1913,29,2026-03-21 14:00:00,h,0.2878,0.7818,0.2878,0.7818,10.16,16.0667,1.0,1.0,0.0,2.0,0.7221,0.0,l
serie_a,2025,Parma Calcio 1913,30,2026-04-04 18:45:00,a,0.3606,0.2691,0.3606,0.2691,25.8889,10.04,1.0,5.0,1.0,1.0,1.3353,1.0,d
serie_a,2025,Parma Calcio 1913,31,2026-04-12 13:00:00,h,0.1547,1.3148,0.1547,1.3148,55.8,6.619,0.0,24.0,1.0,1.0,0.3755,1.0,d
serie_a,2025,Parma Calcio 1913,32,2026-04-18 13:00:00,a,1.396,1.3511,1.396,1.3511,11.3125,7.963,4.0,9.0,1.0,0.0,1.3722,3.0,w
serie_a,2025,Parma Calcio 1913,33,2026-04-25 13:00:00,h,1.3107,1.5639,1.3107,1.5639,12.0476,8.5,7.0,6.0,1.0,0.0,1.1391,3.0,w
serie_a,2025,Parma Calcio 1913,34,2026-05-03 18:45:00,a,0.4522,2.0157,0.4522,2.0157,24.9,14.65,3.0,16.0,0.0,2.0,0.2781,0.0,l
serie_a,2025,Parma Calcio 1913,35,2026-05-10 16:00:00,h,0.6362,3.0208,0.6362,2.2595,13.3889,7.0952,6.0,12.0,2.0,3.0,0.1437,0.0,l
serie_a,2025,Parma Calcio 1913,36,2026-05-17 10:30:00,a,0.483,2.7209,0.483,2.7209,8.8,5.4444,0.0,10.0,0.0,1.0,0.1623,0.0,l
serie_a,2025,Parma Calcio 1913,37,2026-05-24 13:00:00,h,1.5129,1.0678,1.5129,1.0678,11.0526,10.1739,4.0,3.0,1.0,0.0,1.698,3.0,w
serie_a,2025,Lecce,0,2025-08-23 16:30:00,a,0.5509,0.5656,0.5509,0.5656,8.0588,5.4348,4.0,3.0,0.0,0.0,1.2407,1.0,d
serie_a,2025,Lecce,1,2025-08-29 18:45:00,h,0.4817,2.1317,0.4817,2.1317,21.7857,21.4,7.0,11.0,0.0,2.0,0.3023,0.0,l
serie_a,2025,Lecce,2,2025-09-14 13:00:00,a,0.5324,2.6242,0.5324,2.6242,18.2667,7.75,4.0,12.0,1.0,4.0,0.2049,0.0,l
serie_a,2025,Lecce,3,2025-09-19 18:45:00,h,1.14,2.2103,1.14,1.449,10.0909,8.88,4.0,10.0,1.0,2.0,0.5752,0.0,l
serie_a,2025,Lecce,4,2025-09-28 16:00:00,h,2.0902,1.5908,2.0902,0.8295,13.6957,4.9167,6.0,8.0,2.0,2.0,1.7631,1.0,d
serie_a,2025,Lecce,5,2025-10-04 13:00:00,a,0.6225,1.089,0.6225,1.089,17.9333,7.25,3.0,5.0,1.0,0.0,0.9052,3.0,w
serie_a,2025,Lecce,6,2025-10-18 13:00:00,h,0.67,0.7715,0.67,0.7715,11.0952,10.4286,3.0,2.0,0.0,0.0,1.1698,1.0,d
serie_a,2025,Lecce,7,2025-10-25 13:00:00,a,0.3736,1.5158,0.3736,1.5158,5.9375,9.037,0.0,7.0,2.0,3.0,0.4149,0.0,l
serie_a,2025,Lecce,8,2025-10-28 16:30:00,h,1.0293,0.9245,0.268,0.9245,11.9643,7.6296,1.0,7.0,0.0,1.0,1.4753,0.0,l
serie_a,2025,Lecce,9,2025-11-02 14:00:00,a,1.3239,1.39,1.3239,1.39,11.12,7.4118,0.0,9.0,1.0,0.0,1.3508,3.0,w
serie_a,2025,Lecce,10,2025-11-08 14:00:00,h,0.555,0.6919,0.555,0.6919,5.4091,6.8929,3.0,5.0,0.0,0.0,1.1031,1.0,d
serie_a,2025,Lecce,11,2025-11-23 17:00:00,a,0.5447,1.4949,0.5447,1.4949,23.8,10.35,2.0,10.0,0.0,2.0,0.5979,0.0,l
serie_a,2025,Lecce,12,2025-11-30 11:30:00,h,0.9486,2.0632,0.9486,1.3019,10.0526,6.2,7.0,3.0,2.0,1.0,0.5316,3.0,w
serie_a,2025,Lecce,13,2025-12-07 11:30:00,a,1.3753,2.0825,1.3753,1.3212,5.7742,8.7222,4.0,4.0,0.0,2.0,0.7921,0.0,l
serie_a,2025,Lecce,14,2025-12-12 19:45:00,h,2.7999,0.3037,2.7999,0.3037,9.0833,29.4286,7.0,3.0,1.0,0.0,2.8471,3.0,w
serie_a,2025,Lecce,15,2025-12-27 14:00:00,h,1.1544,2.3335,1.1544,2.3335,10.8621,4.6154,4.0,7.0,0.0,3.0,0.5089,0.0,l
serie_a,2025,Lecce,16,2026-01-03 17:00:00,a,0.1763,3.5939,0.1763,2.8327,19.75,6.3043,0.0,20.0,1.0,1.0,0.0185,1.0,d
serie_a,2025,Lecce,17,2026-01-06 17:00:00,h,0.6047,1.8916,0.6047,1.8916,8.6818,6.0606,2.0,5.0,0.0,2.0,0.3686,0.0,l
serie_a,2025,Lecce,18,2026-01-11 11:30:00,h,0.8422,1.4639,0.8422,1.4639,11.8636,5.3704,3.0,3.0,1.0,2.0,0.8271,0.0,l
serie_a,2025,Lecce,19,2026-01-14 19:45:00,a,0.4688,1.9168,0.4688,1.9168,19.5,5.3182,2.0,12.0,0.0,1.0,0.3629,0.0,l
serie_a,2025,Lecce,20,2026-01-18 19:45:00,a,0.1816,3.1745,0.1816,3.1745,23.4737,9.4211,1.0,13.0,0.0,1.0,0.0409,0.0,l
serie_a,2025,Lecce,21,2026-01-24 19:45:00,h,0.601,0.717,0.601,0.717,10.8529,13.0,4.0,3.0,0.0,0.0,1.146,1.0,d
serie_a,2025,Lecce,22,2026-02-01 11:30:00,a,0.4685,2.4826,0.4685,2.4826,8.5238,10.1579,2.0,5.0,0.0,1.0,0.2113,0.0,l
serie_a,2025,Lecce,23,2026-02-08 14:00:00,h,2.1862,0.895,2.1862,0.1337,7.0,6.1852,7.0,4.0,2.0,1.0,2.3838,3.0,w
serie_a,2025,Lecce,24,2026-02-16 19:45:00,a,1.7636,1.4695,1.7636,1.4695,8.5667,8.1111,4.0,2.0,2.0,0.0,1.5696,3.0,w
serie_a,2025,Lecce,25,2026-02-21 17:00:00,h,0.1279,2.6436,0.1279,2.6436,15.5217,8.2105,2.0,10.0,0.0,2.0,0.0668,0.0,l
serie_a,2025,Lecce,26,2026-02-28 14:00:00,a,0.425,2.9862,0.425,2.9862,22.2632,6.5238,0.0,6.0,1.0,3.0,0.1006,0.0,l
serie_a,2025,Lecce,27,2026-03-08 11:30:00,h,1.7671,0.7914,1.0057,0.7914,7.0,3.8889,6.0,5.0,2.0,1.0,2.2236,3.0,w
serie_a,2025,Lecce,28,2026-03-14 17:00:00,a,1.2269,1.1311,1.2269,1.1311,21.8889,5.8947,1.0,7.0,1.0,2.0,1.4348,0.0,l
serie_a,2025,Lecce,29,2026-03-22 17:00:00,a,0.807,1.0936,0.807,1.0936,10.5806,7.7368,4.0,10.0,0.0,1.0,1.1173,0.0,l
serie_a,2025,Lecce,30,2026-04-06 13:00:00,h,0.3643,2.8159,0.3643,2.8159,10.84,5.75,6.0,16.0,0.0,3.0,0.1271,0.0,l
serie_a,2025,Lecce,31,2026-04-12 16:00:00,a,0.5364,2.5824,0.5364,2.5824,11.72,6.6957,3.0,8.0,0.0,2.0,0.1141,0.0,l
serie_a,2025,Lecce,32,2026-04-20 18:45:00,h,1.8086,1.2646,1.8086,1.2646,8.75,7.1905,6.0,2.0,1.0,1.0,1.8013,1.0,d
serie_a,2025,Lecce,33,2026-04-25 18:45:00,a,1.206,0.2493,1.206,0.2493,6.0,9.35,3.0,4.0,0.0,0.0,2.2428,1.0,d
serie_a,2025,Lecce,34,2026-05-01 18:45:00,a,1.3594,2.0672,1.3594,2.0672,9.1154,6.1,5.0,5.0,2.0,1.0,0.8171,3.0,w
serie_a,2025,Lecce,35,2026-05-09 18:45:00,h,0.608,1.957,0.608,1.957,12.6667,4.7857,3.0,11.0,0.0,1.0,0.4509,0.0,l
serie_a,2025,Lecce,36,2026-05-17 18:45:00,a,1.2955,3.0472,1.2955,3.0472,16.95,4.4737,4.0,11.0,3.0,2.0,0.3923,3.0,w
serie_a,2025,Lecce,37,2026-05-24 18:45:00,h,2.2139,0.7823,2.2139,0.7823,24.3571,8.2,3.0,4.0,1.0,0.0,2.4473,3.0,w
serie_a,2025,Cremonese,0,2025-08-23 18:45:00,a,0.3636,2.085,0.3636,2.085,17.4,13.6471,0.0,19.0,2.0,1.0,0.2555,3.0,w
serie_a,2025,Cremonese,1,2025-08-29 16:30:00,h,3.5295,1.3298,2.7682,0.5685,13.8182,9.7,2.0,6.0,3.0,2.0,2.7855,3.0,w
serie_a,2025,Cremonese,2,2025-09-15 16:30:00,a,0.1663,1.8883,0.1663,1.8883,20.7273,11.7857,1.0,3.0,0.0,0.0,0.1939,1.0,d
serie_a,2025,Cremonese,3,2025-09-21 13:00:00,h,0.1726,0.902,0.1726,0.902,15.2857,11.8095,2.0,4.0,0.0,0.0,0.5848,1.0,d
serie_a,2025,Cremonese,4,2025-09-27 13:00:00,a,0.5646,1.4403,0.5646,1.4403,17.1765,6.8846,2.0,3.0,1.0,1.0,0.6134,1.0,d
serie_a,2025,Cremonese,5,2025-10-04 16:00:00,a,0.6196,4.6523,0.6196,4.6523,26.4167,7.08,3.0,18.0,1.0,4.0,0.0238,0.0,l
serie_a,2025,Cremonese,6,2025-10-20 18:45:00,h,1.2288,0.9626,1.2288,0.9626,7.7826,9.2273,1.0,7.0,1.0,1.0,1.6079,1.0,d
serie_a,2025,Cremonese,7,2025-10-25 18:45:00,h,0.9671,1.6237,0.9671,1.6237,23.8333,9.0714,3.0,11.0,1.0,1.0,0.8469,1.0,d
serie_a,2025,Cremonese,8,2025-10-29 18:45:00,a,1.5797,1.3491,1.5797,1.3491,7.3077,4.4375,3.0,6.0,2.0,0.0,1.5312,3.0,w
serie_a,2025,Cremonese,9,2025-11-01 19:45:00,h,0.6114,2.614,0.6114,2.614,11.8571,21.1333,3.0,9.0,1.0,2.0,0.2061,0.0,l
serie_a,2025,Cremonese,10,2025-11-07 19:45:00,a,1.2312,1.4511,1.2312,1.4511,6.6923,12.7273,8.0,6.0,0.0,1.0,1.1689,0.0,l
serie_a,2025,Cremonese,11,2025-11-23 14:00:00,h,1.2562,1.7318,1.2562,1.7318,9.8636,12.75,6.0,12.0,1.0,3.0,1.0074,0.0,l
serie_a,2025,Cremonese,12,2025-12-01 19:45:00,a,2.3353,2.1171,2.3353,1.3558,18.1429,4.1034,2.0,9.0,3.0,1.0,1.5703,3.0,w
serie_a,2025,Cremonese,13,2025-12-07 11:30:00,h,2.0825,1.3753,1.3212,1.3753,8.7222,5.7742,4.0,4.0,2.0,0.0,1.9513,3.0,w
serie_a,2025,Cremonese,14,2025-12-13 14:00:00,a,0.7002,1.946,0.7002,1.946,9.7143,7.9032,3.0,5.0,0.0,1.0,0.4902,0.0,l
serie_a,2025,Cremonese,15,2025-12-20 17:00:00,a,0.7097,0.4328,0.7097,0.4328,15.7727,11.68,1.0,3.0,0.0,0.0,1.6252,1.0,d
serie_a,2025,Cremonese,16,2025-12-28 14:00:00,h,0.2762,2.854,0.2762,2.854,12.5714,20.25,2.0,11.0,0.0,2.0,0.0779,0.0,l
serie_a,2025,Cremonese,17,2026-01-04 14:00:00,a,0.7529,2.2068,0.7529,2.2068,14.2222,10.75,1.0,12.0,0.0,1.0,0.307,0.0,l
serie_a,2025,Cremonese,18,2026-01-08 17:30:00,h,2.2527,1.7826,2.2527,1.7826,17.9444,13.2778,4.0,7.0,2.0,2.0,1.731,1.0,d
serie_a,2025,Cremonese,19,2026-01-12 19:45:00,a,1.1134,3.2309,1.1134,2.3346,41.75,9.7692,3.0,13.0,0.0,5.0,0.235,0.0,l
serie_a,2025,Cremonese,20,2026-01-19 17:30:00,h,0.4521,0.4875,0.4521,0.4875,10.125,13.4762,2.0,5.0,0.0,0.0,1.2334,1.0,d
serie_a,2025,Cremonese,21,2026-01-25 11:30:00,a,0.8455,1.3787,0.8455,1.3787,9.1739,13.5294,7.0,2.0,0.0,1.0,0.8547,0.0,l
serie_a,2025,Cremonese,22,2026-02-01 17:00:00,h,0.5102,2.1831,0.5102,2.1831,14.7727,7.8947,1.0,10.0,0.0,2.0,0.3043,0.0,l
serie_a,2025,Cremonese,23,2026-02-09 17:30:00,a,0.9148,3.1212,0.9148,3.1212,13.1905,14.6429,4.0,7.0,1.0,2.0,0.2783,0.0,l
serie_a,2025,Cremonese,24,2026-02-15 14:00:00,h,1.3472,1.3351,1.3472,1.3351,18.8889,6.2778,6.0,9.0,0.0,0.0,1.3709,1.0,d
serie_a,2025,Cremonese,25,2026-02-22 19:45:00,a,0.2807,2.5819,0.2807,2.5819,18.0769,9.0476,0.0,7.0,0.0,3.0,0.1282,0.0,l
serie_a,2025,Cremonese,26,2026-03-01 11:30:00,h,1.0839,3.8751,1.0839,3.8751,11.0,10.7778,2.0,11.0,0.0,2.0,0.1685,0.0,l
serie_a,2025,Cremonese,27,2026-03-08 11:30:00,a,0.7914,1.7671,0.7914,1.0057,3.8889,7.0,5.0,6.0,1.0,2.0,0.5526,0.0,l
serie_a,2025,Cremonese,28,2026-03-16 19:45:00,h,1.4737,1.1446,1.4737,1.1446,10.6087,16.0,9.0,9.0,1.0,4.0,1.6261,0.0,l
serie_a,2025,Cremonese,29,2026-03-21 14:00:00,a,0.7818,0.2878,0.7818,0.2878,16.0667,10.16,1.0,1.0,2.0,0.0,1.875,3.0,w
serie_a,2025,Cremonese,30,2026-04-05 13:00:00,h,1.3964,1.5897,0.6351,1.5897,20.0,9.8095,0.0,6.0,1.0,2.0,1.2007,0.0,l
serie_a,2025,Cremonese,31,2026-04-11 13:00:00,a,0.2688,1.431,0.2688,1.431,6.4762,14.28,3.0,1.0,0.0,1.0,0.3788,0.0,l
serie_a,2025,Cremonese,32,2026-04-19 10:30:00,h,0.8875,0.159,0.8875,0.159,8.55,21.7857,8.0,2.0,0.0,0.0,2.0487,1.0,d
serie_a,2025,Cremonese,33,2026-04-24 18:45:00,a,0.4736,3.2406,0.4736,2.4793,19.0,13.5789,1.0,7.0,0.0,4.0,0.09,0.0,l
serie_a,2025,Cremonese,34,2026-05-04 16:30:00,h,0.5505,0.9875,0.5505,0.9875,18.0455,19.8667,1.0,4.0,1.0,2.0,0.8633,0.0,l
serie_a,2025,Cremonese,35,2026-05-10 13:00:00,h,1.2674,0.0,1.2674,0.0,6.1818,23.0556,3.0,0.0,3.0,0.0,2.5724,3.0,w
serie_a,2025,Cremonese,36,2026-05-17 18:45:00,a,0.6712,0.2706,0.6712,0.2706,20.1176,9.8824,0.0,3.0,1.0,0.0,1.8276,3.0,w
serie_a,2025,Cremonese,37,2026-05-24 18:45:00,h,0.9772,2.6911,0.2159,1.9298,22.5,7.0588,0.0,6.0,1.0,4.0,0.2491,0.0,l
serie_a,2025,Como,0,2025-08-24 16:30:00,h,1.2848,0.203,1.2848,0.203,5.7714,13.0385,5.0,2.0,2.0,0.0,2.3154,3.0,w
serie_a,2025,Como,1,2025-08-30 16:30:00,a,0.5216,1.5158,0.5216,1.5158,4.6429,13.1739,7.0,3.0,0.0,1.0,0.535,0.0,l
serie_a,2025,Como,2,2025-09-15 18:45:00,h,1.5647,2.5429,1.5647,2.5429,8.1724,7.8919,4.0,6.0,1.0,1.0,0.6414,1.0,d
serie_a,2025,Como,3,2025-09-21 16:00:00,a,2.0951,0.4249,2.0951,0.4249,5.6333,9.2903,7.0,1.0,2.0,1.0,2.5574,3.0,w
serie_a,2025,Como,4,2025-09-27 13:00:00,h,1.4403,0.5646,1.4403,0.5646,6.8846,17.1765,3.0,2.0,1.0,1.0,2.1215,1.0,d
serie_a,2025,Como,5,2025-10-04 18:45:00,a,0.9591,1.7417,0.9591,1.7417,12.0417,9.8065,4.0,13.0,1.0,1.0,0.7381,1.0,d
serie_a,2025,Como,6,2025-10-19 10:30:00,h,1.6879,0.9647,1.6879,0.9647,8.5294,6.7,5.0,7.0,2.0,0.0,1.9762,3.0,w
serie_a,2025,Como,7,2025-10-25 13:00:00,a,0.3871,1.5665,0.3871,1.5665,4.1111,16.9565,3.0,4.0,0.0,0.0,0.4004,1.0,d
serie_a,2025,Como,8,2025-10-29 16:30:00,h,1.7428,1.6994,1.7428,1.6994,4.6818,12.2222,4.0,7.0,3.0,1.0,1.3956,3.0,w
serie_a,2025,Como,9,2025-11-01 17:00:00,a,1.1701,0.7623,0.4019,0.7623,8.25,10.6154,3.0,6.0,0.0,0.0,1.7828,1.0,d
serie_a,2025,Como,10,2025-11-08 14:00:00,h,1.0497,0.6153,1.0497,0.6153,3.1944,27.6429,5.0,2.0,0.0,0.0,1.828,1.0,d
serie_a,2025,Como,11,2025-11-24 17:30:00,a,3.3791,1.4299,3.3791,0.6686,8.5263,15.4348,12.0,4.0,5.0,1.0,2.5558,3.0,w
serie_a,2025,Como,12,2025-11-28 19:45:00,h,1.7343,1.129,1.7343,1.129,15.3571,48.5556,6.0,1.0,2.0,0.0,1.8223,3.0,w
serie_a,2025,Como,13,2025-12-06 17:00:00,a,0.9434,2.2656,0.9434,2.2656,11.1579,15.25,2.0,4.0,0.0,4.0,0.4773,0.0,l
serie_a,2025,Como,14,2025-12-15 19:45:00,a,0.6359,1.6556,0.6359,1.6556,12.2778,6.1818,5.0,17.0,0.0,1.0,0.5942,0.0,l
serie_a,2025,Como,15,2025-12-27 14:00:00,a,2.3335,1.1544,2.3335,1.1544,4.6154,10.8621,7.0,4.0,3.0,0.0,2.2864,3.0,w
serie_a,2025,Como,16,2026-01-03 11:30:00,h,2.3835,0.245,1.6222,0.245,5.575,14.9524,10.0,3.0,1.0,0.0,2.8241,3.0,w
serie_a,2025,Como,17,2026-01-06 14:00:00,a,2.1036,1.7118,1.3423,0.9505,3.4643,24.2143,7.0,3.0,3.0,0.0,1.6762,3.0,w
serie_a,2025,Como,18,2026-01-10 14:00:00,h,1.1392,1.5489,1.1392,1.5489,8.2857,18.4,4.0,4.0,1.0,1.0,0.9492,1.0,d
serie_a,2025,Como,19,2026-01-15 19:45:00,h,1.8695,1.3926,1.8695,0.6313,9.2857,25.0625,8.0,3.0,1.0,3.0,1.7008,0.0,l
serie_a,2025,Como,20,2026-01-19 19:45:00,a,2.2839,0.4653,1.5226,0.4653,12.5238,23.9167,5.0,2.0,3.0,0.0,2.7011,3.0,w
serie_a,2025,Como,21,2026-01-24 14:00:00,h,3.1534,0.3274,2.3921,0.3274,20.3636,17.3684,7.0,1.0,6.0,0.0,2.9098,3.0,w
serie_a,2025,Como,22,2026-02-01 14:00:00,h,5.9688,0.785,5.2075,0.785,3.9048,25.8462,22.0,1.0,0.0,0.0,2.9875,1.0,d
serie_a,2025,Como,23,2026-02-14 14:00:00,h,0.9026,1.302,0.9026,0.5407,4.9394,29.0,6.0,0.0,1.0,2.0,0.917,0.0,l
serie_a,2025,Como,24,2026-02-18 19:45:00,a,1.6453,1.1702,1.6453,1.1702,18.0526,11.6,8.0,1.0,1.0,1.0,1.7421,1.0,d
serie_a,2025,Como,25,2026-02-21 14:00:00,a,1.4318,1.0143,1.4318,1.0143,14.7619,18.7333,5.0,6.0,2.0,0.0,1.7178,3.0,w
serie_a,2025,Como,26,2026-02-28 14:00:00,h,2.9862,0.425,2.9862,0.425,6.5238,22.2632,6.0,0.0,3.0,1.0,2.8465,3.0,w
serie_a,2025,Como,27,2026-03-07 14:00:00,a,0.7638,0.518,0.7638,0.518,7.1,12.72,5.0,2.0,2.0,1.0,1.5581,3.0,w
serie_a,2025,Como,28,2026-03-15 17:00:00,h,2.4691,0.9,2.4691,0.1387,9.4444,11.0323,15.0,2.0,2.0,1.0,2.5041,3.0,w
serie_a,2025,Como,29,2026-03-22 11:30:00,h,1.8215,0.3097,1.8215,0.3097,7.0909,28.8,11.0,4.0,5.0,0.0,2.5735,3.0,w
serie_a,2025,Como,30,2026-04-06 10:30:00,a,0.7864,1.0667,0.7864,1.0667,7.5833,12.7368,4.0,7.0,0.0,0.0,1.1007,1.0,d
serie_a,2025,Como,31,2026-04-12 18:45:00,h,3.2878,0.5075,2.5265,0.5075,9.5909,13.6842,3.0,3.0,3.0,4.0,2.8713,0.0,l
serie_a,2025,Como,32,2026-04-17 16:30:00,a,0.589,1.3509,0.589,1.3509,5.16,15.9444,3.0,2.0,1.0,2.0,0.6993,0.0,l
serie_a,2025,Como,33,2026-04-26 13:00:00,a,1.19,0.6672,1.19,0.6672,10.5,8.7812,4.0,5.0,2.0,0.0,1.8287,3.0,w
serie_a,2025,Como,34,2026-05-02 16:00:00,h,1.7972,0.8473,1.7972,0.8473,11.087,29.3333,4.0,6.0,0.0,0.0,2.1938,1.0,d
serie_a,2025,Como,35,2026-05-10 10:30:00,a,1.0607,1.2905,1.0607,1.2905,5.2143,10.5,7.0,7.0,1.0,0.0,1.1158,3.0,w
serie_a,2025,Como,36,2026-05-17 10:30:00,h,2.7209,0.483,2.7209,0.483,5.4444,8.8,10.0,0.0,1.0,0.0,2.7435,3.0,w
serie_a,2025,Como,37,2026-05-24 18:45:00,a,2.6911,0.9772,1.9298,0.2159,7.0588,22.5,6.0,0.0,4.0,1.0,2.6167,3.0,w
serie_a,2025,Pisa,0,2025-08-24 18:45:00,a,1.029,2.047,1.029,2.047,11.2963,14.1818,4.0,13.0,1.0,1.0,0.6422,1.0,d
serie_a,2025,Pisa,1,2025-08-30 18:45:00,h,0.6627,0.9539,0.6627,0.9539,24.6667,4.5862,3.0,12.0,0.0,1.0,1.0417,0.0,l
serie_a,2025,Pisa,2,2025-09-14 13:00:00,h,1.2759,1.729,1.2759,1.729,10.6316,11.25,4.0,6.0,0.0,1.0,1.0306,0.0,l
serie_a,2025,Pisa,3,2025-09-22 18:45:00,a,2.5198,1.1861,1.7586,1.1861,14.44,7.76,2.0,7.0,2.0,3.0,2.3296,0.0,l
serie_a,2025,Pisa,4,2025-09-28 13:00:00,h,0.5805,0.8401,0.5805,0.8401,8.7143,4.0714,4.0,4.0,0.0,0.0,1.0752,1.0,d
serie_a,2025,Pisa,5,2025-10-05 13:00:00,a,0.0265,3.6993,0.0265,3.6993,13.0455,4.6667,1.0,14.0,0.0,4.0,0.0108,0.0,l
serie_a,2025,Pisa,6,2025-10-18 13:00:00,h,0.572,1.6549,0.572,1.6549,10.0769,10.5357,5.0,9.0,0.0,0.0,0.5225,1.0,d
serie_a,2025,Pisa,7,2025-10-24 18:45:00,a,1.2251,1.9723,0.4638,1.9723,13.5833,10.625,4.0,15.0,2.0,2.0,0.7895,1.0,d
serie_a,2025,Pisa,8,2025-10-30 18:45:00,h,0.7802,0.6579,0.7802,0.6579,12.3667,11.25,3.0,3.0,0.0,0.0,1.4263,1.0,d
serie_a,2025,Pisa,9,2025-11-02 14:00:00,a,1.9033,1.2239,1.142,1.2239,21.2857,9.3529,7.0,8.0,2.0,2.0,1.9794,1.0,d
serie_a,2025,Pisa,10,2025-11-07 19:45:00,h,1.4511,1.2312,1.4511,1.2312,12.7273,6.6923,6.0,8.0,1.0,0.0,1.5475,3.0,w
serie_a,2025,Pisa,11,2025-11-24 19:45:00,a,1.386,2.2134,0.6247,2.2134,13.3889,9.7368,2.0,15.0,2.0,2.0,0.7575,1.0,d
serie_a,2025,Pisa,12,2025-11-30 14:00:00,h,1.8072,2.0478,1.8072,2.0478,25.2,8.8182,7.0,12.0,0.0,2.0,1.1712,0.0,l
serie_a,2025,Pisa,13,2025-12-08 14:00:00,h,1.5687,1.4984,1.5687,0.7371,7.5652,26.75,5.0,1.0,0.0,1.0,1.4076,0.0,l
serie_a,2025,Pisa,14,2025-12-12 19:45:00,a,0.3037,2.7999,0.3037,2.7999,29.4286,9.0833,3.0,7.0,0.0,1.0,0.0928,0.0,l
serie_a,2025,Pisa,15,2025-12-21 11:30:00,a,2.0253,1.2017,1.264,1.2017,8.3214,7.7647,8.0,2.0,2.0,2.0,1.992,1.0,d
serie_a,2025,Pisa,16,2025-12-27 19:45:00,h,0.6416,1.2875,0.6416,1.2875,13.2778,9.1053,5.0,19.0,0.0,2.0,0.7555,0.0,l
serie_a,2025,Pisa,17,2026-01-03 14:00:00,a,1.5538,0.5695,1.5538,0.5695,7.8621,8.8462,5.0,4.0,1.0,1.0,2.239,1.0,d
serie_a,2025,Pisa,18,2026-01-06 14:00:00,h,1.7118,2.1036,0.9505,1.3423,24.2143,3.4643,3.0,7.0,0.0,3.0,1.0564,0.0,l
serie_a,2025,Pisa,19,2026-01-10 14:00:00,a,1.4267,2.1802,1.4267,1.4189,6.9259,9.4667,3.0,8.0,2.0,2.0,0.6934,1.0,d
serie_a,2025,Pisa,20,2026-01-16 19:45:00,h,1.6369,1.7736,1.6369,1.7736,11.087,8.3571,15.0,7.0,1.0,1.0,1.2322,1.0,d
serie_a,2025,Pisa,21,2026-01-23 19:45:00,a,0.4535,6.2437,0.4535,5.4824,7.7576,10.3125,0.0,24.0,2.0,6.0,0.0019,0.0,l
serie_a,2025,Pisa,22,2026-01-31 14:00:00,h,0.7736,2.2033,0.7736,2.2033,10.0526,14.0,8.0,11.0,1.0,3.0,0.4671,0.0,l
serie_a,2025,Pisa,23,2026-02-06 19:45:00,a,1.2614,0.0784,1.2614,0.0784,13.0455,7.0952,6.0,1.0,0.0,0.0,2.5029,1.0,d
serie_a,2025,Pisa,24,2026-02-13 19:45:00,h,0.9373,2.1577,0.9373,1.3964,27.2941,11.625,2.0,2.0,1.0,2.0,0.4555,0.0,l
serie_a,2025,Pisa,25,2026-02-23 17:30:00,a,0.4321,1.7783,0.4321,1.7783,13.2917,25.2727,5.0,1.0,0.0,1.0,0.3445,0.0,l
serie_a,2025,Pisa,26,2026-03-02 17:30:00,h,0.7431,0.8716,0.7431,0.8716,12.6818,12.2857,4.0,2.0,0.0,1.0,1.2063,0.0,l
serie_a,2025,Pisa,27,2026-03-07 19:45:00,a,0.32,3.1681,0.32,3.1681,20.2,11.5294,5.0,14.0,0.0,4.0,0.0752,0.0,l
serie_a,2025,Pisa,28,2026-03-15 14:00:00,h,2.9429,1.5233,2.1816,1.5233,20.5,5.9474,5.0,4.0,3.0,1.0,2.3552,3.0,w
serie_a,2025,Pisa,29,2026-03-22 11:30:00,a,0.3097,1.8215,0.3097,1.8215,28.8,7.0909,4.0,11.0,0.0,5.0,0.268,0.0,l
serie_a,2025,Pisa,30,2026-04-05 16:00:00,h,0.3094,1.7261,0.3094,1.7261,7.8571,11.2632,5.0,5.0,0.0,1.0,0.2341,0.0,l
serie_a,2025,Pisa,31,2026-04-10 18:45:00,a,1.0632,1.4508,1.0632,1.4508,18.8947,7.7742,3.0,6.0,0.0,3.0,0.971,0.0,l
serie_a,2025,Pisa,32,2026-04-19 16:00:00,h,1.0069,2.1853,1.0069,1.424,13.3158,8.4348,2.0,5.0,1.0,2.0,0.5114,0.0,l
serie_a,2025,Pisa,33,2026-04-25 13:00:00,a,1.5639,1.3107,1.5639,1.3107,8.5,12.0476,6.0,7.0,0.0,1.0,1.5789,0.0,l
serie_a,2025,Pisa,34,2026-05-01 18:45:00,h,2.0672,1.3594,2.0672,1.3594,6.1,9.1154,5.0,5.0,1.0,2.0,1.9286,0.0,l
serie_a,2025,Pisa,35,2026-05-10 13:00:00,a,0.0,1.2674,0.0,1.2674,23.0556,6.1818,0.0,3.0,0.0,3.0,0.2138,0.0,l
serie_a,2025,Pisa,36,2026-05-17 10:30:00,h,0.7213,1.4202,0.7213,1.4202,27.5882,10.5833,2.0,9.0,0.0,3.0,0.6975,0.0,l
serie_a,2025,Pisa,37,2026-05-23 18:45:00,a,1.1676,1.0209,1.1676,1.0209,15.4545,26.25,2.0,4.0,1.0,2.0,1.5018,0.0,l
