league,season,match_id,date,home_team,away_team,home_goals,away_goals,ht_home_goals,ht_away_goals,home_shots,away_shots,home_shots_on_target,away_shots_on_target,home_corners,away_corners,home_fouls,away_fouls,home_yellow_cards,away_yellow_cards,home_red_cards,away_red_cards,odds_home,odds_draw,odds_away,odds_over_2_5,odds_under_2_5
eredivisie,2023,eredivisie_2023_0_volendam_vitesse,11/08/2023,Volendam,Vitesse,1,2,1,0,4,13,4,9,3,7,12,10,3,1,1,0,3.37,3.74,2.04,1.56,2.39
eredivisie,2023,eredivisie_2023_1_psv_eindhoven_utrecht,12/08/2023,PSV Eindhoven,Utrecht,2,0,1,0,23,7,8,1,4,2,15,14,2,1,0,0,1.36,5.21,7.94,1.49,2.58
eredivisie,2023,eredivisie_2023_2_heerenveen_waalwijk,12/08/2023,Heerenveen,Waalwijk,3,1,3,0,19,13,9,5,7,2,9,8,0,1,0,0,1.75,4.03,4.26,1.57,2.36
eredivisie,2023,eredivisie_2023_3_ajax_heracles,12/08/2023,Ajax,Heracles,4,1,1,1,31,7,13,2,13,4,11,14,2,5,0,0,1.18,7.73,13.26,1.34,3.2
eredivisie,2023,eredivisie_2023_4_zwolle_sparta_rotterdam,12/08/2023,Zwolle,Sparta Rotterdam,1,2,0,1,20,9,7,4,7,1,8,15,2,4,0,0,2.47,3.43,2.78,1.76,2.04
eredivisie,2023,eredivisie_2023_5_nijmegen_excelsior,13/08/2023,Nijmegen,Excelsior,3,4,2,1,8,6,6,6,2,7,4,10,1,2,0,0,1.51,4.49,5.79,1.55,2.4
eredivisie,2023,eredivisie_2023_6_az_alkmaar_go_ahead_eagles,13/08/2023,AZ Alkmaar,Go Ahead Eagles,5,1,2,0,13,9,8,4,5,4,8,13,2,3,0,0,1.36,5.03,8.25,1.59,2.31
eredivisie,2023,eredivisie_2023_7_feyenoord_for_sittard,13/08/2023,Feyenoord,For Sittard,0,0,0,0,22,14,6,5,8,3,4,21,0,6,1,0,1.15,8.2,16.29,1.31,3.36
eredivisie,2023,eredivisie_2023_8_almere_city_twente,13/08/2023,Almere City,Twente,1,4,0,0,12,20,4,8,2,11,15,10,4,0,1,0,5.38,4.27,1.57,1.61,2.3
eredivisie,2023,eredivisie_2023_9_heracles_nijmegen,18/08/2023,Heracles,Nijmegen,2,1,0,1,16,17,7,4,5,9,10,10,2,2,0,0,2.42,3.61,2.74,1.61,2.3
eredivisie,2023,eredivisie_2023_10_excelsior_ajax,19/08/2023,Excelsior,Ajax,2,2,1,1,13,15,2,8,4,10,7,7,0,0,0,0,10.24,6.55,1.24,1.29,3.53
eredivisie,2023,eredivisie_2023_11_vitesse_psv_eindhoven,19/08/2023,Vitesse,PSV Eindhoven,1,3,1,0,12,19,2,7,4,7,7,2,0,1,0,0,5.7,4.43,1.53,1.55,2.42
eredivisie,2023,eredivisie_2023_12_for_sittard_almere_city,19/08/2023,For Sittard,Almere City,2,1,2,1,21,8,7,5,5,6,8,13,3,2,0,0,1.93,3.81,3.64,1.6,2.3
eredivisie,2023,eredivisie_2023_13_go_ahead_eagles_volendam,19/08/2023,Go Ahead Eagles,Volendam,4,1,3,0,8,19,6,5,4,12,3,8,1,3,1,0,1.65,4.17,4.73,1.59,2.31
eredivisie,2023,eredivisie_2023_14_utrecht_heerenveen,20/08/2023,Utrecht,Heerenveen,0,2,0,0,12,12,6,6,9,2,11,10,0,1,0,0,1.78,3.85,4.22,1.63,2.25
eredivisie,2023,eredivisie_2023_15_sparta_rotterdam_feyenoord,20/08/2023,Sparta Rotterdam,Feyenoord,2,2,1,0,10,24,5,8,3,12,9,5,2,0,0,0,5.27,4.39,1.56,1.57,2.36
eredivisie,2023,eredivisie_2023_16_twente_zwolle,20/08/2023,Twente,Zwolle,3,1,1,1,18,9,3,4,8,3,6,15,2,5,0,0,1.34,5.18,8.34,1.54,2.45
eredivisie,2023,eredivisie_2023_17_waalwijk_az_alkmaar,20/08/2023,Waalwijk,AZ Alkmaar,1,3,1,0,7,15,5,7,1,10,9,12,2,1,0,0,5.02,4.26,1.6,1.53,2.45
eredivisie,2023,eredivisie_2023_18_nijmegen_waalwijk,26/08/2023,Nijmegen,Waalwijk,3,0,1,0,13,10,10,1,2,4,10,9,1,2,0,0,1.78,4.01,4.09,1.58,2.37
eredivisie,2023,eredivisie_2023_19_excelsior_for_sittard,26/08/2023,Excelsior,For Sittard,2,2,1,0,9,13,6,5,0,6,5,9,1,1,0,0,2.37,3.64,2.79,1.64,2.25
eredivisie,2023,eredivisie_2023_20_zwolle_utrecht,27/08/2023,Zwolle,Utrecht,1,0,0,0,9,10,2,1,2,8,13,8,2,3,0,0,2.8,3.69,2.34,1.61,2.3
eredivisie,2023,eredivisie_2023_21_feyenoord_almere_city,27/08/2023,Feyenoord,Almere City,6,1,3,0,31,6,18,1,8,2,8,15,0,1,0,0,1.15,8.25,15.35,1.32,3.3
eredivisie,2023,eredivisie_2023_22_heerenveen_sparta_rotterdam,27/08/2023,Heerenveen,Sparta Rotterdam,1,3,0,1,19,16,6,7,6,7,4,8,0,0,1,0,2.28,3.66,2.89,1.66,2.21
eredivisie,2023,eredivisie_2023_23_sparta_rotterdam_nijmegen,01/09/2023,Sparta Rotterdam,Nijmegen,1,1,0,0,15,13,6,6,10,1,11,10,1,4,0,0,1.88,3.78,3.88,1.67,2.17
eredivisie,2023,eredivisie_2023_24_almere_city_zwolle,02/09/2023,Almere City,Zwolle,1,2,0,1,10,13,3,6,7,4,12,10,3,4,0,1,3.15,3.63,2.16,1.65,2.23
eredivisie,2023,eredivisie_2023_25_go_ahead_eagles_heerenveen,02/09/2023,Go Ahead Eagles,Heerenveen,3,2,2,1,21,13,7,3,9,8,10,9,3,0,0,1,2.2,3.64,3.06,1.62,2.27
eredivisie,2023,eredivisie_2023_26_waalwijk_psv_eindhoven,02/09/2023,Waalwijk,PSV Eindhoven,0,4,0,1,10,22,3,9,4,8,1,13,0,0,0,0,7.93,5.61,1.33,1.36,3.08
eredivisie,2023,eredivisie_2023_27_heracles_excelsior,02/09/2023,Heracles,Excelsior,3,1,0,1,15,9,5,3,8,1,6,11,1,4,0,1,1.81,3.85,4.1,1.59,2.34
eredivisie,2023,eredivisie_2023_28_utrecht_feyenoord,03/09/2023,Utrecht,Feyenoord,1,5,1,2,5,21,1,11,5,8,13,13,1,0,0,0,4.69,4.36,1.63,1.48,2.62
eredivisie,2023,eredivisie_2023_29_for_sittard_ajax,03/09/2023,For Sittard,Ajax,0,0,0,0,12,12,4,4,3,7,20,7,3,2,0,0,6.89,5.25,1.39,1.39,2.95
eredivisie,2023,eredivisie_2023_30_volendam_twente,03/09/2023,Volendam,Twente,0,2,0,1,7,12,2,4,1,5,10,7,1,2,0,0,5.05,4.47,1.57,1.45,2.72
eredivisie,2023,eredivisie_2023_31_vitesse_az_alkmaar,03/09/2023,Vitesse,AZ Alkmaar,0,2,0,0,4,16,2,7,0,9,12,10,3,0,0,0,3.56,3.72,1.97,1.64,2.22
eredivisie,2023,eredivisie_2023_32_feyenoord_heerenveen,16/09/2023,Feyenoord,Heerenveen,6,1,3,1,21,7,9,1,6,3,8,9,1,0,0,0,1.22,6.63,11.54,1.37,3.05
eredivisie,2023,eredivisie_2023_33_vitesse_waalwijk,16/09/2023,Vitesse,Waalwijk,0,2,0,1,16,18,2,9,8,6,9,9,1,5,1,0,1.51,4.53,5.75,1.52,2.5
eredivisie,2023,eredivisie_2023_34_for_sittard_volendam,16/09/2023,For Sittard,Volendam,3,1,0,1,27,7,11,2,15,3,9,6,1,0,0,0,1.63,4.25,4.86,1.52,2.49
eredivisie,2023,eredivisie_2023_35_psv_eindhoven_nijmegen,16/09/2023,PSV Eindhoven,Nijmegen,4,0,2,0,28,3,11,0,8,3,11,11,1,2,0,0,1.16,7.98,14.84,1.31,3.35
eredivisie,2023,eredivisie_2023_36_heracles_utrecht,16/09/2023,Heracles,Utrecht,1,3,0,2,11,11,1,7,4,4,12,13,3,3,0,0,2.52,3.52,2.67,1.69,2.15
eredivisie,2023,eredivisie_2023_37_zwolle_go_ahead_eagles,17/09/2023,Zwolle,Go Ahead Eagles,1,1,0,0,27,9,11,2,11,4,9,6,1,4,0,1,2.39,3.54,2.81,1.64,2.24
eredivisie,2023,eredivisie_2023_38_excelsior_almere_city,17/09/2023,Excelsior,Almere City,0,0,0,0,14,16,2,3,4,5,7,13,2,3,0,0,2.06,3.79,3.23,1.57,2.37
eredivisie,2023,eredivisie_2023_39_twente_ajax,17/09/2023,Twente,Ajax,3,1,2,1,24,11,9,2,5,9,13,9,1,2,0,0,2.55,3.56,2.62,1.59,2.32
eredivisie,2023,eredivisie_2023_40_az_alkmaar_sparta_rotterdam,17/09/2023,AZ Alkmaar,Sparta Rotterdam,2,0,2,0,18,10,7,3,9,4,8,5,0,3,0,0,1.52,4.37,5.83,1.61,2.28
eredivisie,2023,eredivisie_2023_41_go_ahead_eagles_for_sittard,22/09/2023,Go Ahead Eagles,For Sittard,3,0,1,0,20,21,9,2,2,5,2,14,0,4,0,0,2.2,3.63,3.08,1.7,2.15
eredivisie,2023,eredivisie_2023_42_volendam_heracles,23/09/2023,Volendam,Heracles,2,2,0,0,16,15,6,5,5,7,14,14,1,1,0,0,2.77,3.7,2.35,1.58,2.35
eredivisie,2023,eredivisie_2023_43_nijmegen_utrecht,23/09/2023,Nijmegen,Utrecht,3,0,2,0,9,17,5,4,4,4,8,11,1,2,0,0,2.59,3.6,2.55,1.64,2.24
eredivisie,2023,eredivisie_2023_44_almere_city_psv_eindhoven,23/09/2023,Almere City,PSV Eindhoven,0,4,0,2,9,20,2,9,5,8,15,6,1,1,0,0,12.79,7.27,1.19,1.35,3.11
eredivisie,2023,eredivisie_2023_45_heerenveen_excelsior,23/09/2023,Heerenveen,Excelsior,0,3,0,2,9,7,2,4,3,2,10,11,4,2,0,0,1.64,4.24,4.74,1.52,2.49
eredivisie,2023,eredivisie_2023_46_sparta_rotterdam_vitesse,24/09/2023,Sparta Rotterdam,Vitesse,1,0,1,0,17,6,5,0,5,3,13,19,1,2,0,0,1.91,3.75,3.76,1.72,2.11
eredivisie,2023,eredivisie_2023_47_waalwijk_twente,24/09/2023,Waalwijk,Twente,1,0,0,0,9,7,3,2,1,6,12,13,1,1,0,0,5.49,4.54,1.52,1.45,2.7
eredivisie,2023,eredivisie_2023_48_zwolle_az_alkmaar,24/09/2023,Zwolle,AZ Alkmaar,0,3,0,1,7,15,3,5,2,6,13,8,3,3,0,0,4.5,3.92,1.72,1.7,2.13
eredivisie,2023,eredivisie_2023_49_ajax_feyenoord,27/09/2023,Ajax,Feyenoord,0,4,0,3,9,14,2,7,4,0,15,14,3,2,0,0,2.74,3.75,2.35,1.52,2.52
eredivisie,2023,eredivisie_2023_50_psv_eindhoven_go_ahead_eagles,27/09/2023,PSV Eindhoven,Go Ahead Eagles,3,0,1,0,23,9,11,2,9,2,10,7,0,2,0,0,1.16,8.14,14.64,1.31,3.37
eredivisie,2023,eredivisie_2023_51_twente_vitesse,27/09/2023,Twente,Vitesse,1,0,1,0,18,10,5,3,5,2,10,15,1,4,0,0,1.38,4.94,7.51,1.54,2.4
eredivisie,2023,eredivisie_2023_52_az_alkmaar_heracles,28/09/2023,AZ Alkmaar,Heracles,1,1,1,0,21,4,7,2,16,0,9,8,1,2,0,0,1.27,6.01,9.96,1.46,2.68
eredivisie,2023,eredivisie_2023_53_feyenoord_go_ahead_eagles,30/09/2023,Feyenoord,Go Ahead Eagles,3,1,1,0,29,7,9,3,11,0,10,11,1,2,0,0,1.14,8.58,16.1,1.28,3.61
eredivisie,2023,eredivisie_2023_54_psv_eindhoven_volendam,30/09/2023,PSV Eindhoven,Volendam,3,1,1,0,38,2,17,1,7,0,11,8,1,2,0,1,1.06,13.86,29.64,1.14,5.21
eredivisie,2023,eredivisie_2023_55_utrecht_almere_city,30/09/2023,Utrecht,Almere City,0,2,0,0,11,17,2,5,4,6,18,15,4,4,1,0,1.54,4.39,5.67,1.59,2.31
eredivisie,2023,eredivisie_2023_56_twente_heerenveen,30/09/2023,Twente,Heerenveen,1,0,0,0,11,5,3,1,8,1,10,12,3,1,0,0,1.33,5.51,8.41,1.46,2.67
eredivisie,2023,eredivisie_2023_57_nijmegen_vitesse,01/10/2023,Nijmegen,Vitesse,1,3,1,1,9,10,5,5,6,5,9,18,2,5,0,0,2.16,3.61,3.14,1.7,2.14
eredivisie,2023,eredivisie_2023_58_excelsior_sparta_rotterdam,01/10/2023,Excelsior,Sparta Rotterdam,2,1,0,0,15,9,7,5,2,7,9,12,4,1,0,0,3.43,3.62,2.05,1.68,2.17
eredivisie,2023,eredivisie_2023_59_heracles_zwolle,01/10/2023,Heracles,Zwolle,2,1,0,0,13,13,6,5,2,2,8,12,1,3,0,0,2.22,3.68,2.99,1.57,2.37
eredivisie,2023,eredivisie_2023_60_az_alkmaar_for_sittard,01/10/2023,AZ Alkmaar,For Sittard,4,0,1,0,12,8,7,1,1,3,14,12,1,3,0,0,1.36,5.19,7.92,1.54,2.45
eredivisie,2023,eredivisie_2023_61_volendam_utrecht,06/10/2023,Volendam,Utrecht,1,0,0,0,15,7,5,3,6,0,20,11,3,2,0,1,3.84,4.04,1.84,1.52,2.52
eredivisie,2023,eredivisie_2023_62_heerenveen_nijmegen,07/10/2023,Heerenveen,Nijmegen,1,1,1,1,18,9,7,3,7,1,4,12,1,0,0,0,2.14,3.66,3.18,1.67,2.19
eredivisie,2023,eredivisie_2023_63_almere_city_waalwijk,07/10/2023,Almere City,Waalwijk,1,0,1,0,18,13,6,4,4,3,12,8,1,1,0,0,2.32,3.79,2.79,1.57,2.4
eredivisie,2023,eredivisie_2023_64_go_ahead_eagles_heracles,07/10/2023,Go Ahead Eagles,Heracles,4,0,2,0,22,17,13,8,9,5,10,11,0,2,0,0,1.81,3.98,4.0,1.59,2.33
eredivisie,2023,eredivisie_2023_65_vitesse_excelsior,07/10/2023,Vitesse,Excelsior,0,0,0,0,21,11,7,5,11,5,9,10,2,0,0,0,1.73,4.09,4.33,1.64,2.25
eredivisie,2023,eredivisie_2023_66_zwolle_feyenoord,08/10/2023,Zwolle,Feyenoord,0,2,0,1,4,13,1,5,3,4,11,6,1,0,0,0,9.03,5.9,1.29,1.34,3.19
eredivisie,2023,eredivisie_2023_67_ajax_az_alkmaar,08/10/2023,Ajax,AZ Alkmaar,1,2,0,1,6,12,1,4,6,4,7,12,2,1,0,0,2.23,3.8,2.9,1.54,2.43
eredivisie,2023,eredivisie_2023_68_for_sittard_twente,08/10/2023,For Sittard,Twente,0,3,0,1,3,15,1,6,3,7,13,16,2,2,1,0,3.72,3.83,1.91,1.7,2.13
eredivisie,2023,eredivisie_2023_69_sparta_rotterdam_psv_eindhoven,08/10/2023,Sparta Rotterdam,PSV Eindhoven,0,4,0,0,8,30,3,11,1,8,12,14,3,1,0,0,8.12,5.27,1.35,1.49,2.61
eredivisie,2023,eredivisie_2023_70_psv_eindhoven_for_sittard,21/10/2023,PSV Eindhoven,For Sittard,3,1,1,0,18,2,6,1,10,1,8,5,0,1,0,0,1.1,10.15,20.8,1.26,3.74
eredivisie,2023,eredivisie_2023_71_waalwijk_volendam,21/10/2023,Waalwijk,Volendam,2,1,1,0,10,11,4,3,3,4,6,10,3,2,0,0,1.68,4.31,4.39,1.5,2.53
eredivisie,2023,eredivisie_2023_72_nijmegen_almere_city,21/10/2023,Nijmegen,Almere City,1,1,0,1,12,14,4,2,6,5,11,19,2,2,1,0,1.83,3.83,4.06,1.69,2.15
eredivisie,2023,eredivisie_2023_73_az_alkmaar_heerenveen,21/10/2023,AZ Alkmaar,Heerenveen,3,0,1,0,11,9,3,3,6,3,3,10,1,1,0,0,1.28,5.77,10.28,1.51,2.48
eredivisie,2023,eredivisie_2023_74_feyenoord_vitesse,21/10/2023,Feyenoord,Vitesse,4,0,2,0,23,4,8,1,9,2,9,6,0,1,0,0,1.14,8.37,17.27,1.36,3.08
eredivisie,2023,eredivisie_2023_75_utrecht_ajax,22/10/2023,Utrecht,Ajax,4,3,1,0,14,11,8,6,6,5,11,9,1,2,0,0,3.67,3.95,1.89,1.51,2.52
eredivisie,2023,eredivisie_2023_76_excelsior_zwolle,22/10/2023,Excelsior,Zwolle,2,4,1,0,18,11,6,6,2,4,8,10,0,2,0,0,2.39,3.65,2.76,1.69,2.16
eredivisie,2023,eredivisie_2023_77_heracles_twente,22/10/2023,Heracles,Twente,2,2,0,2,16,17,3,5,6,6,21,14,1,4,0,0,5.3,4.24,1.59,1.65,2.24
eredivisie,2023,eredivisie_2023_78_go_ahead_eagles_sparta_rotterdam,22/10/2023,Go Ahead Eagles,Sparta Rotterdam,0,0,0,0,16,15,6,6,3,6,4,10,0,0,0,0,2.17,3.64,3.11,1.73,2.1
eredivisie,2023,eredivisie_2023_79_vitesse_zwolle,27/10/2023,Vitesse,Zwolle,1,1,0,1,29,5,12,2,18,2,7,12,0,1,0,0,1.98,3.71,3.61,1.69,2.12
eredivisie,2023,eredivisie_2023_80_heerenveen_heracles,28/10/2023,Heerenveen,Heracles,3,0,2,0,18,9,9,3,10,4,11,9,2,2,0,0,1.96,3.78,3.58,1.66,2.21
eredivisie,2023,eredivisie_2023_81_almere_city_go_ahead_eagles,28/10/2023,Almere City,Go Ahead Eagles,0,0,0,0,12,9,1,3,6,5,19,7,1,0,0,0,2.7,3.55,2.5,1.7,2.14
eredivisie,2023,eredivisie_2023_82_sparta_rotterdam_waalwijk,28/10/2023,Sparta Rotterdam,Waalwijk,2,0,0,0,15,11,4,3,8,4,7,7,2,1,1,0,1.76,3.88,4.45,1.71,2.13
eredivisie,2023,eredivisie_2023_83_for_sittard_utrecht,28/10/2023,For Sittard,Utrecht,0,0,0,0,12,12,6,3,5,5,7,5,1,1,0,0,2.42,3.65,2.75,1.64,2.22
eredivisie,2023,eredivisie_2023_84_twente_feyenoord,29/10/2023,Twente,Feyenoord,2,1,1,0,12,11,5,6,2,5,12,16,5,1,0,0,3.09,3.68,2.18,1.63,2.26
eredivisie,2023,eredivisie_2023_85_psv_eindhoven_ajax,29/10/2023,PSV Eindhoven,Ajax,5,2,1,2,26,16,9,7,5,5,9,8,1,2,0,0,1.3,5.91,8.59,1.34,3.18
eredivisie,2023,eredivisie_2023_86_volendam_excelsior,29/10/2023,Volendam,Excelsior,3,1,0,1,20,10,12,2,8,6,5,13,1,2,0,0,2.71,3.78,2.38,1.52,2.5
eredivisie,2023,eredivisie_2023_87_ajax_volendam,02/11/2023,Ajax,Volendam,2,0,0,0,30,7,10,3,9,4,6,6,0,1,0,0,1.28,6.36,8.68,1.29,3.48
eredivisie,2023,eredivisie_2023_88_heracles_psv_eindhoven,04/11/2023,Heracles,PSV Eindhoven,0,6,0,2,7,34,1,11,1,7,9,7,1,0,1,0,11.44,7.15,1.21,1.26,3.75
eredivisie,2023,eredivisie_2023_89_excelsior_az_alkmaar,04/11/2023,Excelsior,AZ Alkmaar,1,1,0,0,15,11,5,4,3,7,11,9,2,3,0,0,7.36,4.99,1.39,1.52,2.49
eredivisie,2023,eredivisie_2023_90_waalwijk_feyenoord,04/11/2023,Waalwijk,Feyenoord,1,2,1,1,5,27,1,12,2,10,6,5,0,2,1,0,12.88,7.12,1.2,1.33,3.24
eredivisie,2023,eredivisie_2023_91_go_ahead_eagles_vitesse,04/11/2023,Go Ahead Eagles,Vitesse,5,1,1,0,22,13,14,3,4,6,5,13,0,4,0,0,1.94,3.75,3.71,1.71,2.13
eredivisie,2023,eredivisie_2023_92_utrecht_twente,05/11/2023,Utrecht,Twente,1,1,1,1,14,10,6,1,5,2,6,10,3,4,0,1,4.68,3.99,1.69,1.71,2.13
eredivisie,2023,eredivisie_2023_93_nijmegen_volendam,05/11/2023,Nijmegen,Volendam,3,3,1,1,13,15,7,7,8,4,6,11,4,2,1,0,1.61,4.29,4.93,1.57,2.37
eredivisie,2023,eredivisie_2023_94_zwolle_for_sittard,05/11/2023,Zwolle,For Sittard,2,0,1,0,15,8,6,2,2,2,11,9,3,1,0,0,2.2,3.57,3.13,1.77,2.04
eredivisie,2023,eredivisie_2023_95_ajax_heerenveen,05/11/2023,Ajax,Heerenveen,4,1,2,1,14,12,8,3,5,8,10,8,1,2,0,0,1.47,4.97,5.68,1.4,2.9
eredivisie,2023,eredivisie_2023_96_sparta_rotterdam_almere_city,05/11/2023,Sparta Rotterdam,Almere City,1,2,0,1,24,11,6,4,10,3,2,13,0,0,0,0,1.69,4.01,4.66,1.73,2.11
eredivisie,2023,eredivisie_2023_97_for_sittard_heracles,10/11/2023,For Sittard,Heracles,4,1,4,0,15,7,8,3,9,7,10,10,0,4,0,0,1.75,3.92,4.43,1.68,2.16
eredivisie,2023,eredivisie_2023_98_waalwijk_go_ahead_eagles,11/11/2023,Waalwijk,Go Ahead Eagles,0,1,0,1,19,9,5,2,7,0,8,5,1,0,0,0,2.82,3.65,2.36,1.66,2.21
eredivisie,2023,eredivisie_2023_99_twente_nijmegen,11/11/2023,Twente,Nijmegen,3,3,1,0,35,14,7,8,13,3,9,14,1,3,0,0,1.31,5.47,9.22,1.57,2.37
eredivisie,2023,eredivisie_2023_100_vitesse_heerenveen,11/11/2023,Vitesse,Heerenveen,1,3,1,1,9,19,5,7,4,7,10,3,2,1,1,0,2.37,3.59,2.83,1.69,2.12
eredivisie,2023,eredivisie_2023_101_psv_eindhoven_zwolle,12/11/2023,PSV Eindhoven,Zwolle,4,0,2,0,21,3,6,2,12,0,8,7,0,2,0,0,1.09,11.03,22.12,1.22,4.01
eredivisie,2023,eredivisie_2023_102_almere_city_ajax,12/11/2023,Almere City,Ajax,2,2,0,0,13,22,5,13,4,6,12,10,5,2,0,0,5.37,4.68,1.52,1.47,2.62
eredivisie,2023,eredivisie_2023_103_volendam_sparta_rotterdam,12/11/2023,Volendam,Sparta Rotterdam,1,4,1,2,17,16,1,7,3,5,4,10,0,1,0,0,3.18,3.75,2.1,1.61,2.31
eredivisie,2023,eredivisie_2023_104_feyenoord_az_alkmaar,12/11/2023,Feyenoord,AZ Alkmaar,1,0,1,0,10,7,5,1,2,0,8,13,2,1,0,0,1.55,4.41,5.36,1.58,2.34
eredivisie,2023,eredivisie_2023_105_utrecht_excelsior,12/11/2023,Utrecht,Excelsior,2,2,0,0,13,12,6,6,13,2,6,11,0,1,0,0,1.78,3.93,4.15,1.63,2.25
eredivisie,2023,eredivisie_2023_106_excelsior_feyenoord,25/11/2023,Excelsior,Feyenoord,2,4,1,1,13,20,3,9,2,5,5,9,1,1,0,0,12.45,7.27,1.2,1.33,3.29
eredivisie,2023,eredivisie_2023_107_heerenveen_for_sittard,25/11/2023,Heerenveen,For Sittard,3,0,1,0,16,10,5,4,3,7,8,6,1,2,0,0,2.04,3.56,3.52,1.84,1.96
eredivisie,2023,eredivisie_2023_108_twente_psv_eindhoven,25/11/2023,Twente,PSV Eindhoven,0,3,0,1,12,17,1,7,3,4,9,8,1,2,1,0,3.66,3.83,1.93,1.58,2.35
eredivisie,2023,eredivisie_2023_109_ajax_vitesse,25/11/2023,Ajax,Vitesse,5,0,2,0,19,9,12,4,7,4,9,5,1,2,0,0,1.3,6.0,8.73,1.4,2.91
eredivisie,2023,eredivisie_2023_110_zwolle_waalwijk,25/11/2023,Zwolle,Waalwijk,1,2,1,1,17,13,6,4,5,8,7,12,1,2,0,0,1.77,3.91,4.25,1.68,2.18
eredivisie,2023,eredivisie_2023_111_almere_city_heracles,26/11/2023,Almere City,Heracles,0,5,0,1,17,17,3,6,6,4,6,15,0,3,0,0,1.95,3.73,3.64,1.68,2.18
eredivisie,2023,eredivisie_2023_112_az_alkmaar_volendam,26/11/2023,AZ Alkmaar,Volendam,3,0,1,0,19,7,8,1,5,4,6,8,0,0,0,0,1.15,8.35,15.85,1.35,3.13
eredivisie,2023,eredivisie_2023_113_nijmegen_go_ahead_eagles,26/11/2023,Nijmegen,Go Ahead Eagles,1,1,0,0,15,13,5,4,4,10,9,11,0,3,0,0,2.37,3.68,2.77,1.66,2.22
eredivisie,2023,eredivisie_2023_114_sparta_rotterdam_utrecht,26/11/2023,Sparta Rotterdam,Utrecht,1,2,1,1,19,7,6,2,5,4,9,6,0,3,0,0,2.36,3.46,2.91,1.78,2.04
eredivisie,2023,eredivisie_2023_115_heerenveen_almere_city,01/12/2023,Heerenveen,Almere City,3,0,2,0,15,13,8,2,7,8,6,12,1,2,0,0,1.65,4.06,4.97,1.7,2.15
eredivisie,2023,eredivisie_2023_116_volendam_zwolle,02/12/2023,Volendam,Zwolle,0,5,0,0,9,20,3,10,6,5,5,4,2,0,0,0,2.61,3.69,2.51,1.57,2.37
eredivisie,2023,eredivisie_2023_117_for_sittard_vitesse,02/12/2023,For Sittard,Vitesse,3,1,2,0,15,8,11,4,5,4,16,14,1,3,0,1,2.0,3.6,3.62,1.83,1.98
eredivisie,2023,eredivisie_2023_118_waalwijk_excelsior,02/12/2023,Waalwijk,Excelsior,2,2,1,0,17,13,8,6,2,2,4,4,0,0,0,0,2.06,3.83,3.26,1.56,2.37
eredivisie,2023,eredivisie_2023_119_heracles_sparta_rotterdam,02/12/2023,Heracles,Sparta Rotterdam,0,1,0,0,13,10,3,4,6,3,11,7,1,0,0,0,2.65,3.67,2.48,1.64,2.25
eredivisie,2023,eredivisie_2023_120_feyenoord_psv_eindhoven,03/12/2023,Feyenoord,PSV Eindhoven,1,2,0,0,14,14,3,7,10,5,10,13,1,3,0,0,2.21,3.77,2.96,1.55,2.4
eredivisie,2023,eredivisie_2023_121_go_ahead_eagles_twente,03/12/2023,Go Ahead Eagles,Twente,1,3,0,2,15,13,9,5,4,4,7,17,1,0,0,0,3.73,3.81,1.91,1.68,2.18
eredivisie,2023,eredivisie_2023_122_nijmegen_ajax,03/12/2023,Nijmegen,Ajax,1,2,0,0,7,22,3,10,2,6,4,7,0,0,0,0,4.25,4.35,1.7,1.45,2.69
eredivisie,2023,eredivisie_2023_123_utrecht_az_alkmaar,03/12/2023,Utrecht,AZ Alkmaar,1,1,0,1,15,20,4,9,7,5,10,13,0,1,0,0,4.02,3.75,1.85,1.79,2.02
eredivisie,2023,eredivisie_2023_124_az_alkmaar_nijmegen,06/12/2023,AZ Alkmaar,Nijmegen,1,2,0,2,26,4,4,2,13,1,4,6,0,1,0,0,1.27,5.89,10.46,1.53,2.47
eredivisie,2023,eredivisie_2023_125_waalwijk_ajax,06/12/2023,Waalwijk,Ajax,2,3,1,2,10,16,2,6,8,9,12,9,2,0,0,0,4.94,4.5,1.59,1.42,2.76
eredivisie,2023,eredivisie_2023_126_psv_eindhoven_heerenveen,07/12/2023,PSV Eindhoven,Heerenveen,2,0,1,0,30,12,8,1,11,2,4,10,2,1,0,0,1.17,7.89,13.61,1.29,3.47
eredivisie,2023,eredivisie_2023_127_feyenoord_volendam,07/12/2023,Feyenoord,Volendam,3,1,1,1,30,2,10,2,12,3,4,5,1,1,0,0,1.06,13.87,28.04,1.13,5.33
eredivisie,2023,eredivisie_2023_128_twente_excelsior,08/12/2023,Twente,Excelsior,4,2,1,2,31,5,9,4,10,2,5,7,2,4,0,1,1.24,6.34,11.11,1.47,2.6
eredivisie,2023,eredivisie_2023_129_ajax_sparta_rotterdam,09/12/2023,Ajax,Sparta Rotterdam,2,1,2,0,23,10,6,2,7,7,6,7,0,1,0,0,1.39,5.18,7.03,1.43,2.74
eredivisie,2023,eredivisie_2023_130_zwolle_nijmegen,09/12/2023,Zwolle,Nijmegen,1,3,0,1,16,17,3,9,1,6,12,3,1,0,0,0,2.32,3.54,2.91,1.76,2.04
eredivisie,2023,eredivisie_2023_131_az_alkmaar_almere_city,09/12/2023,AZ Alkmaar,Almere City,4,1,1,0,13,13,7,6,6,5,9,17,2,5,0,0,1.19,7.06,14.44,1.47,2.61
eredivisie,2023,eredivisie_2023_132_go_ahead_eagles_utrecht,10/12/2023,Go Ahead Eagles,Utrecht,0,2,0,2,22,12,7,3,11,1,8,7,0,0,0,0,2.16,3.54,3.22,1.73,2.09
eredivisie,2023,eredivisie_2023_133_for_sittard_waalwijk,10/12/2023,For Sittard,Waalwijk,1,0,0,0,11,13,3,2,9,6,9,10,2,2,0,0,1.92,3.69,3.77,1.74,2.06
eredivisie,2023,eredivisie_2023_134_vitesse_heracles,10/12/2023,Vitesse,Heracles,2,0,1,0,12,12,2,3,3,5,12,7,2,1,0,0,1.98,3.68,3.57,1.67,2.2
eredivisie,2023,eredivisie_2023_135_nijmegen_for_sittard,15/12/2023,Nijmegen,For Sittard,4,1,2,0,16,11,7,4,5,7,11,12,3,2,1,1,1.96,3.58,3.82,1.89,1.9
eredivisie,2023,eredivisie_2023_136_utrecht_waalwijk,16/12/2023,Utrecht,Waalwijk,1,1,1,1,17,12,6,4,10,4,13,13,0,4,0,0,1.62,4.19,5.03,1.63,2.25
eredivisie,2023,eredivisie_2023_137_excelsior_go_ahead_eagles,16/12/2023,Excelsior,Go Ahead Eagles,1,1,0,0,11,11,3,5,1,4,6,7,0,2,0,0,2.93,3.68,2.27,1.64,2.26
eredivisie,2023,eredivisie_2023_138_heerenveen_volendam,16/12/2023,Heerenveen,Volendam,1,2,0,1,20,3,7,2,19,2,7,10,1,2,0,0,1.37,5.14,7.71,1.49,2.49
eredivisie,2023,eredivisie_2023_139_almere_city_vitesse,17/12/2023,Almere City,Vitesse,5,0,2,0,11,7,7,4,6,2,16,16,0,0,0,0,2.37,3.54,2.84,1.75,2.07
eredivisie,2023,eredivisie_2023_140_heracles_feyenoord,17/12/2023,Heracles,Feyenoord,0,4,0,2,2,26,0,12,3,10,12,10,3,0,0,0,11.33,6.88,1.22,1.34,3.19
eredivisie,2023,eredivisie_2023_141_sparta_rotterdam_twente,17/12/2023,Sparta Rotterdam,Twente,2,2,0,1,12,39,8,9,3,14,11,7,2,1,1,0,4.14,3.72,1.84,1.8,2.01
eredivisie,2023,eredivisie_2023_142_ajax_zwolle,17/12/2023,Ajax,Zwolle,2,2,1,0,16,11,5,4,5,0,5,10,1,3,0,0,1.27,6.18,9.14,1.36,3.1
eredivisie,2023,eredivisie_2023_143_az_alkmaar_psv_eindhoven,17/12/2023,AZ Alkmaar,PSV Eindhoven,0,4,0,3,1,23,0,8,1,5,11,12,2,0,0,0,4.0,3.77,1.85,1.71,2.13
eredivisie,2023,eredivisie_2023_144_waalwijk_heracles,12/01/2024,Waalwijk,Heracles,1,2,0,1,18,9,8,2,7,4,13,8,1,1,0,0,1.84,3.68,4.17,1.79,2.01
eredivisie,2023,eredivisie_2023_145_for_sittard_sparta_rotterdam,13/01/2024,For Sittard,Sparta Rotterdam,0,2,0,1,25,10,6,7,7,2,8,8,3,1,0,0,2.35,3.38,2.98,1.88,1.9
eredivisie,2023,eredivisie_2023_146_twente_az_alkmaar,13/01/2024,Twente,AZ Alkmaar,2,1,1,1,19,5,8,2,5,3,9,12,3,2,0,0,2.17,3.46,3.27,1.87,1.92
eredivisie,2023,eredivisie_2023_147_zwolle_heerenveen,13/01/2024,Zwolle,Heerenveen,2,2,0,1,13,20,5,10,4,6,13,10,1,2,0,0,2.61,3.62,2.52,1.68,2.17
eredivisie,2023,eredivisie_2023_148_psv_eindhoven_excelsior,13/01/2024,PSV Eindhoven,Excelsior,3,1,2,0,27,8,15,3,12,2,2,3,0,0,0,0,1.07,12.25,27.51,1.17,4.66
eredivisie,2023,eredivisie_2023_149_volendam_almere_city,14/01/2024,Volendam,Almere City,0,1,0,1,5,10,2,2,5,4,11,12,1,1,0,0,2.6,3.62,2.53,1.64,2.23
eredivisie,2023,eredivisie_2023_150_go_ahead_eagles_ajax,14/01/2024,Go Ahead Eagles,Ajax,2,3,1,2,24,17,12,6,6,4,7,10,0,2,0,0,3.65,4.1,1.85,1.46,2.63
eredivisie,2023,eredivisie_2023_151_vitesse_utrecht,14/01/2024,Vitesse,Utrecht,0,0,0,0,12,20,6,4,1,14,11,12,1,1,0,0,2.95,3.55,2.29,1.79,2.01
eredivisie,2023,eredivisie_2023_152_feyenoord_nijmegen,14/01/2024,Feyenoord,Nijmegen,2,2,2,1,25,2,5,2,9,0,8,13,2,2,0,0,1.14,8.28,15.92,1.33,3.24
eredivisie,2023,eredivisie_2023_153_excelsior_heerenveen,19/01/2024,Excelsior,Heerenveen,3,0,2,0,14,9,7,1,6,5,11,7,2,1,0,0,3.14,3.64,2.17,1.68,2.16
eredivisie,2023,eredivisie_2023_154_nijmegen_twente,20/01/2024,Nijmegen,Twente,1,0,0,0,23,11,8,2,6,5,7,11,0,1,0,1,4.14,3.86,1.8,1.64,2.21
eredivisie,2023,eredivisie_2023_155_heracles_volendam,20/01/2024,Heracles,Volendam,1,1,0,1,16,10,8,2,9,3,8,8,1,0,0,0,1.72,4.04,4.39,1.58,2.35
eredivisie,2023,eredivisie_2023_156_az_alkmaar_zwolle,20/01/2024,AZ Alkmaar,Zwolle,2,2,0,0,19,8,8,5,11,3,8,5,2,0,0,0,1.34,5.37,8.07,1.55,2.41
eredivisie,2023,eredivisie_2023_157_utrecht_psv_eindhoven,21/01/2024,Utrecht,PSV Eindhoven,1,1,0,1,17,13,4,5,7,3,15,5,2,1,0,0,7.76,5.57,1.33,1.42,2.82
eredivisie,2023,eredivisie_2023_158_sparta_rotterdam_go_ahead_eagles,21/01/2024,Sparta Rotterdam,Go Ahead Eagles,0,2,0,1,20,7,4,3,5,1,11,14,0,3,0,0,2.19,3.6,3.08,1.72,2.1
eredivisie,2023,eredivisie_2023_159_vitesse_feyenoord,21/01/2024,Vitesse,Feyenoord,1,2,0,1,5,16,1,5,1,4,18,9,3,3,0,0,11.29,6.55,1.23,1.4,2.89
eredivisie,2023,eredivisie_2023_160_ajax_waalwijk,21/01/2024,Ajax,Waalwijk,4,1,2,1,14,8,7,5,6,0,8,10,1,0,0,0,1.26,6.34,9.64,1.35,3.14
eredivisie,2023,eredivisie_2023_161_almere_city_for_sittard,24/01/2024,Almere City,For Sittard,0,0,0,0,4,11,1,2,3,2,9,13,2,1,0,0,2.39,3.46,2.87,1.84,1.95
eredivisie,2023,eredivisie_2023_162_zwolle_vitesse,26/01/2024,Zwolle,Vitesse,1,0,1,0,16,8,9,2,5,4,10,12,3,2,0,0,1.97,3.72,3.6,1.68,2.17
eredivisie,2023,eredivisie_2023_163_psv_eindhoven_almere_city,27/01/2024,PSV Eindhoven,Almere City,2,0,1,0,17,4,8,2,4,1,5,15,0,2,0,0,1.08,11.46,24.59,1.25,3.86
eredivisie,2023,eredivisie_2023_164_waalwijk_sparta_rotterdam,27/01/2024,Waalwijk,Sparta Rotterdam,1,1,0,0,10,15,2,7,3,3,21,6,5,2,1,0,2.53,3.56,2.64,1.73,2.09
eredivisie,2023,eredivisie_2023_165_excelsior_utrecht,27/01/2024,Excelsior,Utrecht,1,1,0,0,9,16,5,3,5,8,3,5,0,0,0,0,3.06,3.63,2.19,1.71,2.12
eredivisie,2023,eredivisie_2023_166_heracles_ajax,27/01/2024,Heracles,Ajax,2,4,1,1,13,31,7,12,3,11,9,5,2,1,0,0,5.96,4.84,1.46,1.43,2.72
eredivisie,2023,eredivisie_2023_167_heerenveen_az_alkmaar,28/01/2024,Heerenveen,AZ Alkmaar,2,2,1,1,16,12,2,2,4,5,11,10,2,2,0,1,3.39,3.64,2.05,1.79,2.01
eredivisie,2023,eredivisie_2023_168_feyenoord_twente,28/01/2024,Feyenoord,Twente,0,0,0,0,23,2,6,0,9,0,8,6,0,1,0,0,1.41,4.82,6.9,1.55,2.4
eredivisie,2023,eredivisie_2023_169_go_ahead_eagles_nijmegen,28/01/2024,Go Ahead Eagles,Nijmegen,2,2,0,1,17,16,5,5,9,5,10,13,2,4,0,0,2.12,3.64,3.2,1.69,2.14
eredivisie,2023,eredivisie_2023_170_volendam_for_sittard,28/01/2024,Volendam,For Sittard,0,1,0,0,8,12,2,1,7,2,7,10,2,1,0,0,3.22,3.52,2.16,1.87,1.92
eredivisie,2023,eredivisie_2023_171_almere_city_excelsior,02/02/2024,Almere City,Excelsior,2,1,1,1,11,8,2,4,7,3,9,14,1,3,0,0,2.15,3.39,3.43,2.0,1.81
eredivisie,2023,eredivisie_2023_172_twente_waalwijk,03/02/2024,Twente,Waalwijk,3,0,1,0,16,14,10,5,9,3,5,12,0,1,0,0,1.29,5.74,9.69,1.56,2.4
eredivisie,2023,eredivisie_2023_173_for_sittard_heerenveen,03/02/2024,For Sittard,Heerenveen,3,3,0,2,13,10,3,6,6,0,10,13,1,2,0,0,2.39,3.38,2.94,1.96,1.84
eredivisie,2023,eredivisie_2023_174_ajax_psv_eindhoven,03/02/2024,Ajax,PSV Eindhoven,1,1,1,1,13,18,4,5,3,5,8,14,1,3,0,0,3.37,4.09,1.95,1.41,2.87
eredivisie,2023,eredivisie_2023_175_nijmegen_heracles,03/02/2024,Nijmegen,Heracles,3,1,0,1,26,7,12,1,7,6,0,7,1,1,0,0,1.71,4.06,4.48,1.62,2.28
eredivisie,2023,eredivisie_2023_176_vitesse_go_ahead_eagles,04/02/2024,Vitesse,Go Ahead Eagles,0,2,0,1,15,16,5,7,5,6,15,14,1,1,0,1,2.78,3.48,2.44,1.82,1.99
eredivisie,2023,eredivisie_2023_177_az_alkmaar_feyenoord,04/02/2024,AZ Alkmaar,Feyenoord,0,1,0,1,14,6,4,2,5,2,13,11,2,1,0,0,4.41,3.86,1.75,1.73,2.1
eredivisie,2023,eredivisie_2023_178_utrecht_volendam,04/02/2024,Utrecht,Volendam,4,2,2,1,24,5,10,3,9,2,9,9,2,1,0,0,1.33,5.21,8.55,1.6,2.32
eredivisie,2023,eredivisie_2023_179_sparta_rotterdam_zwolle,04/02/2024,Sparta Rotterdam,Zwolle,0,2,0,1,21,12,11,4,13,3,7,10,1,3,0,0,1.92,3.67,3.83,1.79,2.03
eredivisie,2023,eredivisie_2023_180_waalwijk_nijmegen,09/02/2024,Waalwijk,Nijmegen,2,0,2,0,11,17,4,6,4,10,11,8,2,3,0,0,2.81,3.56,2.39,1.73,2.1
eredivisie,2023,eredivisie_2023_181_excelsior_twente,10/02/2024,Excelsior,Twente,0,3,0,3,12,14,3,3,1,4,5,10,1,1,0,0,5.86,4.21,1.54,1.7,2.14
eredivisie,2023,eredivisie_2023_182_almere_city_az_alkmaar,10/02/2024,Almere City,AZ Alkmaar,0,0,0,0,11,10,1,3,5,6,19,11,2,1,0,0,4.76,3.9,1.69,1.78,2.03
eredivisie,2023,eredivisie_2023_183_heracles_vitesse,10/02/2024,Heracles,Vitesse,3,2,1,2,20,12,8,4,8,6,6,6,1,2,0,1,2.09,3.54,3.41,1.77,2.04
eredivisie,2023,eredivisie_2023_184_go_ahead_eagles_zwolle,11/02/2024,Go Ahead Eagles,Zwolle,1,1,0,0,16,15,4,4,8,4,9,12,2,2,0,0,1.73,4.06,4.27,1.59,2.33
eredivisie,2023,eredivisie_2023_185_heerenveen_ajax,11/02/2024,Heerenveen,Ajax,3,2,2,0,17,12,5,6,7,4,12,8,4,0,0,0,4.01,4.4,1.72,1.42,2.81
eredivisie,2023,eredivisie_2023_186_utrecht_for_sittard,11/02/2024,Utrecht,For Sittard,4,0,1,0,16,9,8,1,3,6,12,11,0,0,0,0,1.77,3.7,4.49,1.9,1.89
eredivisie,2023,eredivisie_2023_187_volendam_psv_eindhoven,11/02/2024,Volendam,PSV Eindhoven,1,5,1,1,8,34,2,14,4,7,10,3,2,1,0,0,22.66,10.72,1.09,1.3,3.44
eredivisie,2023,eredivisie_2023_188_feyenoord_sparta_rotterdam,11/02/2024,Feyenoord,Sparta Rotterdam,2,0,0,0,23,5,4,1,8,4,7,3,0,2,0,0,1.14,8.27,17.93,1.43,2.75
eredivisie,2023,eredivisie_2023_189_psv_eindhoven_heracles,16/02/2024,PSV Eindhoven,Heracles,2,0,1,0,39,3,14,0,15,0,6,8,0,3,0,1,1.07,12.6,26.4,1.2,4.37
eredivisie,2023,eredivisie_2023_190_for_sittard_az_alkmaar,17/02/2024,For Sittard,AZ Alkmaar,1,2,1,0,14,19,5,5,3,10,9,9,1,1,0,0,4.21,3.51,1.88,2.06,1.76
eredivisie,2023,eredivisie_2023_191_sparta_rotterdam_excelsior,17/02/2024,Sparta Rotterdam,Excelsior,4,2,2,2,12,11,9,4,4,4,12,9,4,2,0,0,1.83,3.82,4.05,1.73,2.11
eredivisie,2023,eredivisie_2023_192_heerenveen_go_ahead_eagles,17/02/2024,Heerenveen,Go Ahead Eagles,0,2,0,0,21,14,3,7,3,5,9,13,0,2,0,0,1.99,3.7,3.51,1.73,2.11
eredivisie,2023,eredivisie_2023_193_zwolle_almere_city,17/02/2024,Zwolle,Almere City,0,1,0,0,16,5,2,2,4,2,9,16,0,4,0,0,2.12,3.44,3.42,1.92,1.88
eredivisie,2023,eredivisie_2023_194_twente_utrecht,18/02/2024,Twente,Utrecht,0,1,0,1,13,4,2,2,11,0,5,12,0,1,0,0,1.61,4.1,5.24,1.79,2.02
eredivisie,2023,eredivisie_2023_195_ajax_nijmegen,18/02/2024,Ajax,Nijmegen,2,2,1,0,8,16,4,9,2,5,5,10,2,0,0,0,1.42,5.16,6.29,1.36,3.03
eredivisie,2023,eredivisie_2023_196_vitesse_volendam,18/02/2024,Vitesse,Volendam,1,1,1,1,30,8,8,4,12,3,3,7,1,3,0,0,1.75,3.84,4.43,1.81,1.99
eredivisie,2023,eredivisie_2023_197_feyenoord_waalwijk,18/02/2024,Feyenoord,Waalwijk,1,0,0,0,32,5,14,1,19,2,6,9,0,2,0,1,1.1,9.98,20.48,1.3,3.45
eredivisie,2023,eredivisie_2023_198_utrecht_heracles,23/02/2024,Utrecht,Heracles,1,0,0,0,11,4,3,0,9,3,14,10,3,2,0,0,1.37,5.08,7.7,1.53,2.48
eredivisie,2023,eredivisie_2023_199_waalwijk_for_sittard,24/02/2024,Waalwijk,For Sittard,0,1,0,0,9,15,0,6,1,2,13,15,0,0,0,0,2.4,3.36,2.93,1.99,1.81
eredivisie,2023,eredivisie_2023_200_zwolle_psv_eindhoven,24/02/2024,Zwolle,PSV Eindhoven,1,7,1,2,8,25,1,12,3,7,7,8,2,0,0,0,11.95,6.91,1.21,1.36,3.06
eredivisie,2023,eredivisie_2023_201_nijmegen_sparta_rotterdam,24/02/2024,Nijmegen,Sparta Rotterdam,2,0,2,0,22,13,5,6,2,9,16,12,1,4,0,0,1.92,3.71,3.75,1.78,2.02
eredivisie,2023,eredivisie_2023_202_excelsior_vitesse,25/02/2024,Excelsior,Vitesse,1,2,0,0,12,14,7,5,10,11,9,7,0,1,0,0,2.13,3.6,3.24,1.76,2.05
eredivisie,2023,eredivisie_2023_203_almere_city_feyenoord,25/02/2024,Almere City,Feyenoord,0,2,0,0,12,8,6,2,5,5,8,13,3,1,0,0,10.21,5.79,1.27,1.59,2.33
eredivisie,2023,eredivisie_2023_204_twente_go_ahead_eagles,25/02/2024,Twente,Go Ahead Eagles,3,0,2,0,21,10,6,2,6,4,11,9,0,2,0,0,1.52,4.5,5.63,1.64,2.25
eredivisie,2023,eredivisie_2023_205_az_alkmaar_ajax,25/02/2024,AZ Alkmaar,Ajax,2,0,1,0,8,9,3,3,2,1,7,15,2,0,0,0,1.99,3.82,3.39,1.58,2.34
eredivisie,2023,eredivisie_2023_206_volendam_heerenveen,25/02/2024,Volendam,Heerenveen,0,4,0,1,10,22,4,12,4,10,6,10,0,0,0,1,4.29,4.0,1.74,1.63,2.25
eredivisie,2023,eredivisie_2023_207_volendam_nijmegen,01/03/2024,Volendam,Nijmegen,2,5,0,3,14,20,6,11,7,5,6,10,2,2,0,0,5.2,4.33,1.58,1.57,2.39
eredivisie,2023,eredivisie_2023_208_go_ahead_eagles_waalwijk,02/03/2024,Go Ahead Eagles,Waalwijk,1,0,0,0,22,19,8,6,9,7,15,9,0,1,0,0,1.69,4.0,4.68,1.72,2.1
eredivisie,2023,eredivisie_2023_209_vitesse_twente,02/03/2024,Vitesse,Twente,1,2,1,1,6,15,3,5,2,8,13,11,0,2,0,0,5.17,4.04,1.63,1.79,2.01
eredivisie,2023,eredivisie_2023_210_sparta_rotterdam_az_alkmaar,02/03/2024,Sparta Rotterdam,AZ Alkmaar,1,1,0,1,14,15,6,4,5,6,18,5,0,2,0,0,4.08,3.64,1.86,1.93,1.86
eredivisie,2023,eredivisie_2023_211_ajax_utrecht,03/03/2024,Ajax,Utrecht,2,0,1,0,14,6,8,2,1,3,11,12,1,2,1,0,1.78,4.14,3.93,1.53,2.45
eredivisie,2023,eredivisie_2023_212_heerenveen_zwolle,03/03/2024,Heerenveen,Zwolle,2,0,1,0,15,11,6,3,4,6,18,9,3,2,0,0,1.63,4.2,4.85,1.63,2.25
eredivisie,2023,eredivisie_2023_213_psv_eindhoven_feyenoord,03/03/2024,PSV Eindhoven,Feyenoord,2,2,1,1,17,9,8,6,9,2,10,10,4,3,0,0,2.04,3.6,3.42,1.74,2.06
eredivisie,2023,eredivisie_2023_214_for_sittard_excelsior,03/03/2024,For Sittard,Excelsior,5,2,4,0,17,5,8,2,6,1,9,6,2,3,0,0,1.9,3.65,3.88,1.86,1.94
eredivisie,2023,eredivisie_2023_215_heracles_almere_city,03/03/2024,Heracles,Almere City,2,2,0,2,16,14,5,6,5,1,17,12,2,3,0,1,2.55,3.35,2.71,1.99,1.81
eredivisie,2023,eredivisie_2023_216_go_ahead_eagles_psv_eindhoven,08/03/2024,Go Ahead Eagles,PSV Eindhoven,0,1,0,1,12,21,4,11,4,9,9,5,0,2,0,1,6.77,5.18,1.4,1.4,2.89
eredivisie,2023,eredivisie_2023_217_twente_sparta_rotterdam,09/03/2024,Twente,Sparta Rotterdam,2,1,1,0,19,5,5,2,7,3,7,11,1,1,0,0,1.4,4.73,7.48,1.7,2.13
eredivisie,2023,eredivisie_2023_218_almere_city_utrecht,09/03/2024,Almere City,Utrecht,1,1,1,1,9,12,1,4,6,7,15,15,1,2,0,0,3.71,3.37,2.05,2.1,1.73
eredivisie,2023,eredivisie_2023_219_waalwijk_vitesse,09/03/2024,Waalwijk,Vitesse,3,1,1,0,17,19,6,5,4,5,11,9,2,0,0,0,2.25,3.54,3.05,1.8,2.0
eredivisie,2023,eredivisie_2023_220_az_alkmaar_excelsior,10/03/2024,AZ Alkmaar,Excelsior,4,0,3,0,16,4,10,0,3,0,5,9,0,1,0,0,1.27,5.97,10.23,1.53,2.48
eredivisie,2023,eredivisie_2023_221_ajax_for_sittard,10/03/2024,Ajax,For Sittard,2,2,1,0,18,9,8,4,10,2,8,12,1,0,0,0,1.45,4.71,6.41,1.57,2.38
eredivisie,2023,eredivisie_2023_222_zwolle_volendam,10/03/2024,Zwolle,Volendam,1,1,0,0,23,10,10,4,8,3,11,2,0,1,0,0,1.56,4.43,5.3,1.58,2.37
eredivisie,2023,eredivisie_2023_223_nijmegen_heerenveen,10/03/2024,Nijmegen,Heerenveen,2,0,0,0,12,12,5,0,8,6,12,8,0,0,0,0,2.05,3.67,3.39,1.7,2.14
eredivisie,2023,eredivisie_2023_224_feyenoord_heracles,10/03/2024,Feyenoord,Heracles,3,0,2,0,20,3,5,2,9,5,5,5,0,0,0,0,1.07,12.15,25.88,1.23,3.95
eredivisie,2023,eredivisie_2023_225_heracles_go_ahead_eagles,15/03/2024,Heracles,Go Ahead Eagles,2,0,0,0,11,18,3,4,2,8,8,13,2,2,0,0,3.09,3.57,2.21,1.62,2.29
eredivisie,2023,eredivisie_2023_226_for_sittard_zwolle,16/03/2024,For Sittard,Zwolle,3,1,1,0,22,5,12,3,7,5,11,9,1,3,0,0,1.78,3.81,4.35,1.79,2.01
eredivisie,2023,eredivisie_2023_227_excelsior_waalwijk,16/03/2024,Excelsior,Waalwijk,1,1,1,0,18,16,5,5,7,4,11,6,1,2,0,0,2.25,3.49,3.06,1.77,2.05
eredivisie,2023,eredivisie_2023_228_vitesse_almere_city,16/03/2024,Vitesse,Almere City,1,1,0,1,22,8,7,4,8,2,19,13,3,3,0,0,2.22,3.27,3.34,2.05,1.77
eredivisie,2023,eredivisie_2023_229_volendam_az_alkmaar,17/03/2024,Volendam,AZ Alkmaar,0,4,0,2,6,20,2,8,3,4,8,7,0,2,0,0,11.0,6.08,1.24,1.47,2.63
eredivisie,2023,eredivisie_2023_230_heerenveen_feyenoord,17/03/2024,Heerenveen,Feyenoord,2,3,1,1,8,21,3,5,3,8,8,13,1,1,0,0,5.98,4.68,1.47,1.6,2.33
eredivisie,2023,eredivisie_2023_231_utrecht_nijmegen,17/03/2024,Utrecht,Nijmegen,1,0,0,0,14,9,4,5,5,4,9,14,2,1,0,0,1.89,3.66,3.94,1.75,2.07
eredivisie,2023,eredivisie_2023_232_sparta_rotterdam_ajax,17/03/2024,Sparta Rotterdam,Ajax,2,2,1,0,11,13,5,7,2,7,9,5,0,1,0,1,3.33,3.58,2.09,1.69,2.16
eredivisie,2023,eredivisie_2023_233_psv_eindhoven_twente,17/03/2024,PSV Eindhoven,Twente,1,0,0,0,17,11,5,2,4,7,13,7,2,4,0,0,1.41,4.91,6.97,1.55,2.41
eredivisie,2023,eredivisie_2023_234_nijmegen_psv_eindhoven,30/03/2024,Nijmegen,PSV Eindhoven,3,1,1,1,8,27,4,6,1,7,7,5,0,2,0,0,6.41,4.95,1.43,1.47,2.64
eredivisie,2023,eredivisie_2023_235_sparta_rotterdam_for_sittard,30/03/2024,Sparta Rotterdam,For Sittard,4,0,1,0,17,14,9,3,9,4,9,5,0,0,0,0,2.19,3.45,3.24,1.98,1.81
eredivisie,2023,eredivisie_2023_236_go_ahead_eagles_excelsior,30/03/2024,Go Ahead Eagles,Excelsior,3,0,1,0,18,10,6,0,4,5,10,10,1,2,0,0,1.58,4.31,5.21,1.57,2.39
eredivisie,2023,eredivisie_2023_237_waalwijk_heerenveen,30/03/2024,Waalwijk,Heerenveen,1,1,0,0,9,10,3,6,4,6,10,12,1,1,0,0,2.86,3.5,2.37,1.77,2.03
eredivisie,2023,eredivisie_2023_238_az_alkmaar_vitesse,30/03/2024,AZ Alkmaar,Vitesse,2,0,0,0,17,8,5,2,9,6,5,11,0,0,0,0,1.26,5.85,10.68,1.55,2.41
eredivisie,2023,eredivisie_2023_239_zwolle_ajax,31/03/2024,Zwolle,Ajax,1,3,0,2,13,9,4,5,2,1,6,13,4,2,0,0,4.49,4.11,1.69,1.52,2.5
eredivisie,2023,eredivisie_2023_240_feyenoord_utrecht,31/03/2024,Feyenoord,Utrecht,4,2,1,2,27,3,10,3,10,1,8,10,3,2,0,0,1.32,5.42,8.77,1.58,2.35
eredivisie,2023,eredivisie_2023_241_twente_heracles,31/03/2024,Twente,Heracles,1,0,0,0,11,5,3,1,9,3,22,11,1,4,0,0,1.22,6.46,11.66,1.44,2.74
eredivisie,2023,eredivisie_2023_242_almere_city_volendam,31/03/2024,Almere City,Volendam,1,1,0,0,14,18,7,6,4,7,11,9,2,3,0,0,1.44,4.59,6.88,1.71,2.12
eredivisie,2023,eredivisie_2023_243_vitesse_sparta_rotterdam,02/04/2024,Vitesse,Sparta Rotterdam,1,4,1,3,21,12,6,7,8,4,6,7,1,0,0,0,2.72,3.53,2.47,1.73,2.06
eredivisie,2023,eredivisie_2023_244_excelsior_psv_eindhoven,02/04/2024,Excelsior,PSV Eindhoven,0,2,0,0,0,21,0,5,1,12,8,4,1,0,0,0,13.91,8.56,1.16,1.23,3.97
eredivisie,2023,eredivisie_2023_245_for_sittard_nijmegen,02/04/2024,For Sittard,Nijmegen,1,1,0,0,30,6,8,1,9,2,6,9,2,1,0,0,2.34,3.3,3.08,2.09,1.73
eredivisie,2023,eredivisie_2023_246_heracles_az_alkmaar,03/04/2024,Heracles,AZ Alkmaar,5,0,3,0,21,18,9,4,4,6,10,8,2,1,0,0,6.86,4.69,1.43,1.66,2.22
eredivisie,2023,eredivisie_2023_247_utrecht_zwolle,03/04/2024,Utrecht,Zwolle,5,1,0,0,18,5,7,2,5,0,7,6,0,1,0,0,1.48,4.54,6.21,1.64,2.2
eredivisie,2023,eredivisie_2023_248_heerenveen_twente,03/04/2024,Heerenveen,Twente,3,3,2,3,9,14,5,6,3,4,8,11,1,2,0,0,3.58,3.82,1.94,1.7,2.14
eredivisie,2023,eredivisie_2023_249_volendam_feyenoord,04/04/2024,Volendam,Feyenoord,0,0,0,0,9,23,1,10,0,6,22,5,6,2,0,0,22.05,11.01,1.09,1.22,4.06
eredivisie,2023,eredivisie_2023_250_waalwijk_almere_city,04/04/2024,Waalwijk,Almere City,0,0,0,0,15,9,3,0,5,6,7,16,2,1,0,0,2.19,3.43,3.22,1.92,1.88
eredivisie,2023,eredivisie_2023_251_ajax_go_ahead_eagles,04/04/2024,Ajax,Go Ahead Eagles,1,1,1,0,21,10,7,4,2,6,8,6,1,0,0,0,1.47,4.69,6.0,1.49,2.57
eredivisie,2023,eredivisie_2023_252_sparta_rotterdam_heracles,06/04/2024,Sparta Rotterdam,Heracles,1,2,1,0,21,8,4,4,9,3,13,13,1,3,0,0,1.67,4.1,4.71,1.64,2.26
eredivisie,2023,eredivisie_2023_253_psv_eindhoven_az_alkmaar,06/04/2024,PSV Eindhoven,AZ Alkmaar,5,1,2,0,18,10,8,6,4,7,4,9,2,2,0,0,1.44,4.74,6.7,1.59,2.32
eredivisie,2023,eredivisie_2023_254_zwolle_excelsior,06/04/2024,Zwolle,Excelsior,2,1,1,0,25,8,11,4,9,5,13,11,1,2,0,0,2.0,3.81,3.43,1.58,2.35
eredivisie,2023,eredivisie_2023_255_twente_for_sittard,06/04/2024,Twente,For Sittard,2,0,0,0,26,4,8,2,7,0,9,10,0,4,0,1,1.41,4.7,7.58,1.75,2.08
eredivisie,2023,eredivisie_2023_256_vitesse_nijmegen,07/04/2024,Vitesse,Nijmegen,0,3,0,0,20,8,6,7,7,1,16,14,2,4,0,0,2.96,3.61,2.28,1.71,2.13
eredivisie,2023,eredivisie_2023_257_feyenoord_ajax,07/04/2024,Feyenoord,Ajax,6,0,3,0,30,1,15,1,9,1,9,12,0,2,0,0,1.44,4.86,6.41,1.49,2.58
eredivisie,2023,eredivisie_2023_258_go_ahead_eagles_almere_city,07/04/2024,Go Ahead Eagles,Almere City,1,1,1,1,12,18,4,6,3,7,5,12,2,1,0,0,1.66,3.98,4.94,1.78,2.03
eredivisie,2023,eredivisie_2023_259_volendam_waalwijk,07/04/2024,Volendam,Waalwijk,3,2,2,0,20,15,8,8,6,7,13,11,3,2,0,0,3.62,3.77,1.94,1.68,2.17
eredivisie,2023,eredivisie_2023_260_heerenveen_utrecht,07/04/2024,Heerenveen,Utrecht,2,3,0,1,13,18,5,6,5,3,10,10,2,1,1,0,2.61,3.48,2.6,1.82,1.99
eredivisie,2023,eredivisie_2023_261_excelsior_volendam,12/04/2024,Excelsior,Volendam,4,0,2,0,35,13,15,5,11,2,9,9,2,4,1,1,1.77,4.11,4.05,1.52,2.5
eredivisie,2023,eredivisie_2023_262_psv_eindhoven_vitesse,13/04/2024,PSV Eindhoven,Vitesse,6,0,3,0,29,9,12,0,5,4,6,13,0,1,0,0,1.05,13.89,31.97,1.21,4.19
eredivisie,2023,eredivisie_2023_263_az_alkmaar_waalwijk,13/04/2024,AZ Alkmaar,Waalwijk,3,2,0,2,21,5,7,3,8,1,10,13,1,3,0,0,1.29,5.73,9.42,1.5,2.51
eredivisie,2023,eredivisie_2023_264_almere_city_sparta_rotterdam,13/04/2024,Almere City,Sparta Rotterdam,2,3,1,2,13,13,2,5,8,6,18,3,3,0,0,0,2.72,3.4,2.54,1.88,1.91
eredivisie,2023,eredivisie_2023_265_heracles_heerenveen,14/04/2024,Heracles,Heerenveen,0,2,0,1,12,20,3,7,8,8,9,14,1,1,0,0,2.77,3.54,2.4,1.69,2.15
eredivisie,2023,eredivisie_2023_266_for_sittard_feyenoord,14/04/2024,For Sittard,Feyenoord,0,1,0,1,14,10,3,3,3,6,7,15,2,3,0,0,8.16,5.15,1.35,1.6,2.3
eredivisie,2023,eredivisie_2023_267_utrecht_go_ahead_eagles,14/04/2024,Utrecht,Go Ahead Eagles,2,1,1,1,16,14,6,3,5,3,7,7,1,0,0,0,1.74,3.93,4.39,1.66,2.21
eredivisie,2023,eredivisie_2023_268_ajax_twente,14/04/2024,Ajax,Twente,2,1,0,1,8,7,4,3,2,6,4,14,2,1,0,0,2.68,3.57,2.46,1.6,2.31
eredivisie,2023,eredivisie_2023_269_nijmegen_zwolle,14/04/2024,Nijmegen,Zwolle,2,2,0,1,16,10,9,5,10,3,7,22,2,4,0,0,1.54,4.44,5.39,1.54,2.42
eredivisie,2023,eredivisie_2023_270_twente_almere_city,24/04/2024,Twente,Almere City,3,1,1,0,15,7,8,2,8,4,6,11,1,1,0,0,1.28,5.52,10.88,1.65,2.21
eredivisie,2023,eredivisie_2023_271_ajax_excelsior,24/04/2024,Ajax,Excelsior,2,2,1,1,8,9,5,4,4,3,6,11,2,2,1,0,1.28,5.92,9.25,1.4,2.88
eredivisie,2023,eredivisie_2023_272_heerenveen_psv_eindhoven,25/04/2024,Heerenveen,PSV Eindhoven,0,8,0,5,8,16,2,11,2,1,9,6,0,0,0,0,7.22,5.37,1.36,1.42,2.8
eredivisie,2023,eredivisie_2023_273_go_ahead_eagles_feyenoord,25/04/2024,Go Ahead Eagles,Feyenoord,1,3,1,2,16,17,6,7,9,3,6,11,0,0,0,0,5.59,4.58,1.51,1.54,2.42
eredivisie,2023,eredivisie_2023_274_nijmegen_az_alkmaar,28/04/2024,Nijmegen,AZ Alkmaar,0,3,0,1,14,11,6,6,3,2,7,15,2,4,0,0,3.28,3.78,2.04,1.68,2.17
eredivisie,2023,eredivisie_2023_275_zwolle_heracles,28/04/2024,Zwolle,Heracles,3,1,1,1,22,10,6,4,8,8,12,14,3,3,0,0,2.13,3.69,3.14,1.61,2.29
eredivisie,2023,eredivisie_2023_276_sparta_rotterdam_volendam,28/04/2024,Sparta Rotterdam,Volendam,1,0,0,0,10,10,3,2,5,9,7,11,1,2,0,0,1.32,5.59,8.15,1.43,2.76
eredivisie,2023,eredivisie_2023_277_waalwijk_utrecht,28/04/2024,Waalwijk,Utrecht,2,2,1,0,9,11,6,5,4,6,14,10,1,2,0,0,3.07,3.64,2.17,1.74,2.05
eredivisie,2023,eredivisie_2023_278_vitesse_for_sittard,28/04/2024,Vitesse,For Sittard,3,2,1,1,10,19,6,10,3,6,20,8,4,3,1,0,3.48,3.67,1.99,1.86,1.93
eredivisie,2023,eredivisie_2023_279_almere_city_heerenveen,03/05/2024,Almere City,Heerenveen,1,1,0,0,13,18,4,5,3,9,14,6,2,0,1,0,2.77,3.48,2.45,1.76,2.05
eredivisie,2023,eredivisie_2023_280_for_sittard_go_ahead_eagles,03/05/2024,For Sittard,Go Ahead Eagles,0,0,0,0,27,6,5,1,8,0,11,8,1,0,0,0,2.46,3.54,2.7,1.72,2.11
eredivisie,2023,eredivisie_2023_281_heracles_waalwijk,05/05/2024,Heracles,Waalwijk,0,5,0,2,16,19,5,10,4,9,8,14,1,1,0,0,2.26,3.66,2.89,1.6,2.3
eredivisie,2023,eredivisie_2023_282_psv_eindhoven_sparta_rotterdam,05/05/2024,PSV Eindhoven,Sparta Rotterdam,4,2,2,2,18,7,7,1,3,4,8,9,0,1,0,0,1.12,9.13,17.54,1.31,3.31
eredivisie,2023,eredivisie_2023_283_utrecht_vitesse,05/05/2024,Utrecht,Vitesse,1,0,0,0,15,20,6,5,4,7,15,10,0,3,0,0,1.35,5.21,7.79,1.5,2.52
eredivisie,2023,eredivisie_2023_284_volendam_ajax,05/05/2024,Volendam,Ajax,1,4,0,1,8,17,2,11,1,3,8,7,0,0,0,0,7.14,5.89,1.33,1.27,3.62
eredivisie,2023,eredivisie_2023_285_az_alkmaar_twente,05/05/2024,AZ Alkmaar,Twente,2,1,0,1,10,15,4,4,4,11,15,8,3,1,0,0,2.3,3.42,2.98,1.86,1.92
eredivisie,2023,eredivisie_2023_286_feyenoord_zwolle,05/05/2024,Feyenoord,Zwolle,5,0,2,0,30,3,17,0,11,0,8,6,1,1,0,0,1.08,10.87,22.66,1.31,3.31
eredivisie,2023,eredivisie_2023_287_excelsior_nijmegen,06/05/2024,Excelsior,Nijmegen,0,3,0,0,9,19,1,8,3,6,5,10,1,2,1,0,2.91,3.77,2.21,1.51,2.49
eredivisie,2023,eredivisie_2023_288_ajax_almere_city,12/05/2024,Ajax,Almere City,3,0,3,0,11,3,4,0,4,1,11,14,3,2,0,0,1.23,6.41,11.29,1.4,2.85
eredivisie,2023,eredivisie_2023_289_excelsior_heracles,12/05/2024,Excelsior,Heracles,4,0,1,0,19,6,9,0,7,4,5,16,2,3,0,0,1.89,3.95,3.62,1.48,2.59
eredivisie,2023,eredivisie_2023_290_for_sittard_psv_eindhoven,12/05/2024,For Sittard,PSV Eindhoven,1,1,1,0,10,12,6,5,4,9,12,5,2,0,0,0,9.73,6.1,1.26,1.4,2.88
eredivisie,2023,eredivisie_2023_291_go_ahead_eagles_az_alkmaar,12/05/2024,Go Ahead Eagles,AZ Alkmaar,0,3,0,2,16,17,4,4,3,3,10,14,0,0,0,0,4.12,3.85,1.79,1.7,2.13
eredivisie,2023,eredivisie_2023_292_heerenveen_vitesse,12/05/2024,Heerenveen,Vitesse,1,3,1,1,22,16,5,7,7,2,10,16,0,3,0,0,1.46,4.83,5.96,1.43,2.77
eredivisie,2023,eredivisie_2023_293_nijmegen_feyenoord,12/05/2024,Nijmegen,Feyenoord,2,3,0,1,12,21,6,6,7,9,9,16,0,3,1,0,5.29,4.66,1.52,1.44,2.71
eredivisie,2023,eredivisie_2023_294_twente_volendam,12/05/2024,Twente,Volendam,7,2,5,2,19,6,10,2,13,2,5,4,0,2,0,0,1.07,12.2,27.05,1.23,3.92
eredivisie,2023,eredivisie_2023_295_utrecht_sparta_rotterdam,12/05/2024,Utrecht,Sparta Rotterdam,0,1,0,0,20,10,5,4,12,4,6,7,1,0,0,0,1.73,3.99,4.35,1.64,2.24
eredivisie,2023,eredivisie_2023_296_waalwijk_zwolle,12/05/2024,Waalwijk,Zwolle,1,1,0,0,22,15,5,11,10,5,6,6,0,1,0,1,1.67,4.23,4.44,1.52,2.5
eredivisie,2023,eredivisie_2023_297_almere_city_nijmegen,19/05/2024,Almere City,Nijmegen,1,4,1,2,15,21,4,11,6,7,13,9,1,0,0,0,3.12,3.64,2.14,1.68,2.17
eredivisie,2023,eredivisie_2023_298_az_alkmaar_utrecht,19/05/2024,AZ Alkmaar,Utrecht,3,3,3,0,7,21,4,11,3,14,8,3,2,0,1,0,1.43,4.86,6.34,1.49,2.55
eredivisie,2023,eredivisie_2023_299_feyenoord_excelsior,19/05/2024,Feyenoord,Excelsior,4,0,0,0,23,7,7,1,10,6,5,5,0,0,0,0,1.24,6.8,9.06,1.21,3.93
eredivisie,2023,eredivisie_2023_300_heracles_for_sittard,19/05/2024,Heracles,For Sittard,0,0,0,0,9,12,3,4,4,6,15,7,1,0,0,0,2.46,3.6,2.66,1.56,2.37
eredivisie,2023,eredivisie_2023_301_psv_eindhoven_waalwijk,19/05/2024,PSV Eindhoven,Waalwijk,3,1,1,1,34,5,9,2,14,3,5,12,0,5,0,1,1.19,7.5,11.06,1.19,4.15
eredivisie,2023,eredivisie_2023_302_sparta_rotterdam_heerenveen,19/05/2024,Sparta Rotterdam,Heerenveen,2,1,0,0,10,19,4,5,3,8,6,10,0,2,0,0,1.97,3.78,3.45,1.51,2.48
eredivisie,2023,eredivisie_2023_303_vitesse_ajax,19/05/2024,Vitesse,Ajax,2,2,1,1,15,25,6,5,5,11,10,6,2,2,0,0,5.0,4.56,1.56,1.35,3.08
eredivisie,2023,eredivisie_2023_304_volendam_go_ahead_eagles,19/05/2024,Volendam,Go Ahead Eagles,1,2,1,1,14,21,4,11,5,8,6,8,0,1,0,0,5.1,4.73,1.53,1.33,3.15
eredivisie,2023,eredivisie_2023_305_zwolle_twente,19/05/2024,Zwolle,Twente,1,2,0,0,6,26,3,6,1,12,11,6,2,1,0,0,9.47,6.13,1.26,1.39,2.9
