date,game_id,home_team,visitor_team,commence_time,home_ml,away_ml,home_spread,away_spread,total,bookmaker,home_tri,away_tri
2026-06-14,1,Toronto Tempo,Atlanta Dream,2026-06-14T19:00:00Z,,,,,,fanduel,TOR,ATL
2026-06-14,2,Toronto Tempo,Atlanta Dream,2026-06-14T19:00:00Z,,,,,,fanduel,TOR,ATL
2026-06-14,3,Toronto Tempo,Atlanta Dream,2026-06-14T19:00:00Z,,,,,,fanduel,TOR,ATL
2026-06-14,4,Toronto Tempo,Atlanta Dream,2026-06-14T19:00:00Z,,,,,,fanduel,TOR,ATL
2026-06-14,5,Toronto Tempo,Atlanta Dream,2026-06-14T19:00:00Z,,,,,,fanduel,TOR,ATL
2026-06-14,6,Toronto Tempo,Atlanta Dream,2026-06-14T19:00:00Z,,,,,,fanduel,TOR,ATL
2026-06-14,7,Toronto Tempo,Atlanta Dream,2026-06-14T19:00:00Z,,,,,,draftkings,TOR,ATL
2026-06-14,8,Toronto Tempo,Atlanta Dream,2026-06-14T19:00:00Z,,,,,,draftkings,TOR,ATL
2026-06-14,9,Toronto Tempo,Atlanta Dream,2026-06-14T19:00:00Z,,,,,,draftkings,TOR,ATL
2026-06-14,10,Toronto Tempo,Atlanta Dream,2026-06-14T19:00:00Z,,,,,,draftkings,TOR,ATL
2026-06-14,11,Toronto Tempo,Atlanta Dream,2026-06-14T19:00:00Z,,,,,,draftkings,TOR,ATL
2026-06-14,12,Toronto Tempo,Atlanta Dream,2026-06-14T19:00:00Z,,,,,,draftkings,TOR,ATL
2026-06-14,13,Toronto Tempo,Atlanta Dream,2026-06-14T19:00:00Z,,,,,,williamhill_us,TOR,ATL
2026-06-14,14,Toronto Tempo,Atlanta Dream,2026-06-14T19:00:00Z,,,,,,williamhill_us,TOR,ATL
2026-06-14,15,Toronto Tempo,Atlanta Dream,2026-06-14T19:00:00Z,,,,,,williamhill_us,TOR,ATL
2026-06-14,16,Toronto Tempo,Atlanta Dream,2026-06-14T19:00:00Z,,,,,,williamhill_us,TOR,ATL
2026-06-14,17,Toronto Tempo,Atlanta Dream,2026-06-14T19:00:00Z,,,,,,williamhill_us,TOR,ATL
2026-06-14,18,Toronto Tempo,Atlanta Dream,2026-06-14T19:00:00Z,,,,,,williamhill_us,TOR,ATL
2026-06-14,19,Toronto Tempo,Atlanta Dream,2026-06-14T19:00:00Z,,,,,,lowvig,TOR,ATL
2026-06-14,20,Toronto Tempo,Atlanta Dream,2026-06-14T19:00:00Z,,,,,,lowvig,TOR,ATL
2026-06-14,21,Toronto Tempo,Atlanta Dream,2026-06-14T19:00:00Z,,,,,,lowvig,TOR,ATL
2026-06-14,22,Toronto Tempo,Atlanta Dream,2026-06-14T19:00:00Z,,,,,,lowvig,TOR,ATL
2026-06-14,23,Toronto Tempo,Atlanta Dream,2026-06-14T19:00:00Z,,,,,,lowvig,TOR,ATL
2026-06-14,24,Toronto Tempo,Atlanta Dream,2026-06-14T19:00:00Z,,,,,,lowvig,TOR,ATL
2026-06-14,25,Toronto Tempo,Atlanta Dream,2026-06-14T19:00:00Z,,,,,,betonlineag,TOR,ATL
2026-06-14,26,Toronto Tempo,Atlanta Dream,2026-06-14T19:00:00Z,,,,,,betonlineag,TOR,ATL
2026-06-14,27,Toronto Tempo,Atlanta Dream,2026-06-14T19:00:00Z,,,,,,betonlineag,TOR,ATL
2026-06-14,28,Toronto Tempo,Atlanta Dream,2026-06-14T19:00:00Z,,,,,,betonlineag,TOR,ATL
2026-06-14,29,Toronto Tempo,Atlanta Dream,2026-06-14T19:00:00Z,,,,,,betonlineag,TOR,ATL
2026-06-14,30,Toronto Tempo,Atlanta Dream,2026-06-14T19:00:00Z,,,,,,betonlineag,TOR,ATL
2026-06-14,31,Toronto Tempo,Atlanta Dream,2026-06-14T19:00:00Z,,,,,,bovada,TOR,ATL
2026-06-14,32,Toronto Tempo,Atlanta Dream,2026-06-14T19:00:00Z,,,,,,bovada,TOR,ATL
2026-06-14,33,Toronto Tempo,Atlanta Dream,2026-06-14T19:00:00Z,,,,,,bovada,TOR,ATL
2026-06-14,34,Toronto Tempo,Atlanta Dream,2026-06-14T19:00:00Z,,,,,,bovada,TOR,ATL
2026-06-14,35,Toronto Tempo,Atlanta Dream,2026-06-14T19:00:00Z,,,,,,bovada,TOR,ATL
2026-06-14,36,Toronto Tempo,Atlanta Dream,2026-06-14T19:00:00Z,,,,,,bovada,TOR,ATL
2026-06-14,37,Toronto Tempo,Atlanta Dream,2026-06-14T19:00:00Z,,,,,,betrivers,TOR,ATL
2026-06-14,38,Toronto Tempo,Atlanta Dream,2026-06-14T19:00:00Z,,,,,,betrivers,TOR,ATL
2026-06-14,39,Toronto Tempo,Atlanta Dream,2026-06-14T19:00:00Z,,,,,,betrivers,TOR,ATL
2026-06-14,40,Toronto Tempo,Atlanta Dream,2026-06-14T19:00:00Z,,,,,,betrivers,TOR,ATL
2026-06-14,41,Toronto Tempo,Atlanta Dream,2026-06-14T19:00:00Z,,,,,,betrivers,TOR,ATL
2026-06-14,42,Toronto Tempo,Atlanta Dream,2026-06-14T19:00:00Z,,,,,,betrivers,TOR,ATL
2026-06-14,43,Toronto Tempo,Atlanta Dream,2026-06-14T19:00:00Z,,,,,,fanatics,TOR,ATL
2026-06-14,44,Toronto Tempo,Atlanta Dream,2026-06-14T19:00:00Z,,,,,,fanatics,TOR,ATL
2026-06-14,45,Toronto Tempo,Atlanta Dream,2026-06-14T19:00:00Z,,,,,,fanatics,TOR,ATL
2026-06-14,46,Toronto Tempo,Atlanta Dream,2026-06-14T19:00:00Z,,,,,,fanatics,TOR,ATL
2026-06-14,47,Toronto Tempo,Atlanta Dream,2026-06-14T19:00:00Z,,,,,,fanatics,TOR,ATL
2026-06-14,48,Toronto Tempo,Atlanta Dream,2026-06-14T19:00:00Z,,,,,,fanatics,TOR,ATL
2026-06-14,49,Toronto Tempo,Atlanta Dream,2026-06-14T19:00:00Z,,,,,,betus,TOR,ATL
2026-06-14,50,Toronto Tempo,Atlanta Dream,2026-06-14T19:00:00Z,,,,,,betus,TOR,ATL
2026-06-14,51,Toronto Tempo,Atlanta Dream,2026-06-14T19:00:00Z,,,,,,betus,TOR,ATL
2026-06-14,52,Toronto Tempo,Atlanta Dream,2026-06-14T19:00:00Z,,,,,,betus,TOR,ATL
2026-06-14,53,Toronto Tempo,Atlanta Dream,2026-06-14T19:00:00Z,,,,,,betus,TOR,ATL
2026-06-14,54,Toronto Tempo,Atlanta Dream,2026-06-14T19:00:00Z,,,,,,betus,TOR,ATL
2026-06-14,55,Toronto Tempo,Atlanta Dream,2026-06-14T19:00:00Z,,,,,,betmgm,TOR,ATL
2026-06-14,56,Toronto Tempo,Atlanta Dream,2026-06-14T19:00:00Z,,,,,,betmgm,TOR,ATL
2026-06-14,57,Toronto Tempo,Atlanta Dream,2026-06-14T19:00:00Z,,,,,,betmgm,TOR,ATL
2026-06-14,58,Toronto Tempo,Atlanta Dream,2026-06-14T19:00:00Z,,,,,,betmgm,TOR,ATL
2026-06-14,59,Toronto Tempo,Atlanta Dream,2026-06-14T19:00:00Z,,,,,,betmgm,TOR,ATL
2026-06-14,60,Toronto Tempo,Atlanta Dream,2026-06-14T19:00:00Z,,,,,,betmgm,TOR,ATL
2026-06-14,61,Toronto Tempo,Atlanta Dream,2026-06-14T19:00:00Z,,,,,,mybookieag,TOR,ATL
2026-06-14,62,Toronto Tempo,Atlanta Dream,2026-06-14T19:00:00Z,,,,,,mybookieag,TOR,ATL
2026-06-14,63,Toronto Tempo,Atlanta Dream,2026-06-14T19:00:00Z,,,,,,mybookieag,TOR,ATL
2026-06-14,64,Toronto Tempo,Atlanta Dream,2026-06-14T19:00:00Z,,,,,,mybookieag,TOR,ATL
2026-06-14,65,Toronto Tempo,Atlanta Dream,2026-06-14T19:00:00Z,,,,,,mybookieag,TOR,ATL
2026-06-14,66,Toronto Tempo,Atlanta Dream,2026-06-14T19:00:00Z,,,,,,mybookieag,TOR,ATL
2026-06-14,67,New York Liberty,Washington Mystics,2026-06-14T19:00:00Z,,,,,,fanduel,NYL,WSH
2026-06-14,68,New York Liberty,Washington Mystics,2026-06-14T19:00:00Z,,,,,,fanduel,NYL,WSH
2026-06-14,69,New York Liberty,Washington Mystics,2026-06-14T19:00:00Z,,,,,,fanduel,NYL,WSH
2026-06-14,70,New York Liberty,Washington Mystics,2026-06-14T19:00:00Z,,,,,,fanduel,NYL,WSH
2026-06-14,71,New York Liberty,Washington Mystics,2026-06-14T19:00:00Z,,,,,,fanduel,NYL,WSH
2026-06-14,72,New York Liberty,Washington Mystics,2026-06-14T19:00:00Z,,,,,,fanduel,NYL,WSH
2026-06-14,73,New York Liberty,Washington Mystics,2026-06-14T19:00:00Z,,,,,,mybookieag,NYL,WSH
2026-06-14,74,New York Liberty,Washington Mystics,2026-06-14T19:00:00Z,,,,,,mybookieag,NYL,WSH
2026-06-14,75,New York Liberty,Washington Mystics,2026-06-14T19:00:00Z,,,,,,mybookieag,NYL,WSH
2026-06-14,76,New York Liberty,Washington Mystics,2026-06-14T19:00:00Z,,,,,,mybookieag,NYL,WSH
2026-06-14,77,New York Liberty,Washington Mystics,2026-06-14T19:00:00Z,,,,,,mybookieag,NYL,WSH
2026-06-14,78,New York Liberty,Washington Mystics,2026-06-14T19:00:00Z,,,,,,mybookieag,NYL,WSH
2026-06-14,79,New York Liberty,Washington Mystics,2026-06-14T19:00:00Z,,,,,,draftkings,NYL,WSH
2026-06-14,80,New York Liberty,Washington Mystics,2026-06-14T19:00:00Z,,,,,,draftkings,NYL,WSH
2026-06-14,81,New York Liberty,Washington Mystics,2026-06-14T19:00:00Z,,,,,,draftkings,NYL,WSH
2026-06-14,82,New York Liberty,Washington Mystics,2026-06-14T19:00:00Z,,,,,,draftkings,NYL,WSH
2026-06-14,83,New York Liberty,Washington Mystics,2026-06-14T19:00:00Z,,,,,,draftkings,NYL,WSH
2026-06-14,84,New York Liberty,Washington Mystics,2026-06-14T19:00:00Z,,,,,,draftkings,NYL,WSH
2026-06-14,85,New York Liberty,Washington Mystics,2026-06-14T19:00:00Z,,,,,,williamhill_us,NYL,WSH
2026-06-14,86,New York Liberty,Washington Mystics,2026-06-14T19:00:00Z,,,,,,williamhill_us,NYL,WSH
2026-06-14,87,New York Liberty,Washington Mystics,2026-06-14T19:00:00Z,,,,,,williamhill_us,NYL,WSH
2026-06-14,88,New York Liberty,Washington Mystics,2026-06-14T19:00:00Z,,,,,,williamhill_us,NYL,WSH
2026-06-14,89,New York Liberty,Washington Mystics,2026-06-14T19:00:00Z,,,,,,williamhill_us,NYL,WSH
2026-06-14,90,New York Liberty,Washington Mystics,2026-06-14T19:00:00Z,,,,,,williamhill_us,NYL,WSH
2026-06-14,91,New York Liberty,Washington Mystics,2026-06-14T19:00:00Z,,,,,,lowvig,NYL,WSH
2026-06-14,92,New York Liberty,Washington Mystics,2026-06-14T19:00:00Z,,,,,,lowvig,NYL,WSH
2026-06-14,93,New York Liberty,Washington Mystics,2026-06-14T19:00:00Z,,,,,,lowvig,NYL,WSH
2026-06-14,94,New York Liberty,Washington Mystics,2026-06-14T19:00:00Z,,,,,,lowvig,NYL,WSH
2026-06-14,95,New York Liberty,Washington Mystics,2026-06-14T19:00:00Z,,,,,,lowvig,NYL,WSH
2026-06-14,96,New York Liberty,Washington Mystics,2026-06-14T19:00:00Z,,,,,,lowvig,NYL,WSH
2026-06-14,97,New York Liberty,Washington Mystics,2026-06-14T19:00:00Z,,,,,,betonlineag,NYL,WSH
2026-06-14,98,New York Liberty,Washington Mystics,2026-06-14T19:00:00Z,,,,,,betonlineag,NYL,WSH
2026-06-14,99,New York Liberty,Washington Mystics,2026-06-14T19:00:00Z,,,,,,betonlineag,NYL,WSH
2026-06-14,100,New York Liberty,Washington Mystics,2026-06-14T19:00:00Z,,,,,,betonlineag,NYL,WSH
2026-06-14,101,New York Liberty,Washington Mystics,2026-06-14T19:00:00Z,,,,,,betonlineag,NYL,WSH
2026-06-14,102,New York Liberty,Washington Mystics,2026-06-14T19:00:00Z,,,,,,betonlineag,NYL,WSH
2026-06-14,103,New York Liberty,Washington Mystics,2026-06-14T19:00:00Z,,,,,,bovada,NYL,WSH
2026-06-14,104,New York Liberty,Washington Mystics,2026-06-14T19:00:00Z,,,,,,bovada,NYL,WSH
2026-06-14,105,New York Liberty,Washington Mystics,2026-06-14T19:00:00Z,,,,,,bovada,NYL,WSH
2026-06-14,106,New York Liberty,Washington Mystics,2026-06-14T19:00:00Z,,,,,,bovada,NYL,WSH
2026-06-14,107,New York Liberty,Washington Mystics,2026-06-14T19:00:00Z,,,,,,bovada,NYL,WSH
2026-06-14,108,New York Liberty,Washington Mystics,2026-06-14T19:00:00Z,,,,,,bovada,NYL,WSH
2026-06-14,109,New York Liberty,Washington Mystics,2026-06-14T19:00:00Z,,,,,,fanatics,NYL,WSH
2026-06-14,110,New York Liberty,Washington Mystics,2026-06-14T19:00:00Z,,,,,,fanatics,NYL,WSH
2026-06-14,111,New York Liberty,Washington Mystics,2026-06-14T19:00:00Z,,,,,,fanatics,NYL,WSH
2026-06-14,112,New York Liberty,Washington Mystics,2026-06-14T19:00:00Z,,,,,,fanatics,NYL,WSH
2026-06-14,113,New York Liberty,Washington Mystics,2026-06-14T19:00:00Z,,,,,,fanatics,NYL,WSH
2026-06-14,114,New York Liberty,Washington Mystics,2026-06-14T19:00:00Z,,,,,,fanatics,NYL,WSH
2026-06-14,115,New York Liberty,Washington Mystics,2026-06-14T19:00:00Z,,,,,,betrivers,NYL,WSH
2026-06-14,116,New York Liberty,Washington Mystics,2026-06-14T19:00:00Z,,,,,,betrivers,NYL,WSH
2026-06-14,117,New York Liberty,Washington Mystics,2026-06-14T19:00:00Z,,,,,,betrivers,NYL,WSH
2026-06-14,118,New York Liberty,Washington Mystics,2026-06-14T19:00:00Z,,,,,,betrivers,NYL,WSH
2026-06-14,119,New York Liberty,Washington Mystics,2026-06-14T19:00:00Z,,,,,,betrivers,NYL,WSH
2026-06-14,120,New York Liberty,Washington Mystics,2026-06-14T19:00:00Z,,,,,,betrivers,NYL,WSH
2026-06-14,121,New York Liberty,Washington Mystics,2026-06-14T19:00:00Z,,,,,,betus,NYL,WSH
2026-06-14,122,New York Liberty,Washington Mystics,2026-06-14T19:00:00Z,,,,,,betus,NYL,WSH
2026-06-14,123,New York Liberty,Washington Mystics,2026-06-14T19:00:00Z,,,,,,betus,NYL,WSH
2026-06-14,124,New York Liberty,Washington Mystics,2026-06-14T19:00:00Z,,,,,,betus,NYL,WSH
2026-06-14,125,New York Liberty,Washington Mystics,2026-06-14T19:00:00Z,,,,,,betus,NYL,WSH
2026-06-14,126,New York Liberty,Washington Mystics,2026-06-14T19:00:00Z,,,,,,betus,NYL,WSH
2026-06-14,127,New York Liberty,Washington Mystics,2026-06-14T19:00:00Z,,,,,,betmgm,NYL,WSH
2026-06-14,128,New York Liberty,Washington Mystics,2026-06-14T19:00:00Z,,,,,,betmgm,NYL,WSH
2026-06-14,129,New York Liberty,Washington Mystics,2026-06-14T19:00:00Z,,,,,,betmgm,NYL,WSH
2026-06-14,130,New York Liberty,Washington Mystics,2026-06-14T19:00:00Z,,,,,,betmgm,NYL,WSH
2026-06-14,131,New York Liberty,Washington Mystics,2026-06-14T19:00:00Z,,,,,,betmgm,NYL,WSH
2026-06-14,132,New York Liberty,Washington Mystics,2026-06-14T19:00:00Z,,,,,,betmgm,NYL,WSH
