game_id,season_year,game_label,game_subtype,season_type_slug,game_status,game_status_text,date_utc,time_utc,datetime_utc,date_est,time_est,datetime_est,home_team_id,home_tricode,home_city,home_name,away_team_id,away_tricode,away_city,away_name,arena_name,arena_city,arena_state,broadcasters_national
401866150,2025,Preseason,STD,preseason,3,Final,2026-04-25,19:00,2026-04-25 19:00:00+00:00,2026-04-25,15:00,2026-04-25 15:00:00-04:00,9,NYL,New York,Liberty,5,IND,Indiana,Fever,Barclays Center,Brooklyn,NY,ION | Fox 5 New York | Liberty Live
401867790,2025,Preseason,STD,preseason,3,Final,2026-04-25,19:00,2026-04-25 19:00:00+00:00,2026-04-25,15:00,2026-04-25 15:00:00-04:00,6,LAS,Los Angeles,Sparks,17476,NIGER,Nigeria,NIGERIA,Viejas Arena,San Diego,CA,Spectrum Sports Net
401866152,2025,Preseason,STD,preseason,3,Final,2026-04-25,20:00,2026-04-25 20:00:00+00:00,2026-04-25,16:00,2026-04-25 16:00:00-04:00,11,PHX,Phoenix,Mercury,19,CHI,Chicago,Sky,Sanford Pentagon,Sioux Falls,SD,CW26 | Arizona's Family 3TV
401866513,2025,Preseason,STD,preseason,3,Final,2026-04-25,23:30,2026-04-25 23:30:00+00:00,2026-04-25,19:30,2026-04-25 19:30:00-04:00,16,WSH,Washington,Mystics,8,MIN,Minnesota,Lynx,CareFirst Arena,Washington,DC,MNMT | Victory+
401866514,2025,Preseason,STD,preseason,3,Final,2026-04-26,00:30,2026-04-26 00:30:00+00:00,2026-04-25,20:30,2026-04-25 20:30:00-04:00,129689,GSV,Golden State,Valkyries,14,SEA,Seattle,Storm,Chase Center,San Francisco,CA,KPIX+ | CW Seattle
401869973,2025,Preseason,STD,preseason,3,Final,2026-04-27,00:00,2026-04-27 00:00:00+00:00,2026-04-26,20:00,2026-04-26 20:00:00-04:00,17,LVA,Las Vegas,Aces,17475,JPN,Japan,JAPAN,Michelob ULTRA Arena,Las Vegas,NV,Vegas 34
401867791,2025,Preseason,STD,preseason,3,Final,2026-04-28,00:00,2026-04-28 00:00:00+00:00,2026-04-27,20:00,2026-04-27 20:00:00-04:00,8,MIN,Minnesota,Lynx,17476,NIGER,Nigeria,NIGERIA,T-Mobile Center,Kansas City,MO,Victory+
401866515,2025,Preseason,STD,preseason,3,Final,2026-04-29,23:00,2026-04-29 23:00:00+00:00,2026-04-29,19:00,2026-04-29 19:00:00-04:00,131935,TOR,Toronto,Tempo,18,CON,Connecticut,Sun,Coca-Cola Coliseum,Toronto,ON,NBATV Canada
401866517,2025,Preseason,STD,preseason,3,Final,2026-04-29,23:00,2026-04-29 23:00:00+00:00,2026-04-29,19:00,2026-04-29 19:00:00-04:00,19,CHI,Chicago,Sky,20,ATL,Atlanta,Dream,Wintrust Arena,Chicago,IL,CW26
401866516,2025,Preseason,STD,preseason,3,Final,2026-04-30,02:00,2026-04-30 02:00:00+00:00,2026-04-29,22:00,2026-04-29 22:00:00-04:00,14,SEA,Seattle,Storm,132052,POR,Portland,Fire,Climate Pledge Arena,Seattle,WA,CW Seattle | Fox 12 Plus
401867792,2025,Preseason,STD,preseason,3,Final,2026-04-30,02:00,2026-04-30 02:00:00+00:00,2026-04-29,22:00,2026-04-29 22:00:00-04:00,11,PHX,Phoenix,Mercury,17475,JPN,Japan,JAPAN,Mortgage Matchup Center,Phoenix,AZ,Arizona's Family 3TV
401866518,2025,Preseason,STD,preseason,3,Final,2026-04-30,23:00,2026-04-30 23:00:00+00:00,2026-04-30,19:00,2026-04-30 19:00:00-04:00,5,IND,Indiana,Fever,3,DAL,Dallas,Wings,Gainbridge Fieldhouse,Indianapolis,IN,ION
401867793,2026,Preseason,STD,preseason,3,Final,2026-05-02,00:00,2026-05-02 00:00:00+00:00,2026-05-01,20:00,2026-05-01 20:00:00-04:00,8,MIN,Minnesota,Lynx,131935,TOR,Toronto,Tempo,Target Center,Minneapolis,MN,Victory+ | NBATV Canada
401867794,2026,Preseason,STD,preseason,3,Final,2026-05-02,23:00,2026-05-02 23:00:00+00:00,2026-05-02,19:00,2026-05-02 19:00:00-04:00,5,IND,Indiana,Fever,17476,NIGER,Nigeria,NIGERIA,Gainbridge Fieldhouse,Indianapolis,IN,MeTV Indianapolis
401867795,2026,Preseason,STD,preseason,3,Final,2026-05-03,19:00,2026-05-03 19:00:00+00:00,2026-05-03,15:00,2026-05-03 15:00:00-04:00,20,ATL,Atlanta,Dream,16,WSH,Washington,Mystics,Gateway Center,College Park,GA,
401866519,2026,Preseason,STD,preseason,3,Final,2026-05-03,21:00,2026-05-03 21:00:00+00:00,2026-05-03,17:00,2026-05-03 17:00:00-04:00,18,CON,Connecticut,Sun,9,NYL,New York,Liberty,Mohegan Sun Arena,Uncasville,CT,ION
401866520,2026,Preseason,STD,preseason,3,Final,2026-05-03,23:00,2026-05-03 23:00:00+00:00,2026-05-03,19:00,2026-05-03 19:00:00-04:00,3,DAL,Dallas,Wings,17,LVA,Las Vegas,Aces,Moody Center,Austin,TX,ION
401866521,2026,Preseason,STD,preseason,3,Final,2026-05-03,23:00,2026-05-03 23:00:00+00:00,2026-05-03,19:00,2026-05-03 19:00:00-04:00,132052,POR,Portland,Fire,6,LAS,Los Angeles,Sparks,Moda Center,Portland,OR,Fox 12 Plus
401856890,2026,Regular Season,STD,regular-season,3,Final,2026-05-08,23:30,2026-05-08 23:30:00+00:00,2026-05-08,19:30,2026-05-08 19:30:00-04:00,9,NYL,New York,Liberty,18,CON,Connecticut,Sun,Barclays Center,Brooklyn,NY,ION
401856891,2026,Regular Season,STD,regular-season,3,Final,2026-05-08,23:30,2026-05-08 23:30:00+00:00,2026-05-08,19:30,2026-05-08 19:30:00-04:00,131935,TOR,Toronto,Tempo,16,WSH,Washington,Mystics,Coca-Cola Coliseum,Toronto,ON,ION | TSN
401856892,2026,Regular Season,STD,regular-season,3,Final,2026-05-09,02:00,2026-05-09 02:00:00+00:00,2026-05-08,22:00,2026-05-08 22:00:00-04:00,14,SEA,Seattle,Storm,129689,GSV,Golden State,Valkyries,Climate Pledge Arena,Seattle,WA,ION
401856893,2026,Regular Season,STD,regular-season,3,Final,2026-05-09,17:00,2026-05-09 17:00:00+00:00,2026-05-09,13:00,2026-05-09 13:00:00-04:00,5,IND,Indiana,Fever,3,DAL,Dallas,Wings,Gainbridge Fieldhouse,Indianapolis,IN,ABC | Disney+
401856894,2026,Regular Season,STD,regular-season,3,Final,2026-05-09,19:30,2026-05-09 19:30:00+00:00,2026-05-09,15:30,2026-05-09 15:30:00-04:00,17,LVA,Las Vegas,Aces,11,PHX,Phoenix,Mercury,T-Mobile Arena,Las Vegas,NV,ABC | Disney+
401856899,2026,Regular Season,STD,regular-season,3,Final,2026-05-10,00:00,2026-05-10 00:00:00+00:00,2026-05-09,20:00,2026-05-09 20:00:00-04:00,8,MIN,Minnesota,Lynx,20,ATL,Atlanta,Dream,Target Center,Minneapolis,MN,Atlanta News First | Victory+ ATL | Victory+ MIN
401856895,2026,Regular Season,STD,regular-season,3,Final,2026-05-10,01:00,2026-05-10 01:00:00+00:00,2026-05-09,21:00,2026-05-09 21:00:00-04:00,132052,POR,Portland,Fire,19,CHI,Chicago,Sky,Moda Center,Portland,OR,NBA TV | Fox 12 Plus | CW26
401856896,2026,Regular Season,STD,regular-season,3,Final,2026-05-10,17:00,2026-05-10 17:00:00+00:00,2026-05-10,13:00,2026-05-10 13:00:00-04:00,18,CON,Connecticut,Sun,14,SEA,Seattle,Storm,Mohegan Sun Arena,Uncasville,CT,NBC Sports BO | CW Seattle | Prime Video-Seattle
401856897,2026,Regular Season,STD,regular-season,3,Final,2026-05-10,19:00,2026-05-10 19:00:00+00:00,2026-05-10,15:00,2026-05-10 15:00:00-04:00,16,WSH,Washington,Mystics,9,NYL,New York,Liberty,CareFirst Arena,Washington,DC,MNMT | WWOR-TV | Liberty Live
401856898,2026,Regular Season,STD,regular-season,3,Final,2026-05-10,22:00,2026-05-10 22:00:00+00:00,2026-05-10,18:00,2026-05-10 18:00:00-04:00,6,LAS,Los Angeles,Sparks,17,LVA,Las Vegas,Aces,crypto.com Arena,Los Angeles,CA,USA Net | Spectrum Sports Net | Vegas 34
401856900,2026,Regular Season,STD,regular-season,3,Final,2026-05-11,00:30,2026-05-11 00:30:00+00:00,2026-05-10,20:30,2026-05-10 20:30:00-04:00,129689,GSV,Golden State,Valkyries,11,PHX,Phoenix,Mercury,Chase Center,San Francisco,CA,KPIX+ | Arizona's Family 3TV | Merc+
401856901,2026,Regular Season,STD,regular-season,3,Final,2026-05-13,00:00,2026-05-13 00:00:00+00:00,2026-05-12,20:00,2026-05-12 20:00:00-04:00,3,DAL,Dallas,Wings,20,ATL,Atlanta,Dream,College Park Center,Arlington,TX,WNBA League Pass | PeachtreeTV | Victory+ ATL | KFAA-TV
401856902,2026,Regular Season,STD,regular-season,3,Final,2026-05-13,02:00,2026-05-13 02:00:00+00:00,2026-05-12,22:00,2026-05-12 22:00:00-04:00,11,PHX,Phoenix,Mercury,8,MIN,Minnesota,Lynx,Mortgage Matchup Center,Phoenix,AZ,WNBA League Pass | Victory+ | Victory+ MIN | Arizona's Family 3TV | Merc+
401856903,2026,Regular Season,STD,regular-season,3,Final,2026-05-13,02:00,2026-05-13 02:00:00+00:00,2026-05-12,22:00,2026-05-12 22:00:00-04:00,132052,POR,Portland,Fire,9,NYL,New York,Liberty,Moda Center,Portland,OR,WNBA League Pass | WWOR-TV | Liberty Live | Fox 12 Plus
401856904,2026,Regular Season,STD,regular-season,3,Final,2026-05-13,23:00,2026-05-13 23:00:00+00:00,2026-05-13,19:00,2026-05-13 19:00:00-04:00,131935,TOR,Toronto,Tempo,14,SEA,Seattle,Storm,Coca-Cola Coliseum,Toronto,ON,WNBA League Pass | CW Seattle | Prime Video-Seattle | TSN
401856905,2026,Regular Season,STD,regular-season,3,Final,2026-05-14,00:00,2026-05-14 00:00:00+00:00,2026-05-13,20:00,2026-05-13 20:00:00-04:00,18,CON,Connecticut,Sun,17,LVA,Las Vegas,Aces,Mohegan Sun Arena,Uncasville,CT,USA Net | Vegas 34
401856906,2026,Regular Season,STD,regular-season,3,Final,2026-05-14,02:00,2026-05-14 02:00:00+00:00,2026-05-13,22:00,2026-05-13 22:00:00-04:00,129689,GSV,Golden State,Valkyries,19,CHI,Chicago,Sky,Chase Center,San Francisco,CA,WNBA League Pass | CW26 | KPIX+
401856907,2026,Regular Season,STD,regular-season,3,Final,2026-05-14,02:30,2026-05-14 02:30:00+00:00,2026-05-13,22:30,2026-05-13 22:30:00-04:00,6,LAS,Los Angeles,Sparks,5,IND,Indiana,Fever,crypto.com Arena,Los Angeles,CA,USA Net | Spectrum Sports Net
401856908,2026,Regular Season,STD,regular-season,3,Final,2026-05-15,00:00,2026-05-15 00:00:00+00:00,2026-05-14,20:00,2026-05-14 20:00:00-04:00,3,DAL,Dallas,Wings,8,MIN,Minnesota,Lynx,College Park Center,Arlington,TX,Prime Video
401856909,2026,Regular Season,STD,regular-season,3,Final,2026-05-15,02:00,2026-05-15 02:00:00+00:00,2026-05-14,22:00,2026-05-14 22:00:00-04:00,132052,POR,Portland,Fire,9,NYL,New York,Liberty,Moda Center,Portland,OR,Prime Video | WWOR-TV | Liberty Live
401856910,2026,Regular Season,STD,regular-season,3,Final,2026-05-15,23:30,2026-05-15 23:30:00+00:00,2026-05-15,19:30,2026-05-15 19:30:00-04:00,18,CON,Connecticut,Sun,17,LVA,Las Vegas,Aces,Mohegan Sun Arena,Uncasville,CT,WNBA League Pass | Vegas 34 | NBC Sports BO
401856911,2026,Regular Season,STD,regular-season,3,Final,2026-05-15,23:30,2026-05-15 23:30:00+00:00,2026-05-15,19:30,2026-05-15 19:30:00-04:00,5,IND,Indiana,Fever,16,WSH,Washington,Mystics,Gainbridge Fieldhouse,Indianapolis,IN,ION | WNBA League Pass
401856912,2026,Regular Season,STD,regular-season,3,Final,2026-05-16,02:00,2026-05-16 02:00:00+00:00,2026-05-15,22:00,2026-05-15 22:00:00-04:00,6,LAS,Los Angeles,Sparks,131935,TOR,Toronto,Tempo,crypto.com Arena,Los Angeles,CA,ION | WNBA League Pass | TSN
401856913,2026,Regular Season,STD,regular-season,3,Final,2026-05-16,02:00,2026-05-16 02:00:00+00:00,2026-05-15,22:00,2026-05-15 22:00:00-04:00,11,PHX,Phoenix,Mercury,19,CHI,Chicago,Sky,Mortgage Matchup Center,Phoenix,AZ,ION | WNBA League Pass
401856915,2026,Regular Season,STD,regular-season,3,Final,2026-05-17,17:30,2026-05-17 17:30:00+00:00,2026-05-17,13:30,2026-05-17 13:30:00-04:00,20,ATL,Atlanta,Dream,17,LVA,Las Vegas,Aces,State Farm Arena,Atlanta,GA,NBC | Peacock
401856916,2026,Regular Season,STD,regular-season,3,Final,2026-05-17,22:00,2026-05-17 22:00:00+00:00,2026-05-17,18:00,2026-05-17 18:00:00-04:00,5,IND,Indiana,Fever,14,SEA,Seattle,Storm,Gainbridge Fieldhouse,Indianapolis,IN,Peacock | NBCSN | MeTV Indianapolis | KOMO-TV | Prime Video-Seattle
401856914,2026,Regular Season,STD,regular-season,3,Final,2026-05-17,23:00,2026-05-17 23:00:00+00:00,2026-05-17,19:00,2026-05-17 19:00:00-04:00,8,MIN,Minnesota,Lynx,19,CHI,Chicago,Sky,Target Center,Minneapolis,MN,WNBA League Pass | CW26 | Victory+ | Victory+ MIN
401856917,2026,Regular Season,STD,regular-season,3,Final,2026-05-17,23:00,2026-05-17 23:00:00+00:00,2026-05-17,19:00,2026-05-17 19:00:00-04:00,6,LAS,Los Angeles,Sparks,131935,TOR,Toronto,Tempo,crypto.com Arena,Los Angeles,CA,WNBA League Pass | TSN | Spectrum Sports Net
401856918,2026,Regular Season,STD,regular-season,3,Final,2026-05-19,00:00,2026-05-19 00:00:00+00:00,2026-05-18,20:00,2026-05-18 20:00:00-04:00,3,DAL,Dallas,Wings,16,WSH,Washington,Mystics,College Park Center,Arlington,TX,Peacock | NBCSN | MNMT | KFAA-TV
401856919,2026,Regular Season,STD,regular-season,3,Final,2026-05-19,02:00,2026-05-19 02:00:00+00:00,2026-05-18,22:00,2026-05-18 22:00:00-04:00,132052,POR,Portland,Fire,18,CON,Connecticut,Sun,Moda Center,Portland,OR,WNBA League Pass | NBC Sports BO | Fox 12 Plus
401856920,2026,Regular Season,STD,regular-season,3,Final,2026-05-20,02:00,2026-05-20 02:00:00+00:00,2026-05-19,22:00,2026-05-19 22:00:00-04:00,11,PHX,Phoenix,Mercury,131935,TOR,Toronto,Tempo,Mortgage Matchup Center,Phoenix,AZ,WNBA League Pass | TSN | Arizona's Family 3TV | Merc+
401856921,2026,Regular Season,STD,regular-season,3,Final,2026-05-20,23:00,2026-05-20 23:00:00+00:00,2026-05-20,19:00,2026-05-20 19:00:00-04:00,5,IND,Indiana,Fever,132052,POR,Portland,Fire,Gainbridge Fieldhouse,Indianapolis,IN,USA Net | MeTV Indianapolis | Fox 12 Plus
401856922,2026,Regular Season,STD,regular-season,3,Final,2026-05-21,01:00,2026-05-21 01:00:00+00:00,2026-05-20,21:00,2026-05-20 21:00:00-04:00,19,CHI,Chicago,Sky,3,DAL,Dallas,Wings,Wintrust Arena,Chicago,IL,USA Net | CW26 | KFAA-TV
401856923,2026,Regular Season,STD,regular-season,3,Final,2026-05-21,02:00,2026-05-21 02:00:00+00:00,2026-05-20,22:00,2026-05-20 22:00:00-04:00,14,SEA,Seattle,Storm,18,CON,Connecticut,Sun,Climate Pledge Arena,Seattle,WA,WNBA League Pass | NBC Sports BO | CW Seattle | Prime Video-Seattle
401856924,2026,Regular Season,STD,regular-season,3,Final,2026-05-22,00:00,2026-05-22 00:00:00+00:00,2026-05-21,20:00,2026-05-21 20:00:00-04:00,9,NYL,New York,Liberty,129689,GSV,Golden State,Valkyries,Barclays Center,Brooklyn,NY,Prime Video | WWOR-TV | Liberty Live
401856925,2026,Regular Season,STD,regular-season,3,Final,2026-05-22,00:00,2026-05-22 00:00:00+00:00,2026-05-21,20:00,2026-05-21 20:00:00-04:00,8,MIN,Minnesota,Lynx,131935,TOR,Toronto,Tempo,Target Center,Minneapolis,MN,WNBA League Pass | TSN | Victory+ | Victory+ MIN
401856926,2026,Regular Season,STD,regular-season,3,Final,2026-05-22,02:00,2026-05-22 02:00:00+00:00,2026-05-21,22:00,2026-05-21 22:00:00-04:00,11,PHX,Phoenix,Mercury,6,LAS,Los Angeles,Sparks,Mortgage Matchup Center,Phoenix,AZ,Prime Video
401856927,2026,Regular Season,STD,regular-season,3,Final,2026-05-22,23:30,2026-05-22 23:30:00+00:00,2026-05-22,19:30,2026-05-22 19:30:00-04:00,20,ATL,Atlanta,Dream,3,DAL,Dallas,Wings,Gateway Center,College Park,GA,ION | WNBA League Pass
401856928,2026,Regular Season,STD,regular-season,3,Final,2026-05-22,23:30,2026-05-22 23:30:00+00:00,2026-05-22,19:30,2026-05-22 19:30:00-04:00,5,IND,Indiana,Fever,129689,GSV,Golden State,Valkyries,Gainbridge Fieldhouse,Indianapolis,IN,ION | WNBA League Pass
401856929,2026,Regular Season,STD,regular-season,3,Final,2026-05-23,02:00,2026-05-23 02:00:00+00:00,2026-05-22,22:00,2026-05-22 22:00:00-04:00,14,SEA,Seattle,Storm,18,CON,Connecticut,Sun,Climate Pledge Arena,Seattle,WA,ION | WNBA League Pass
401856930,2026,Regular Season,STD,regular-season,3,Final,2026-05-23,17:00,2026-05-23 17:00:00+00:00,2026-05-23,13:00,2026-05-23 13:00:00-04:00,19,CHI,Chicago,Sky,8,MIN,Minnesota,Lynx,Wintrust Arena,Chicago,IL,CBS | Paramount+
401856931,2026,Regular Season,STD,regular-season,3,Final,2026-05-23,22:00,2026-05-23 22:00:00+00:00,2026-05-23,18:00,2026-05-23 18:00:00-04:00,131935,TOR,Toronto,Tempo,132052,POR,Portland,Fire,Coca-Cola Coliseum,Toronto,ON,WNBA League Pass | Fox 12 Plus | TSN
401856932,2026,Regular Season,STD,regular-season,3,Final,2026-05-24,00:00,2026-05-24 00:00:00+00:00,2026-05-23,20:00,2026-05-23 20:00:00-04:00,17,LVA,Las Vegas,Aces,6,LAS,Los Angeles,Sparks,Michelob ULTRA Arena,Las Vegas,NV,CBS | Paramount+
401856933,2026,Regular Season,STD,regular-season,3,Final,2026-05-24,19:00,2026-05-24 19:00:00+00:00,2026-05-24,15:00,2026-05-24 15:00:00-04:00,20,ATL,Atlanta,Dream,11,PHX,Phoenix,Mercury,Gateway Center,College Park,GA,WNBA League Pass | Arizona's Family 3TV | Merc+ | Atlanta News First | Victory+ ATL
401856934,2026,Regular Season,STD,regular-season,3,Final,2026-05-24,19:30,2026-05-24 19:30:00+00:00,2026-05-24,15:30,2026-05-24 15:30:00-04:00,9,NYL,New York,Liberty,3,DAL,Dallas,Wings,Barclays Center,Brooklyn,NY,NBC | Peacock
401856935,2026,Regular Season,STD,regular-season,3,Final,2026-05-24,22:00,2026-05-24 22:00:00+00:00,2026-05-24,18:00,2026-05-24 18:00:00-04:00,14,SEA,Seattle,Storm,16,WSH,Washington,Mystics,Climate Pledge Arena,Seattle,WA,WNBA League Pass | MNMT | KOMO-TV | Prime Video-Seattle
401856936,2026,Regular Season,STD,regular-season,3,Final,2026-05-26,00:00,2026-05-26 00:00:00+00:00,2026-05-25,20:00,2026-05-25 20:00:00-04:00,9,NYL,New York,Liberty,132052,POR,Portland,Fire,Barclays Center,Brooklyn,NY,Peacock | NBCSN | Fox 5 New York | Liberty Live | Fox 12 Plus
401856937,2026,Regular Season,STD,regular-season,3,Final,2026-05-26,02:00,2026-05-26 02:00:00+00:00,2026-05-25,22:00,2026-05-25 22:00:00-04:00,129689,GSV,Golden State,Valkyries,18,CON,Connecticut,Sun,Chase Center,San Francisco,CA,WNBA League Pass | NBC Sports BO | KPIX+
401856938,2026,Regular Season,STD,regular-season,3,Final,2026-05-27,23:00,2026-05-27 23:00:00+00:00,2026-05-27,19:00,2026-05-27 19:00:00-04:00,9,NYL,New York,Liberty,11,PHX,Phoenix,Mercury,Barclays Center,Brooklyn,NY,USA Net | WWOR-TV | Liberty Live | Arizona's Family 3TV | Merc+
401856939,2026,Regular Season,STD,regular-season,3,Final,2026-05-28,00:00,2026-05-28 00:00:00+00:00,2026-05-27,20:00,2026-05-27 20:00:00-04:00,19,CHI,Chicago,Sky,131935,TOR,Toronto,Tempo,Wintrust Arena,Chicago,IL,WNBA League Pass | TSN | CW26
401856940,2026,Regular Season,STD,regular-season,3,Final,2026-05-28,01:00,2026-05-28 01:00:00+00:00,2026-05-27,21:00,2026-05-27 21:00:00-04:00,8,MIN,Minnesota,Lynx,20,ATL,Atlanta,Dream,Target Center,Minneapolis,MN,USA Net | Atlanta News First | Victory+ ATL | Victory+ MIN
401856941,2026,Regular Season,STD,regular-season,3,Final,2026-05-28,02:00,2026-05-28 02:00:00+00:00,2026-05-27,22:00,2026-05-27 22:00:00-04:00,132052,POR,Portland,Fire,18,CON,Connecticut,Sun,Moda Center,Portland,OR,WNBA League Pass | NBC Sports BO | Fox 12 Plus
401856942,2026,Regular Season,STD,regular-season,3,Final,2026-05-28,02:00,2026-05-28 02:00:00+00:00,2026-05-27,22:00,2026-05-27 22:00:00-04:00,14,SEA,Seattle,Storm,16,WSH,Washington,Mystics,Climate Pledge Arena,Seattle,WA,WNBA League Pass | MNMT | CW Seattle | Prime Video-Seattle
401856943,2026,Regular Season,STD,regular-season,3,Final,2026-05-29,00:00,2026-05-29 00:00:00+00:00,2026-05-28,20:00,2026-05-28 20:00:00-04:00,3,DAL,Dallas,Wings,17,LVA,Las Vegas,Aces,College Park Center,Arlington,TX,Prime Video
401856944,2026,Regular Season,STD,regular-season,3,Final,2026-05-29,02:00,2026-05-29 02:00:00+00:00,2026-05-28,22:00,2026-05-28 22:00:00-04:00,129689,GSV,Golden State,Valkyries,5,IND,Indiana,Fever,Chase Center,San Francisco,CA,Prime Video
401856945,2026,Regular Season,STD,regular-season,3,Final,2026-05-29,23:30,2026-05-29 23:30:00+00:00,2026-05-29,19:30,2026-05-29 19:30:00-04:00,9,NYL,New York,Liberty,11,PHX,Phoenix,Mercury,Barclays Center,Brooklyn,NY,ION | WNBA League Pass
401856946,2026,Regular Season,STD,regular-season,3,Final,2026-05-29,23:30,2026-05-29 23:30:00+00:00,2026-05-29,19:30,2026-05-29 19:30:00-04:00,16,WSH,Washington,Mystics,6,LAS,Los Angeles,Sparks,CareFirst Arena,Washington,DC,ION | WNBA League Pass
401856947,2026,Regular Season,STD,regular-season,3,Final,2026-05-29,23:30,2026-05-29 23:30:00+00:00,2026-05-29,19:30,2026-05-29 19:30:00-04:00,19,CHI,Chicago,Sky,8,MIN,Minnesota,Lynx,Wintrust Arena,Chicago,IL,ION | WNBA League Pass
401856948,2026,Regular Season,STD,regular-season,3,Final,2026-05-30,02:00,2026-05-30 02:00:00+00:00,2026-05-29,22:00,2026-05-29 22:00:00-04:00,132052,POR,Portland,Fire,20,ATL,Atlanta,Dream,Moda Center,Portland,OR,ION | WNBA League Pass
401856949,2026,Regular Season,STD,regular-season,3,Final,2026-05-30,17:00,2026-05-30 17:00:00+00:00,2026-05-30,13:00,2026-05-30 13:00:00-04:00,131935,TOR,Toronto,Tempo,14,SEA,Seattle,Storm,Coca-Cola Coliseum,Toronto,ON,WNBA League Pass | KOMO-TV | Prime Video-Seattle | TSN
401856950,2026,Regular Season,STD,regular-season,3,Final,2026-05-30,22:00,2026-05-30 22:00:00+00:00,2026-05-30,18:00,2026-05-30 18:00:00-04:00,18,CON,Connecticut,Sun,6,LAS,Los Angeles,Sparks,PeoplesBank Arena,Hartford,CT,WNBA League Pass | Spectrum Sports Net | NBC Sports BO
401856951,2026,Regular Season,STD,regular-season,3,Final,2026-05-31,00:00,2026-05-31 00:00:00+00:00,2026-05-30,20:00,2026-05-30 20:00:00-04:00,132052,POR,Portland,Fire,5,IND,Indiana,Fever,Moda Center,Portland,OR,CBS | Paramount+
401856952,2026,Regular Season,STD,regular-season,3,Final,2026-05-31,19:30,2026-05-31 19:30:00+00:00,2026-05-31,15:30,2026-05-31 15:30:00-04:00,129689,GSV,Golden State,Valkyries,17,LVA,Las Vegas,Aces,Chase Center,San Francisco,CA,NBC | Peacock
401856953,2026,Regular Season,STD,regular-season,3,Final,2026-06-02,00:00,2026-06-02 00:00:00+00:00,2026-06-01,20:00,2026-06-01 20:00:00-04:00,3,DAL,Dallas,Wings,14,SEA,Seattle,Storm,College Park Center,Arlington,TX,USA Net | KFAA-TV | CW Seattle | Prime Video-Seattle
401856954,2026,Regular Season,STD,regular-season,3,Final,2026-06-02,02:00,2026-06-02 02:00:00+00:00,2026-06-01,22:00,2026-06-01 22:00:00-04:00,11,PHX,Phoenix,Mercury,8,MIN,Minnesota,Lynx,Mortgage Matchup Center,Phoenix,AZ,Peacock | NBCSN | Arizona's Family 3TV | Merc+ | Victory+ MIN
401856955,2026,Regular Season,STD,regular-season,1,Scheduled,2026-06-02,23:30,2026-06-02 23:30:00+00:00,2026-06-02,19:30,2026-06-02 19:30:00-04:00,20,ATL,Atlanta,Dream,18,CON,Connecticut,Sun,Gateway Center,College Park,GA,WNBA League Pass | NBC Sports BO | PeachtreeTV | Victory+ ATL
401856956,2026,Regular Season,STD,regular-season,1,Scheduled,2026-06-02,23:30,2026-06-02 23:30:00+00:00,2026-06-02,19:30,2026-06-02 19:30:00-04:00,16,WSH,Washington,Mystics,19,CHI,Chicago,Sky,CareFirst Arena,Washington,DC,WNBA League Pass | CW26 | MNMT
401856957,2026,Regular Season,STD,regular-season,1,Scheduled,2026-06-03,02:00,2026-06-03 02:00:00+00:00,2026-06-02,22:00,2026-06-02 22:00:00-04:00,129689,GSV,Golden State,Valkyries,132052,POR,Portland,Fire,Chase Center,San Francisco,CA,WNBA League Pass | Fox 12 Plus | KPIX+
401856958,2026,Regular Season,STD,regular-season,1,Scheduled,2026-06-03,02:00,2026-06-03 02:00:00+00:00,2026-06-02,22:00,2026-06-02 22:00:00-04:00,6,LAS,Los Angeles,Sparks,17,LVA,Las Vegas,Aces,crypto.com Arena,Los Angeles,CA,WNBA League Pass | Vegas 34 | Spectrum Sports Net
401856959,2026,Regular Season,STD,regular-season,1,Scheduled,2026-06-03,23:30,2026-06-03 23:30:00+00:00,2026-06-03,19:30,2026-06-03 19:30:00-04:00,9,NYL,New York,Liberty,131935,TOR,Toronto,Tempo,Barclays Center,Brooklyn,NY,USA Net | WWOR-TV | Liberty Live | TSN
401856960,2026,Regular Season,STD,regular-season,1,Scheduled,2026-06-04,02:00,2026-06-04 02:00:00+00:00,2026-06-03,22:00,2026-06-03 22:00:00-04:00,14,SEA,Seattle,Storm,11,PHX,Phoenix,Mercury,Climate Pledge Arena,Seattle,WA,USA Net | CW Seattle | Prime Video-Seattle | AZ Family Sports Net | Merc+
401856961,2026,Regular Season,STD,regular-season,1,Scheduled,2026-06-04,23:00,2026-06-04 23:00:00+00:00,2026-06-04,19:00,2026-06-04 19:00:00-04:00,5,IND,Indiana,Fever,20,ATL,Atlanta,Dream,Gainbridge Fieldhouse,Indianapolis,IN,Prime Video
401856962,2026,Regular Season,STD,regular-season,1,Scheduled,2026-06-05,01:00,2026-06-05 01:00:00+00:00,2026-06-04,21:00,2026-06-04 21:00:00-04:00,8,MIN,Minnesota,Lynx,129689,GSV,Golden State,Valkyries,Target Center,Minneapolis,MN,Prime Video
401856963,2026,Regular Season,STD,regular-season,1,Scheduled,2026-06-05,23:30,2026-06-05 23:30:00+00:00,2026-06-05,19:30,2026-06-05 19:30:00-04:00,19,CHI,Chicago,Sky,18,CON,Connecticut,Sun,Wintrust Arena,Chicago,IL,ION | WNBA League Pass
401856964,2026,Regular Season,STD,regular-season,1,Scheduled,2026-06-06,02:00,2026-06-06 02:00:00+00:00,2026-06-05,22:00,2026-06-05 22:00:00-04:00,6,LAS,Los Angeles,Sparks,3,DAL,Dallas,Wings,crypto.com Arena,Los Angeles,CA,ION | WNBA League Pass
401856965,2026,Regular Season,STD,regular-season,1,Scheduled,2026-06-06,02:00,2026-06-06 02:00:00+00:00,2026-06-05,22:00,2026-06-05 22:00:00-04:00,132052,POR,Portland,Fire,11,PHX,Phoenix,Mercury,Moda Center,Portland,OR,ION | WNBA League Pass
401856966,2026,Regular Season,STD,regular-season,1,Scheduled,2026-06-06,17:00,2026-06-06 17:00:00+00:00,2026-06-06,13:00,2026-06-06 13:00:00-04:00,8,MIN,Minnesota,Lynx,14,SEA,Seattle,Storm,Target Center,Minneapolis,MN,ABC
401856967,2026,Regular Season,STD,regular-season,1,Scheduled,2026-06-06,19:00,2026-06-06 19:00:00+00:00,2026-06-06,15:00,2026-06-06 15:00:00-04:00,17,LVA,Las Vegas,Aces,129689,GSV,Golden State,Valkyries,Michelob ULTRA Arena,Las Vegas,NV,ABC
401856968,2026,Regular Season,STD,regular-season,1,Scheduled,2026-06-06,22:00,2026-06-06 22:00:00+00:00,2026-06-06,18:00,2026-06-06 18:00:00-04:00,20,ATL,Atlanta,Dream,16,WSH,Washington,Mystics,Gateway Center,College Park,GA,WNBA League Pass | MNMT | Atlanta News First | Victory+ ATL
401856969,2026,Regular Season,STD,regular-season,1,Scheduled,2026-06-07,00:00,2026-06-07 00:00:00+00:00,2026-06-06,20:00,2026-06-06 20:00:00-04:00,9,NYL,New York,Liberty,5,IND,Indiana,Fever,Barclays Center,Brooklyn,NY,CBS | Paramount+
401856970,2026,Regular Season,STD,regular-season,1,Scheduled,2026-06-07,19:00,2026-06-07 19:00:00+00:00,2026-06-07,15:00,2026-06-07 15:00:00-04:00,131935,TOR,Toronto,Tempo,19,CHI,Chicago,Sky,Coca-Cola Coliseum,Toronto,ON,WNBA League Pass | CW26 | TSN
401856971,2026,Regular Season,STD,regular-season,1,Scheduled,2026-06-07,23:00,2026-06-07 23:00:00+00:00,2026-06-07,19:00,2026-06-07 19:00:00-04:00,6,LAS,Los Angeles,Sparks,132052,POR,Portland,Fire,crypto.com Arena,Los Angeles,CA,NBA TV | Spectrum Sports Net | Fox 12 Plus
401856972,2026,Regular Season,STD,regular-season,1,Scheduled,2026-06-08,23:00,2026-06-08 23:00:00+00:00,2026-06-08,19:00,2026-06-08 19:00:00-04:00,18,CON,Connecticut,Sun,9,NYL,New York,Liberty,Mohegan Sun Arena,Uncasville,CT,WNBA League Pass | Fox 5 New York | Liberty Live | NBC Sports BO
401856973,2026,Regular Season,STD,regular-season,1,Scheduled,2026-06-08,23:00,2026-06-08 23:00:00+00:00,2026-06-08,19:00,2026-06-08 19:00:00-04:00,16,WSH,Washington,Mystics,5,IND,Indiana,Fever,CareFirst Arena,Washington,DC,Peacock | NBCSN | MNMT | WTHR Channel 13
401856974,2026,Regular Season,STD,regular-season,1,Scheduled,2026-06-09,02:00,2026-06-09 02:00:00+00:00,2026-06-08,22:00,2026-06-08 22:00:00-04:00,17,LVA,Las Vegas,Aces,14,SEA,Seattle,Storm,Michelob ULTRA Arena,Las Vegas,NV,USA Net | Vegas 34 | CW Seattle | Prime Video-Seattle
401856975,2026,Regular Season,STD,regular-season,1,Scheduled,2026-06-09,23:00,2026-06-09 23:00:00+00:00,2026-06-09,19:00,2026-06-09 19:00:00-04:00,19,CHI,Chicago,Sky,20,ATL,Atlanta,Dream,Wintrust Arena,Chicago,IL,ESPN
401856976,2026,Regular Season,STD,regular-season,1,Scheduled,2026-06-10,00:00,2026-06-10 00:00:00+00:00,2026-06-09,20:00,2026-06-09 20:00:00-04:00,8,MIN,Minnesota,Lynx,3,DAL,Dallas,Wings,Target Center,Minneapolis,MN,WNBA League Pass | KFAA-TV | Victory+ MIN
401856977,2026,Regular Season,STD,regular-season,1,Scheduled,2026-06-10,02:00,2026-06-10 02:00:00+00:00,2026-06-09,22:00,2026-06-09 22:00:00-04:00,129689,GSV,Golden State,Valkyries,11,PHX,Phoenix,Mercury,Chase Center,San Francisco,CA,WNBA League Pass | AZ Family Sports Net | Merc+
401856978,2026,Regular Season,STD,regular-season,1,Scheduled,2026-06-10,23:00,2026-06-10 23:00:00+00:00,2026-06-10,19:00,2026-06-10 19:00:00-04:00,131935,TOR,Toronto,Tempo,18,CON,Connecticut,Sun,Coca-Cola Coliseum,Toronto,ON,WNBA League Pass | NBC Sports BO | TSN
401856979,2026,Regular Season,STD,regular-season,1,Scheduled,2026-06-11,02:00,2026-06-11 02:00:00+00:00,2026-06-10,22:00,2026-06-10 22:00:00-04:00,14,SEA,Seattle,Storm,6,LAS,Los Angeles,Sparks,Climate Pledge Arena,Seattle,WA,USA Net | CW Seattle | Prime Video-Seattle | Spectrum Sports Net
401856980,2026,Regular Season,STD,regular-season,1,Scheduled,2026-06-11,23:00,2026-06-11 23:00:00+00:00,2026-06-11,19:00,2026-06-11 19:00:00-04:00,5,IND,Indiana,Fever,19,CHI,Chicago,Sky,Gainbridge Fieldhouse,Indianapolis,IN,Prime Video | WTHR Channel 13
401856981,2026,Regular Season,STD,regular-season,1,Scheduled,2026-06-11,23:30,2026-06-11 23:30:00+00:00,2026-06-11,19:30,2026-06-11 19:30:00-04:00,20,ATL,Atlanta,Dream,9,NYL,New York,Liberty,Gateway Center,College Park,GA,WNBA League Pass | Fox 5 New York | Liberty Live | Atlanta News First | Victory+ ATL
401856982,2026,Regular Season,STD,regular-season,1,Scheduled,2026-06-12,01:00,2026-06-12 01:00:00+00:00,2026-06-11,21:00,2026-06-11 21:00:00-04:00,3,DAL,Dallas,Wings,11,PHX,Phoenix,Mercury,College Park Center,Arlington,TX,Prime Video
401856983,2026,Regular Season,STD,regular-season,1,Scheduled,2026-06-12,02:00,2026-06-12 02:00:00+00:00,2026-06-11,22:00,2026-06-11 22:00:00-04:00,132052,POR,Portland,Fire,17,LVA,Las Vegas,Aces,Moda Center,Portland,OR,WNBA League Pass | Vegas 34 | Fox 12 Plus
401856984,2026,Regular Season,STD,regular-season,1,Scheduled,2026-06-12,23:30,2026-06-12 23:30:00+00:00,2026-06-12,19:30,2026-06-12 19:30:00-04:00,16,WSH,Washington,Mystics,131935,TOR,Toronto,Tempo,CareFirst Arena,Washington,DC,ION | WNBA League Pass | TSN
401856985,2026,Regular Season,STD,regular-season,1,Scheduled,2026-06-13,02:00,2026-06-13 02:00:00+00:00,2026-06-12,22:00,2026-06-12 22:00:00-04:00,14,SEA,Seattle,Storm,129689,GSV,Golden State,Valkyries,Climate Pledge Arena,Seattle,WA,ION | WNBA League Pass
401856986,2026,Regular Season,STD,regular-season,1,Scheduled,2026-06-13,22:00,2026-06-13 22:00:00+00:00,2026-06-13,18:00,2026-06-13 18:00:00-04:00,18,CON,Connecticut,Sun,5,IND,Indiana,Fever,Mohegan Sun Arena,Uncasville,CT,Peacock | NBCSN | WTHR Channel 13
401856987,2026,Regular Season,STD,regular-season,1,Scheduled,2026-06-14,00:00,2026-06-14 00:00:00+00:00,2026-06-13,20:00,2026-06-13 20:00:00-04:00,17,LVA,Las Vegas,Aces,8,MIN,Minnesota,Lynx,Michelob ULTRA Arena,Las Vegas,NV,CBS | Paramount+
401856988,2026,Regular Season,STD,regular-season,1,Scheduled,2026-06-14,00:30,2026-06-14 00:30:00+00:00,2026-06-13,20:30,2026-06-13 20:30:00-04:00,132052,POR,Portland,Fire,3,DAL,Dallas,Wings,Moda Center,Portland,OR,WNBA League Pass | KFAA-TV | Fox 12 Plus
401856989,2026,Regular Season,STD,regular-season,1,Scheduled,2026-06-14,02:00,2026-06-14 02:00:00+00:00,2026-06-13,22:00,2026-06-13 22:00:00-04:00,11,PHX,Phoenix,Mercury,6,LAS,Los Angeles,Sparks,Mortgage Matchup Center,Phoenix,AZ,WNBA League Pass | Spectrum Sports Net | Arizona's Family 3TV | Merc+
401856990,2026,Regular Season,STD,regular-season,1,Scheduled,2026-06-14,19:00,2026-06-14 19:00:00+00:00,2026-06-14,15:00,2026-06-14 15:00:00-04:00,9,NYL,New York,Liberty,16,WSH,Washington,Mystics,Barclays Center,Brooklyn,NY,NBA TV | MNMT | WWOR-TV | Liberty Live
401856991,2026,Regular Season,STD,regular-season,1,Scheduled,2026-06-14,19:00,2026-06-14 19:00:00+00:00,2026-06-14,15:00,2026-06-14 15:00:00-04:00,131935,TOR,Toronto,Tempo,20,ATL,Atlanta,Dream,Coca-Cola Coliseum,Toronto,ON,WNBA League Pass | PeachtreeTV | Victory+ ATL | TSN
401856992,2026,Regular Season,STD,regular-season,1,Scheduled,2026-06-16,00:00,2026-06-16 00:00:00+00:00,2026-06-15,20:00,2026-06-15 20:00:00-04:00,3,DAL,Dallas,Wings,17,LVA,Las Vegas,Aces,College Park Center,Arlington,TX,USA Net | KFAA-TV | Vegas 34
401856993,2026,Regular Season,STD,regular-season,1,Scheduled,2026-06-16,00:00,2026-06-16 00:00:00+00:00,2026-06-15,20:00,2026-06-15 20:00:00-04:00,8,MIN,Minnesota,Lynx,132052,POR,Portland,Fire,Target Center,Minneapolis,MN,WNBA League Pass | Fox 12 Plus | Victory+ MIN
401856994,2026,Regular Season,STD,regular-season,1,Scheduled,2026-06-16,02:00,2026-06-16 02:00:00+00:00,2026-06-15,22:00,2026-06-15 22:00:00-04:00,129689,GSV,Golden State,Valkyries,6,LAS,Los Angeles,Sparks,Chase Center,San Francisco,CA,Peacock | NBCSN | Spectrum Sports Net
401856995,2026,Regular Season,STD,regular-season,1,Scheduled,2026-06-16,23:00,2026-06-16 23:00:00+00:00,2026-06-16,19:00,2026-06-16 19:00:00-04:00,5,IND,Indiana,Fever,131935,TOR,Toronto,Tempo,Gainbridge Fieldhouse,Indianapolis,IN,USA Net | MeTV Indianapolis | TSN
401856996,2026,Regular Season,STD,regular-season,1,Scheduled,2026-06-17,23:00,2026-06-17 23:00:00+00:00,2026-06-17,19:00,2026-06-17 19:00:00-04:00,18,CON,Connecticut,Sun,16,WSH,Washington,Mystics,Mohegan Sun Arena,Uncasville,CT,WNBA League Pass | MNMT | NBC Sports BO
401856997,2026,Regular Season,STD,regular-season,1,Scheduled,2026-06-18,00:00,2026-06-18 00:00:00+00:00,2026-06-17,20:00,2026-06-17 20:00:00-04:00,19,CHI,Chicago,Sky,9,NYL,New York,Liberty,Wintrust Arena,Chicago,IL,USA Net | Fox 5 New York | Liberty Live | CW26
401856998,2026,Regular Season,STD,regular-season,1,Scheduled,2026-06-18,02:00,2026-06-18 02:00:00+00:00,2026-06-17,22:00,2026-06-17 22:00:00-04:00,129689,GSV,Golden State,Valkyries,3,DAL,Dallas,Wings,Chase Center,San Francisco,CA,WNBA League Pass | KFAA-TV | KPIX+
401856999,2026,Regular Season,STD,regular-season,1,Scheduled,2026-06-18,02:00,2026-06-18 02:00:00+00:00,2026-06-17,22:00,2026-06-17 22:00:00-04:00,6,LAS,Los Angeles,Sparks,8,MIN,Minnesota,Lynx,crypto.com Arena,Los Angeles,CA,WNBA League Pass | Victory+ MIN | Spectrum Sports Net
401857000,2026,Regular Season,STD,regular-season,1,Scheduled,2026-06-18,02:00,2026-06-18 02:00:00+00:00,2026-06-17,22:00,2026-06-17 22:00:00-04:00,11,PHX,Phoenix,Mercury,17,LVA,Las Vegas,Aces,Mortgage Matchup Center,Phoenix,AZ,USA Net | AZ Family Sports Net | Merc+ | Vegas 34
401857001,2026,Regular Season,STD,regular-season,1,Scheduled,2026-06-18,02:00,2026-06-18 02:00:00+00:00,2026-06-17,22:00,2026-06-17 22:00:00-04:00,132052,POR,Portland,Fire,14,SEA,Seattle,Storm,Moda Center,Portland,OR,WNBA League Pass | CW Seattle | Prime Video-Seattle | Fox 12 Plus
401857002,2026,Regular Season,STD,regular-season,1,Scheduled,2026-06-18,23:30,2026-06-18 23:30:00+00:00,2026-06-18,19:30,2026-06-18 19:30:00-04:00,5,IND,Indiana,Fever,20,ATL,Atlanta,Dream,Gainbridge Fieldhouse,Indianapolis,IN,Prime Video | Atlanta News First | Victory+ ATL | WTHR Channel 13
401857003,2026,Regular Season,STD,regular-season,1,Scheduled,2026-06-19,23:30,2026-06-19 23:30:00+00:00,2026-06-19,19:30,2026-06-19 19:30:00-04:00,18,CON,Connecticut,Sun,131935,TOR,Toronto,Tempo,Mohegan Sun Arena,Uncasville,CT,WNBA League Pass | TSN | NBC Sports BO
401857004,2026,Regular Season,STD,regular-season,1,Scheduled,2026-06-19,23:30,2026-06-19 23:30:00+00:00,2026-06-19,19:30,2026-06-19 19:30:00-04:00,9,NYL,New York,Liberty,16,WSH,Washington,Mystics,Barclays Center,Brooklyn,NY,ION | WNBA League Pass
401857005,2026,Regular Season,STD,regular-season,1,Scheduled,2026-06-20,02:00,2026-06-20 02:00:00+00:00,2026-06-19,22:00,2026-06-19 22:00:00-04:00,129689,GSV,Golden State,Valkyries,8,MIN,Minnesota,Lynx,Chase Center,San Francisco,CA,ION | WNBA League Pass
401857006,2026,Regular Season,STD,regular-season,1,Scheduled,2026-06-20,17:00,2026-06-20 17:00:00+00:00,2026-06-20,13:00,2026-06-20 13:00:00-04:00,20,ATL,Atlanta,Dream,5,IND,Indiana,Fever,State Farm Arena,Atlanta,GA,ABC
401857007,2026,Regular Season,STD,regular-season,1,Scheduled,2026-06-20,19:00,2026-06-20 19:00:00+00:00,2026-06-20,15:00,2026-06-20 15:00:00-04:00,11,PHX,Phoenix,Mercury,14,SEA,Seattle,Storm,Mortgage Matchup Center,Phoenix,AZ,ABC
401857008,2026,Regular Season,STD,regular-season,1,Scheduled,2026-06-21,00:00,2026-06-21 00:00:00+00:00,2026-06-20,20:00,2026-06-20 20:00:00-04:00,3,DAL,Dallas,Wings,19,CHI,Chicago,Sky,College Park Center,Arlington,TX,CBS | Paramount+
401857009,2026,Regular Season,STD,regular-season,1,Scheduled,2026-06-21,20:00,2026-06-21 20:00:00+00:00,2026-06-21,16:00,2026-06-21 16:00:00-04:00,17,LVA,Las Vegas,Aces,129689,GSV,Golden State,Valkyries,Michelob ULTRA Arena,Las Vegas,NV,CBS | Paramount+
401857010,2026,Regular Season,STD,regular-season,1,Scheduled,2026-06-21,22:00,2026-06-21 22:00:00+00:00,2026-06-21,18:00,2026-06-21 18:00:00-04:00,8,MIN,Minnesota,Lynx,16,WSH,Washington,Mystics,Target Center,Minneapolis,MN,NBA TV | MNMT | Victory+ MIN
401857011,2026,Regular Season,STD,regular-season,1,Scheduled,2026-06-22,00:00,2026-06-22 00:00:00+00:00,2026-06-21,20:00,2026-06-21 20:00:00-04:00,6,LAS,Los Angeles,Sparks,9,NYL,New York,Liberty,crypto.com Arena,Los Angeles,CA,ESPN
401857012,2026,Regular Season,STD,regular-season,1,Scheduled,2026-06-22,23:00,2026-06-22 23:00:00+00:00,2026-06-22,19:00,2026-06-22 19:00:00-04:00,18,CON,Connecticut,Sun,19,CHI,Chicago,Sky,Mohegan Sun Arena,Uncasville,CT,WNBA League Pass | CW26 | NBC Sports BO
401857013,2026,Regular Season,STD,regular-season,1,Scheduled,2026-06-22,23:30,2026-06-22 23:30:00+00:00,2026-06-22,19:30,2026-06-22 19:30:00-04:00,20,ATL,Atlanta,Dream,131935,TOR,Toronto,Tempo,State Farm Arena,Atlanta,GA,WNBA League Pass | TSN | Atlanta News First | Victory+ ATL
401857014,2026,Regular Season,STD,regular-season,1,Scheduled,2026-06-23,00:00,2026-06-23 00:00:00+00:00,2026-06-22,20:00,2026-06-22 20:00:00-04:00,5,IND,Indiana,Fever,11,PHX,Phoenix,Mercury,Gainbridge Fieldhouse,Indianapolis,IN,USA Net | WTHR Channel 13 | Arizona's Family 3TV | Merc+
401857015,2026,Regular Season,STD,regular-season,1,Scheduled,2026-06-23,02:00,2026-06-23 02:00:00+00:00,2026-06-22,22:00,2026-06-22 22:00:00-04:00,14,SEA,Seattle,Storm,3,DAL,Dallas,Wings,Climate Pledge Arena,Seattle,WA,WNBA League Pass | KFAA-TV | CW Seattle | Prime Video-Seattle
401857016,2026,Regular Season,STD,regular-season,1,Scheduled,2026-06-24,02:00,2026-06-24 02:00:00+00:00,2026-06-23,22:00,2026-06-23 22:00:00-04:00,17,LVA,Las Vegas,Aces,9,NYL,New York,Liberty,Michelob ULTRA Arena,Las Vegas,NV,USA Net | WWOR-TV | Liberty Live | Vegas 34
401857017,2026,Regular Season,STD,regular-season,1,Scheduled,2026-06-24,23:30,2026-06-24 23:30:00+00:00,2026-06-24,19:30,2026-06-24 19:30:00-04:00,5,IND,Indiana,Fever,11,PHX,Phoenix,Mercury,Gainbridge Fieldhouse,Indianapolis,IN,USA Net | WTHR Channel 13 | Arizona's Family 3TV | Merc+
401857018,2026,Regular Season,STD,regular-season,1,Scheduled,2026-06-24,23:30,2026-06-24 23:30:00+00:00,2026-06-24,19:30,2026-06-24 19:30:00-04:00,16,WSH,Washington,Mystics,8,MIN,Minnesota,Lynx,CareFirst Arena,Washington,DC,MNMT | Victory+ MIN
401857019,2026,Regular Season,STD,regular-season,1,Scheduled,2026-06-25,00:00,2026-06-25 00:00:00+00:00,2026-06-24,20:00,2026-06-24 20:00:00-04:00,19,CHI,Chicago,Sky,132052,POR,Portland,Fire,Wintrust Arena,Chicago,IL,CW26 | Fox 12 Plus
401857020,2026,Regular Season,STD,regular-season,1,Scheduled,2026-06-25,02:00,2026-06-25 02:00:00+00:00,2026-06-24,22:00,2026-06-24 22:00:00-04:00,129689,GSV,Golden State,Valkyries,20,ATL,Atlanta,Dream,Chase Center,San Francisco,CA,USA Net | KPIX+ | Atlanta News First | Victory+ ATL
401857021,2026,Regular Season,STD,regular-season,1,Scheduled,2026-06-25,23:00,2026-06-25 23:00:00+00:00,2026-06-25,19:00,2026-06-25 19:00:00-04:00,131935,TOR,Toronto,Tempo,6,LAS,Los Angeles,Sparks,Coca-Cola Coliseum,Toronto,ON,Prime Video | Spectrum Sports Net
401857022,2026,Regular Season,STD,regular-season,1,Scheduled,2026-06-26,02:00,2026-06-26 02:00:00+00:00,2026-06-25,22:00,2026-06-25 22:00:00-04:00,17,LVA,Las Vegas,Aces,3,DAL,Dallas,Wings,Michelob ULTRA Arena,Las Vegas,NV,NBA TV | Vegas 34 | KFAA-TV
401857023,2026,Regular Season,STD,regular-season,1,Scheduled,2026-06-26,02:00,2026-06-26 02:00:00+00:00,2026-06-25,22:00,2026-06-25 22:00:00-04:00,14,SEA,Seattle,Storm,9,NYL,New York,Liberty,Climate Pledge Arena,Seattle,WA,WWOR-TV | Liberty Live | CW Seattle | Prime Video-Seattle
401857024,2026,Regular Season,STD,regular-season,1,Scheduled,2026-06-26,23:30,2026-06-26 23:30:00+00:00,2026-06-26,19:30,2026-06-26 19:30:00-04:00,18,CON,Connecticut,Sun,16,WSH,Washington,Mystics,Mohegan Sun Arena,Uncasville,CT,ION
401857025,2026,Regular Season,STD,regular-season,1,Scheduled,2026-06-26,23:30,2026-06-26 23:30:00+00:00,2026-06-26,19:30,2026-06-26 19:30:00-04:00,19,CHI,Chicago,Sky,132052,POR,Portland,Fire,Wintrust Arena,Chicago,IL,ION
401857026,2026,Regular Season,STD,regular-season,1,Scheduled,2026-06-27,02:00,2026-06-27 02:00:00+00:00,2026-06-26,22:00,2026-06-26 22:00:00-04:00,129689,GSV,Golden State,Valkyries,20,ATL,Atlanta,Dream,Chase Center,San Francisco,CA,ION
401857027,2026,Regular Season,STD,regular-season,1,Scheduled,2026-06-27,18:00,2026-06-27 18:00:00+00:00,2026-06-27,14:00,2026-06-27 14:00:00-04:00,131935,TOR,Toronto,Tempo,11,PHX,Phoenix,Mercury,Scotiabank Arena,Toronto,ON,CBS | Paramount+ | TSN
401857028,2026,Regular Season,STD,regular-season,1,Scheduled,2026-06-28,00:00,2026-06-28 00:00:00+00:00,2026-06-27,20:00,2026-06-27 20:00:00-04:00,5,IND,Indiana,Fever,6,LAS,Los Angeles,Sparks,Gainbridge Fieldhouse,Indianapolis,IN,CBS | Paramount+
401857029,2026,Regular Season,STD,regular-season,1,Scheduled,2026-06-28,01:00,2026-06-28 01:00:00+00:00,2026-06-27,21:00,2026-06-27 21:00:00-04:00,14,SEA,Seattle,Storm,20,ATL,Atlanta,Dream,Climate Pledge Arena,Seattle,WA,Atlanta News First | Victory+ ATL | KOMO-TV | Prime Video-Seattle
401857030,2026,Regular Season,STD,regular-season,1,Scheduled,2026-06-28,18:00,2026-06-28 18:00:00+00:00,2026-06-28,14:00,2026-06-28 14:00:00-04:00,3,DAL,Dallas,Wings,8,MIN,Minnesota,Lynx,College Park Center,Arlington,TX,CBS | Paramount+
401857031,2026,Regular Season,STD,regular-season,1,Scheduled,2026-06-28,19:00,2026-06-28 19:00:00+00:00,2026-06-28,15:00,2026-06-28 15:00:00-04:00,16,WSH,Washington,Mystics,132052,POR,Portland,Fire,CareFirst Arena,Washington,DC,Fox 12 Plus | MNMT
401857032,2026,Regular Season,STD,regular-season,1,Scheduled,2026-06-28,20:00,2026-06-28 20:00:00+00:00,2026-06-28,16:00,2026-06-28 16:00:00-04:00,19,CHI,Chicago,Sky,17,LVA,Las Vegas,Aces,United Center,Chicago,IL,CBS | Paramount+
401857033,2026,Regular Season,STD,regular-season,1,Scheduled,2026-06-28,23:00,2026-06-28 23:00:00+00:00,2026-06-28,19:00,2026-06-28 19:00:00-04:00,129689,GSV,Golden State,Valkyries,9,NYL,New York,Liberty,Chase Center,San Francisco,CA,ESPN
401857321,2026,Regular Season,CC,regular-season,1,Scheduled,2026-06-30,04:00,2026-06-30 04:00:00+00:00,2026-06-30,00:00,2026-06-30 00:00:00-04:00,-1,TBD,TBD,TBD,-2,TBD,TBD,TBD,,,,
401857034,2026,Regular Season,STD,regular-season,1,Scheduled,2026-07-02,23:30,2026-07-02 23:30:00+00:00,2026-07-02,19:30,2026-07-02 19:30:00-04:00,16,WSH,Washington,Mystics,20,ATL,Atlanta,Dream,CareFirst Arena,Washington,DC,MNMT | Atlanta News First | Victory+ ATL
401857035,2026,Regular Season,STD,regular-season,1,Scheduled,2026-07-03,00:00,2026-07-03 00:00:00+00:00,2026-07-02,20:00,2026-07-02 20:00:00-04:00,18,CON,Connecticut,Sun,3,DAL,Dallas,Wings,PeoplesBank Arena,Hartford,CT,Prime Video | KFAA-TV
401857036,2026,Regular Season,STD,regular-season,1,Scheduled,2026-07-03,02:00,2026-07-03 02:00:00+00:00,2026-07-02,22:00,2026-07-02 22:00:00-04:00,11,PHX,Phoenix,Mercury,14,SEA,Seattle,Storm,Mortgage Matchup Center,Phoenix,AZ,AZ Family Sports Net | Merc+ | CW Seattle | Prime Video-Seattle
401857037,2026,Regular Season,STD,regular-season,1,Scheduled,2026-07-03,23:30,2026-07-03 23:30:00+00:00,2026-07-03,19:30,2026-07-03 19:30:00-04:00,9,NYL,New York,Liberty,8,MIN,Minnesota,Lynx,Barclays Center,Brooklyn,NY,ION
401857038,2026,Regular Season,STD,regular-season,1,Scheduled,2026-07-04,02:00,2026-07-04 02:00:00+00:00,2026-07-03,22:00,2026-07-03 22:00:00-04:00,17,LVA,Las Vegas,Aces,19,CHI,Chicago,Sky,T-Mobile Arena,Las Vegas,NV,ION
401857039,2026,Regular Season,STD,regular-season,1,Scheduled,2026-07-04,17:00,2026-07-04 17:00:00+00:00,2026-07-04,13:00,2026-07-04 13:00:00-04:00,20,ATL,Atlanta,Dream,129689,GSV,Golden State,Valkyries,Gateway Center,College Park,GA,CBS | Paramount+
401857040,2026,Regular Season,STD,regular-season,1,Scheduled,2026-07-05,01:00,2026-07-05 01:00:00+00:00,2026-07-04,21:00,2026-07-04 21:00:00-04:00,14,SEA,Seattle,Storm,132052,POR,Portland,Fire,Climate Pledge Arena,Seattle,WA,KOMO-TV | Prime Video-Seattle | Fox 12 Plus
401857041,2026,Regular Season,STD,regular-season,1,Scheduled,2026-07-05,19:00,2026-07-05 19:00:00+00:00,2026-07-05,15:00,2026-07-05 15:00:00-04:00,131935,TOR,Toronto,Tempo,3,DAL,Dallas,Wings,Coca-Cola Coliseum,Toronto,ON,TSN | KFAA-TV
401857042,2026,Regular Season,STD,regular-season,1,Scheduled,2026-07-05,23:00,2026-07-05 23:00:00+00:00,2026-07-05,19:00,2026-07-05 19:00:00-04:00,17,LVA,Las Vegas,Aces,5,IND,Indiana,Fever,T-Mobile Arena,Las Vegas,NV,ESPN
401857043,2026,Regular Season,STD,regular-season,1,Scheduled,2026-07-06,23:30,2026-07-06 23:30:00+00:00,2026-07-06,19:30,2026-07-06 19:30:00-04:00,16,WSH,Washington,Mystics,129689,GSV,Golden State,Valkyries,CareFirst Arena,Washington,DC,MNMT
401857044,2026,Regular Season,STD,regular-season,1,Scheduled,2026-07-07,00:00,2026-07-07 00:00:00+00:00,2026-07-06,20:00,2026-07-06 20:00:00-04:00,8,MIN,Minnesota,Lynx,18,CON,Connecticut,Sun,Target Center,Minneapolis,MN,NBC Sports BO | Victory+ MIN
401857045,2026,Regular Season,STD,regular-season,1,Scheduled,2026-07-07,02:00,2026-07-07 02:00:00+00:00,2026-07-06,22:00,2026-07-06 22:00:00-04:00,6,LAS,Los Angeles,Sparks,14,SEA,Seattle,Storm,crypto.com Arena,Los Angeles,CA,USA Net | Spectrum Sports Net | CW Seattle | Prime Video-Seattle
401857046,2026,Regular Season,STD,regular-season,1,Scheduled,2026-07-08,00:00,2026-07-08 00:00:00+00:00,2026-07-07,20:00,2026-07-07 20:00:00-04:00,9,NYL,New York,Liberty,3,DAL,Dallas,Wings,Barclays Center,Brooklyn,NY,ESPN
401857047,2026,Regular Season,STD,regular-season,1,Scheduled,2026-07-08,02:00,2026-07-08 02:00:00+00:00,2026-07-07,22:00,2026-07-07 22:00:00-04:00,11,PHX,Phoenix,Mercury,19,CHI,Chicago,Sky,Mortgage Matchup Center,Phoenix,AZ,AZ Family Sports Net | Merc+ | CW26
401857048,2026,Regular Season,STD,regular-season,1,Scheduled,2026-07-08,23:00,2026-07-08 23:00:00+00:00,2026-07-08,19:00,2026-07-08 19:00:00-04:00,131935,TOR,Toronto,Tempo,129689,GSV,Golden State,Valkyries,Coca-Cola Coliseum,Toronto,ON,KPIX+ | TSN
401857049,2026,Regular Season,STD,regular-season,1,Scheduled,2026-07-08,23:30,2026-07-08 23:30:00+00:00,2026-07-08,19:30,2026-07-08 19:30:00-04:00,18,CON,Connecticut,Sun,8,MIN,Minnesota,Lynx,Mohegan Sun Arena,Uncasville,CT,USA Net | Victory+ MIN
401857050,2026,Regular Season,STD,regular-season,1,Scheduled,2026-07-09,02:00,2026-07-09 02:00:00+00:00,2026-07-08,22:00,2026-07-08 22:00:00-04:00,6,LAS,Los Angeles,Sparks,5,IND,Indiana,Fever,crypto.com Arena,Los Angeles,CA,USA Net | Spectrum Sports Net | WTHR Channel 13
401857051,2026,Regular Season,STD,regular-season,1,Scheduled,2026-07-10,00:00,2026-07-10 00:00:00+00:00,2026-07-09,20:00,2026-07-09 20:00:00-04:00,20,ATL,Atlanta,Dream,14,SEA,Seattle,Storm,Gateway Center,College Park,GA,Prime Video
401857052,2026,Regular Season,STD,regular-season,1,Scheduled,2026-07-10,02:00,2026-07-10 02:00:00+00:00,2026-07-09,22:00,2026-07-09 22:00:00-04:00,11,PHX,Phoenix,Mercury,5,IND,Indiana,Fever,Mortgage Matchup Center,Phoenix,AZ,Prime Video | WTHR Channel 13
401857053,2026,Regular Season,STD,regular-season,1,Scheduled,2026-07-10,02:00,2026-07-10 02:00:00+00:00,2026-07-09,22:00,2026-07-09 22:00:00-04:00,132052,POR,Portland,Fire,17,LVA,Las Vegas,Aces,Moda Center,Portland,OR,Fox 12 Plus | Vegas 34
401857054,2026,Regular Season,STD,regular-season,1,Scheduled,2026-07-10,23:30,2026-07-10 23:30:00+00:00,2026-07-10,19:30,2026-07-10 19:30:00-04:00,18,CON,Connecticut,Sun,129689,GSV,Golden State,Valkyries,Mohegan Sun Arena,Uncasville,CT,ION
401857055,2026,Regular Season,STD,regular-season,1,Scheduled,2026-07-10,23:30,2026-07-10 23:30:00+00:00,2026-07-10,19:30,2026-07-10 19:30:00-04:00,131935,TOR,Toronto,Tempo,3,DAL,Dallas,Wings,Bell Centre,Montreal,PQ,ION | TSN
401857056,2026,Regular Season,STD,regular-season,1,Scheduled,2026-07-11,02:00,2026-07-11 02:00:00+00:00,2026-07-10,22:00,2026-07-10 22:00:00-04:00,6,LAS,Los Angeles,Sparks,19,CHI,Chicago,Sky,crypto.com Arena,Los Angeles,CA,ION
401857057,2026,Regular Season,STD,regular-season,1,Scheduled,2026-07-11,17:00,2026-07-11 17:00:00+00:00,2026-07-11,13:00,2026-07-11 13:00:00-04:00,8,MIN,Minnesota,Lynx,9,NYL,New York,Liberty,Target Center,Minneapolis,MN,ABC
401857059,2026,Regular Season,STD,regular-season,1,Scheduled,2026-07-11,20:00,2026-07-11 20:00:00+00:00,2026-07-11,16:00,2026-07-11 16:00:00-04:00,20,ATL,Atlanta,Dream,132052,POR,Portland,Fire,Gateway Center,College Park,GA,CBS | Paramount+
401857058,2026,Regular Season,STD,regular-season,1,Scheduled,2026-07-11,22:00,2026-07-11 22:00:00+00:00,2026-07-11,18:00,2026-07-11 18:00:00-04:00,17,LVA,Las Vegas,Aces,11,PHX,Phoenix,Mercury,Michelob ULTRA Arena,Las Vegas,NV,Peacock | NBCSN | Vegas 34 | Arizona's Family 3TV | Merc+
401857060,2026,Regular Season,STD,regular-season,1,Scheduled,2026-07-12,19:00,2026-07-12 19:00:00+00:00,2026-07-12,15:00,2026-07-12 15:00:00-04:00,131935,TOR,Toronto,Tempo,9,NYL,New York,Liberty,Bell Centre,Montreal,PQ,NBA TV | Fox 5 New York | Liberty Live | TSN
401857061,2026,Regular Season,STD,regular-season,1,Scheduled,2026-07-12,19:00,2026-07-12 19:00:00+00:00,2026-07-12,15:00,2026-07-12 15:00:00-04:00,16,WSH,Washington,Mystics,14,SEA,Seattle,Storm,CareFirst Arena,Washington,DC,MNMT | KOMO-TV | Prime Video-Seattle
401857062,2026,Regular Season,STD,regular-season,1,Scheduled,2026-07-12,23:00,2026-07-12 23:00:00+00:00,2026-07-12,19:00,2026-07-12 19:00:00-04:00,3,DAL,Dallas,Wings,19,CHI,Chicago,Sky,American Airlines Center,Dallas,TX,ESPN
401857063,2026,Regular Season,STD,regular-season,1,Scheduled,2026-07-13,01:00,2026-07-13 01:00:00+00:00,2026-07-12,21:00,2026-07-12 21:00:00-04:00,17,LVA,Las Vegas,Aces,5,IND,Indiana,Fever,Michelob ULTRA Arena,Las Vegas,NV,NBC | Peacock
401857064,2026,Regular Season,STD,regular-season,1,Scheduled,2026-07-13,23:00,2026-07-13 23:00:00+00:00,2026-07-13,19:00,2026-07-13 19:00:00-04:00,20,ATL,Atlanta,Dream,6,LAS,Los Angeles,Sparks,Gateway Center,College Park,GA,USA Net | Atlanta News First | Victory+ ATL | Spectrum Sports Net
401857065,2026,Regular Season,STD,regular-season,1,Scheduled,2026-07-14,01:00,2026-07-14 01:00:00+00:00,2026-07-13,21:00,2026-07-13 21:00:00-04:00,8,MIN,Minnesota,Lynx,11,PHX,Phoenix,Mercury,Target Center,Minneapolis,MN,Peacock | NBCSN | AZ Family Sports Net | Merc+ | Victory+ MIN
401857066,2026,Regular Season,STD,regular-season,1,Scheduled,2026-07-14,15:00,2026-07-14 15:00:00+00:00,2026-07-14,11:00,2026-07-14 11:00:00-04:00,18,CON,Connecticut,Sun,132052,POR,Portland,Fire,Mohegan Sun Arena,Uncasville,CT,NBC Sports BO | Fox 12 Plus
401857067,2026,Regular Season,STD,regular-season,1,Scheduled,2026-07-14,23:00,2026-07-14 23:00:00+00:00,2026-07-14,19:00,2026-07-14 19:00:00-04:00,131935,TOR,Toronto,Tempo,16,WSH,Washington,Mystics,Coca-Cola Coliseum,Toronto,ON,MNMT | TSN
401857068,2026,Regular Season,STD,regular-season,1,Scheduled,2026-07-15,16:00,2026-07-15 16:00:00+00:00,2026-07-15,12:00,2026-07-15 12:00:00-04:00,19,CHI,Chicago,Sky,14,SEA,Seattle,Storm,Wintrust Arena,Chicago,IL,CW26 | CW Seattle | Prime Video-Seattle
401857069,2026,Regular Season,STD,regular-season,1,Scheduled,2026-07-15,17:00,2026-07-15 17:00:00+00:00,2026-07-15,13:00,2026-07-15 13:00:00-04:00,8,MIN,Minnesota,Lynx,6,LAS,Los Angeles,Sparks,Target Center,Minneapolis,MN,Spectrum Sports Net | Victory+ MIN
401857070,2026,Regular Season,STD,regular-season,1,Scheduled,2026-07-16,00:00,2026-07-16 00:00:00+00:00,2026-07-15,20:00,2026-07-15 20:00:00-04:00,5,IND,Indiana,Fever,129689,GSV,Golden State,Valkyries,Gainbridge Fieldhouse,Indianapolis,IN,USA Net | KPIX+ | WTHR Channel 13
401857071,2026,Regular Season,STD,regular-season,1,Scheduled,2026-07-16,23:00,2026-07-16 23:00:00+00:00,2026-07-16,19:00,2026-07-16 19:00:00-04:00,16,WSH,Washington,Mystics,132052,POR,Portland,Fire,CareFirst Arena,Washington,DC,NBA TV | Fox 12 Plus | MNMT
401857072,2026,Regular Season,STD,regular-season,1,Scheduled,2026-07-17,01:00,2026-07-17 01:00:00+00:00,2026-07-16,21:00,2026-07-16 21:00:00-04:00,3,DAL,Dallas,Wings,9,NYL,New York,Liberty,College Park Center,Arlington,TX,Prime Video
401857073,2026,Regular Season,STD,regular-season,1,Scheduled,2026-07-17,23:30,2026-07-17 23:30:00+00:00,2026-07-17,19:30,2026-07-17 19:30:00-04:00,5,IND,Indiana,Fever,14,SEA,Seattle,Storm,Gainbridge Fieldhouse,Indianapolis,IN,ION
401857074,2026,Regular Season,STD,regular-season,1,Scheduled,2026-07-17,23:30,2026-07-17 23:30:00+00:00,2026-07-17,19:30,2026-07-17 19:30:00-04:00,131935,TOR,Toronto,Tempo,20,ATL,Atlanta,Dream,Coca-Cola Coliseum,Toronto,ON,ION | TSN
401857075,2026,Regular Season,STD,regular-season,1,Scheduled,2026-07-17,23:30,2026-07-17 23:30:00+00:00,2026-07-17,19:30,2026-07-17 19:30:00-04:00,19,CHI,Chicago,Sky,6,LAS,Los Angeles,Sparks,Wintrust Arena,Chicago,IL,ION
401857076,2026,Regular Season,STD,regular-season,1,Scheduled,2026-07-18,02:00,2026-07-18 02:00:00+00:00,2026-07-17,22:00,2026-07-17 22:00:00-04:00,11,PHX,Phoenix,Mercury,18,CON,Connecticut,Sun,Mortgage Matchup Center,Phoenix,AZ,ION
401857077,2026,Regular Season,STD,regular-season,1,Scheduled,2026-07-19,00:00,2026-07-19 00:00:00+00:00,2026-07-18,20:00,2026-07-18 20:00:00-04:00,5,IND,Indiana,Fever,9,NYL,New York,Liberty,Gainbridge Fieldhouse,Indianapolis,IN,CBS | Paramount+
401857078,2026,Regular Season,STD,regular-season,1,Scheduled,2026-07-19,00:00,2026-07-19 00:00:00+00:00,2026-07-18,20:00,2026-07-18 20:00:00-04:00,8,MIN,Minnesota,Lynx,132052,POR,Portland,Fire,Target Center,Minneapolis,MN,Fox 12 Plus | Victory+ MIN
401857079,2026,Regular Season,STD,regular-season,1,Scheduled,2026-07-19,00:30,2026-07-19 00:30:00+00:00,2026-07-18,20:30,2026-07-18 20:30:00-04:00,129689,GSV,Golden State,Valkyries,16,WSH,Washington,Mystics,Chase Center,San Francisco,CA,MNMT | KPIX+
401857080,2026,Regular Season,STD,regular-season,1,Scheduled,2026-07-19,17:00,2026-07-19 17:00:00+00:00,2026-07-19,13:00,2026-07-19 13:00:00-04:00,3,DAL,Dallas,Wings,6,LAS,Los Angeles,Sparks,College Park Center,Arlington,TX,ABC
401857081,2026,Regular Season,STD,regular-season,1,Scheduled,2026-07-19,20:00,2026-07-19 20:00:00+00:00,2026-07-19,16:00,2026-07-19 16:00:00-04:00,20,ATL,Atlanta,Dream,19,CHI,Chicago,Sky,Gateway Center,College Park,GA,CBS | Paramount+
401857082,2026,Regular Season,STD,regular-season,1,Scheduled,2026-07-19,23:00,2026-07-19 23:00:00+00:00,2026-07-19,19:00,2026-07-19 19:00:00-04:00,11,PHX,Phoenix,Mercury,18,CON,Connecticut,Sun,Mortgage Matchup Center,Phoenix,AZ,ESPN
401857083,2026,Regular Season,STD,regular-season,1,Scheduled,2026-07-21,00:00,2026-07-21 00:00:00+00:00,2026-07-20,20:00,2026-07-20 20:00:00-04:00,131935,TOR,Toronto,Tempo,17,LVA,Las Vegas,Aces,Coca-Cola Coliseum,Toronto,ON,Peacock | NBCSN | TSN | Vegas 34
401857084,2026,Regular Season,STD,regular-season,1,Scheduled,2026-07-21,02:00,2026-07-21 02:00:00+00:00,2026-07-20,22:00,2026-07-20 22:00:00-04:00,129689,GSV,Golden State,Valkyries,16,WSH,Washington,Mystics,Chase Center,San Francisco,CA,MNMT
401857085,2026,Regular Season,STD,regular-season,1,Scheduled,2026-07-21,02:00,2026-07-21 02:00:00+00:00,2026-07-20,22:00,2026-07-20 22:00:00-04:00,14,SEA,Seattle,Storm,8,MIN,Minnesota,Lynx,Climate Pledge Arena,Seattle,WA,USA Net | CW Seattle | Prime Video-Seattle | Victory+ MIN
401857086,2026,Regular Season,STD,regular-season,1,Scheduled,2026-07-22,19:00,2026-07-22 19:00:00+00:00,2026-07-22,15:00,2026-07-22 15:00:00-04:00,6,LAS,Los Angeles,Sparks,11,PHX,Phoenix,Mercury,crypto.com Arena,Los Angeles,CA,Spectrum Sports Net | Arizona's Family 3TV | Merc+
401857087,2026,Regular Season,STD,regular-season,1,Scheduled,2026-07-22,19:00,2026-07-22 19:00:00+00:00,2026-07-22,15:00,2026-07-22 15:00:00-04:00,14,SEA,Seattle,Storm,8,MIN,Minnesota,Lynx,Climate Pledge Arena,Seattle,WA,CW Seattle | Prime Video-Seattle | Victory+ MIN
401857088,2026,Regular Season,STD,regular-season,1,Scheduled,2026-07-22,23:00,2026-07-22 23:00:00+00:00,2026-07-22,19:00,2026-07-22 19:00:00-04:00,9,NYL,New York,Liberty,19,CHI,Chicago,Sky,Barclays Center,Brooklyn,NY,Fox 5 New York | Liberty Live
401857089,2026,Regular Season,STD,regular-season,1,Scheduled,2026-07-22,23:30,2026-07-22 23:30:00+00:00,2026-07-22,19:30,2026-07-22 19:30:00-04:00,16,WSH,Washington,Mystics,17,LVA,Las Vegas,Aces,CareFirst Arena,Washington,DC,MNMT | Vegas 34
401857090,2026,Regular Season,STD,regular-season,1,Scheduled,2026-07-23,00:00,2026-07-23 00:00:00+00:00,2026-07-22,20:00,2026-07-22 20:00:00-04:00,5,IND,Indiana,Fever,18,CON,Connecticut,Sun,Gainbridge Fieldhouse,Indianapolis,IN,USA Net | WTHR Channel 13
401857091,2026,Regular Season,STD,regular-season,1,Scheduled,2026-07-23,02:00,2026-07-23 02:00:00+00:00,2026-07-22,22:00,2026-07-22 22:00:00-04:00,132052,POR,Portland,Fire,3,DAL,Dallas,Wings,Moda Center,Portland,OR,USA Net | Fox 12 Plus | KFAA-TV
401857320,2026,Regular Season,ALLSTAR,regular-season,1,Scheduled,2026-07-25,04:00,2026-07-25 04:00:00+00:00,2026-07-25,00:00,2026-07-25 00:00:00-04:00,-1,TBD,TBD,TBD,-2,TBD,TBD,TBD,United Center,Chicago,IL,
401857092,2026,Regular Season,STD,regular-season,1,Scheduled,2026-07-28,23:30,2026-07-28 23:30:00+00:00,2026-07-28,19:30,2026-07-28 19:30:00-04:00,16,WSH,Washington,Mystics,18,CON,Connecticut,Sun,CareFirst Arena,Washington,DC,NBA TV | MNMT | NBC Sports BO
401857093,2026,Regular Season,STD,regular-season,1,Scheduled,2026-07-29,00:00,2026-07-29 00:00:00+00:00,2026-07-28,20:00,2026-07-28 20:00:00-04:00,8,MIN,Minnesota,Lynx,131935,TOR,Toronto,Tempo,Target Center,Minneapolis,MN,TSN | Victory+ MIN
401857094,2026,Regular Season,STD,regular-season,1,Scheduled,2026-07-29,01:30,2026-07-29 01:30:00+00:00,2026-07-28,21:30,2026-07-28 21:30:00-04:00,14,SEA,Seattle,Storm,5,IND,Indiana,Fever,Climate Pledge Arena,Seattle,WA,ESPN | MeTV Indianapolis
401857095,2026,Regular Season,STD,regular-season,1,Scheduled,2026-07-29,02:00,2026-07-29 02:00:00+00:00,2026-07-28,22:00,2026-07-28 22:00:00-04:00,17,LVA,Las Vegas,Aces,132052,POR,Portland,Fire,Michelob ULTRA Arena,Las Vegas,NV,Vegas 34 | Fox 12 Plus
401857096,2026,Regular Season,STD,regular-season,1,Scheduled,2026-07-29,02:00,2026-07-29 02:00:00+00:00,2026-07-28,22:00,2026-07-28 22:00:00-04:00,6,LAS,Los Angeles,Sparks,9,NYL,New York,Liberty,crypto.com Arena,Los Angeles,CA,WWOR-TV | Liberty Live | Spectrum Sports Net
401857097,2026,Regular Season,STD,regular-season,1,Scheduled,2026-07-30,00:00,2026-07-30 00:00:00+00:00,2026-07-29,20:00,2026-07-29 20:00:00-04:00,3,DAL,Dallas,Wings,20,ATL,Atlanta,Dream,College Park Center,Arlington,TX,USA Net | Atlanta News First | Victory+ ATL | KFAA-TV
401857098,2026,Regular Season,STD,regular-season,1,Scheduled,2026-07-30,02:00,2026-07-30 02:00:00+00:00,2026-07-29,22:00,2026-07-29 22:00:00-04:00,11,PHX,Phoenix,Mercury,129689,GSV,Golden State,Valkyries,Mortgage Matchup Center,Phoenix,AZ,USA Net | KPIX+ | AZ Family Sports Net | Merc+
401857099,2026,Regular Season,STD,regular-season,1,Scheduled,2026-07-30,23:00,2026-07-30 23:00:00+00:00,2026-07-30,19:00,2026-07-30 19:00:00-04:00,131935,TOR,Toronto,Tempo,8,MIN,Minnesota,Lynx,Scotiabank Arena,Toronto,ON,TSN | Victory+ MIN
401857100,2026,Regular Season,STD,regular-season,1,Scheduled,2026-07-31,00:00,2026-07-31 00:00:00+00:00,2026-07-30,20:00,2026-07-30 20:00:00-04:00,19,CHI,Chicago,Sky,18,CON,Connecticut,Sun,Wintrust Arena,Chicago,IL,Prime Video
401857101,2026,Regular Season,STD,regular-season,1,Scheduled,2026-07-31,02:00,2026-07-31 02:00:00+00:00,2026-07-30,22:00,2026-07-30 22:00:00-04:00,17,LVA,Las Vegas,Aces,9,NYL,New York,Liberty,Michelob ULTRA Arena,Las Vegas,NV,Prime Video
401857102,2026,Regular Season,STD,regular-season,1,Scheduled,2026-07-31,23:30,2026-07-31 23:30:00+00:00,2026-07-31,19:30,2026-07-31 19:30:00-04:00,20,ATL,Atlanta,Dream,14,SEA,Seattle,Storm,Gateway Center,College Park,GA,ION
401857103,2026,Regular Season,STD,regular-season,1,Scheduled,2026-07-31,23:30,2026-07-31 23:30:00+00:00,2026-07-31,19:30,2026-07-31 19:30:00-04:00,16,WSH,Washington,Mystics,3,DAL,Dallas,Wings,CareFirst Arena,Washington,DC,ION
401857104,2026,Regular Season,STD,regular-season,1,Scheduled,2026-08-01,02:00,2026-08-01 02:00:00+00:00,2026-07-31,22:00,2026-07-31 22:00:00-04:00,132052,POR,Portland,Fire,5,IND,Indiana,Fever,Moda Center,Portland,OR,ION | WTHR Channel 13
401857105,2026,Regular Season,STD,regular-season,1,Scheduled,2026-08-01,17:00,2026-08-01 17:00:00+00:00,2026-08-01,13:00,2026-08-01 13:00:00-04:00,19,CHI,Chicago,Sky,17,LVA,Las Vegas,Aces,Wintrust Arena,Chicago,IL,CBS | Paramount+
401857106,2026,Regular Season,STD,regular-season,1,Scheduled,2026-08-01,19:00,2026-08-01 19:00:00+00:00,2026-08-01,15:00,2026-08-01 15:00:00-04:00,11,PHX,Phoenix,Mercury,9,NYL,New York,Liberty,Mortgage Matchup Center,Phoenix,AZ,ABC
401857107,2026,Regular Season,STD,regular-season,1,Scheduled,2026-08-02,17:00,2026-08-02 17:00:00+00:00,2026-08-02,13:00,2026-08-02 13:00:00-04:00,8,MIN,Minnesota,Lynx,5,IND,Indiana,Fever,Target Center,Minneapolis,MN,ABC
401857108,2026,Regular Season,STD,regular-season,1,Scheduled,2026-08-02,19:30,2026-08-02 19:30:00+00:00,2026-08-02,15:30,2026-08-02 15:30:00-04:00,132052,POR,Portland,Fire,6,LAS,Los Angeles,Sparks,Moda Center,Portland,OR,NBC | Peacock
401857109,2026,Regular Season,STD,regular-season,1,Scheduled,2026-08-02,23:00,2026-08-02 23:00:00+00:00,2026-08-02,19:00,2026-08-02 19:00:00-04:00,3,DAL,Dallas,Wings,18,CON,Connecticut,Sun,College Park Center,Arlington,TX,ESPN
401857110,2026,Regular Season,STD,regular-season,1,Scheduled,2026-08-03,00:30,2026-08-03 00:30:00+00:00,2026-08-02,20:30,2026-08-02 20:30:00-04:00,129689,GSV,Golden State,Valkyries,131935,TOR,Toronto,Tempo,Chase Center,San Francisco,CA,KPIX+ | TSN
401857112,2026,Regular Season,STD,regular-season,1,Scheduled,2026-08-03,23:00,2026-08-03 23:00:00+00:00,2026-08-03,19:00,2026-08-03 19:00:00-04:00,9,NYL,New York,Liberty,14,SEA,Seattle,Storm,Barclays Center,Brooklyn,NY,Peacock | NBCSN | WWOR-TV | Liberty Live | CW Seattle | Prime Video-Seattle
401857111,2026,Regular Season,STD,regular-season,1,Scheduled,2026-08-03,23:30,2026-08-03 23:30:00+00:00,2026-08-03,19:30,2026-08-03 19:30:00-04:00,20,ATL,Atlanta,Dream,17,LVA,Las Vegas,Aces,Gateway Center,College Park,GA,Atlanta News First | Victory+ ATL | Vegas 34
401857113,2026,Regular Season,STD,regular-season,1,Scheduled,2026-08-04,01:00,2026-08-04 01:00:00+00:00,2026-08-03,21:00,2026-08-03 21:00:00-04:00,19,CHI,Chicago,Sky,11,PHX,Phoenix,Mercury,Wintrust Arena,Chicago,IL,USA Net | CW26 | AZ Family Sports Net | Merc+
401857114,2026,Regular Season,STD,regular-season,1,Scheduled,2026-08-05,02:00,2026-08-05 02:00:00+00:00,2026-08-04,22:00,2026-08-04 22:00:00-04:00,129689,GSV,Golden State,Valkyries,131935,TOR,Toronto,Tempo,Chase Center,San Francisco,CA,TSN
401857115,2026,Regular Season,STD,regular-season,1,Scheduled,2026-08-05,23:00,2026-08-05 23:00:00+00:00,2026-08-05,19:00,2026-08-05 19:00:00-04:00,20,ATL,Atlanta,Dream,11,PHX,Phoenix,Mercury,Gateway Center,College Park,GA,Atlanta News First | Victory+ ATL | Arizona's Family 3TV | Merc+
401857116,2026,Regular Season,STD,regular-season,1,Scheduled,2026-08-05,23:00,2026-08-05 23:00:00+00:00,2026-08-05,19:00,2026-08-05 19:00:00-04:00,9,NYL,New York,Liberty,14,SEA,Seattle,Storm,Barclays Center,Brooklyn,NY,USA Net | Fox 5 New York | Liberty Live | CW Seattle | Prime Video-Seattle
401857117,2026,Regular Season,STD,regular-season,1,Scheduled,2026-08-05,23:30,2026-08-05 23:30:00+00:00,2026-08-05,19:30,2026-08-05 19:30:00-04:00,16,WSH,Washington,Mystics,3,DAL,Dallas,Wings,CareFirst Arena,Washington,DC,KFAA-TV | MNMT
401857118,2026,Regular Season,STD,regular-season,1,Scheduled,2026-08-06,01:00,2026-08-06 01:00:00+00:00,2026-08-05,21:00,2026-08-05 21:00:00-04:00,19,CHI,Chicago,Sky,6,LAS,Los Angeles,Sparks,Wintrust Arena,Chicago,IL,USA Net | CW26 | Spectrum Sports Net
401857119,2026,Regular Season,STD,regular-season,1,Scheduled,2026-08-06,23:00,2026-08-06 23:00:00+00:00,2026-08-06,19:00,2026-08-06 19:00:00-04:00,5,IND,Indiana,Fever,17,LVA,Las Vegas,Aces,Gainbridge Fieldhouse,Indianapolis,IN,Prime Video
401857120,2026,Regular Season,STD,regular-season,1,Scheduled,2026-08-07,01:00,2026-08-07 01:00:00+00:00,2026-08-06,21:00,2026-08-06 21:00:00-04:00,8,MIN,Minnesota,Lynx,6,LAS,Los Angeles,Sparks,Target Center,Minneapolis,MN,Prime Video
401857121,2026,Regular Season,STD,regular-season,1,Scheduled,2026-08-07,02:00,2026-08-07 02:00:00+00:00,2026-08-06,22:00,2026-08-06 22:00:00-04:00,132052,POR,Portland,Fire,131935,TOR,Toronto,Tempo,Moda Center,Portland,OR,Fox 12 Plus | TSN
401857122,2026,Regular Season,STD,regular-season,1,Scheduled,2026-08-07,23:30,2026-08-07 23:30:00+00:00,2026-08-07,19:30,2026-08-07 19:30:00-04:00,18,CON,Connecticut,Sun,11,PHX,Phoenix,Mercury,Mohegan Sun Arena,Uncasville,CT,ION
401857123,2026,Regular Season,STD,regular-season,1,Scheduled,2026-08-07,23:30,2026-08-07 23:30:00+00:00,2026-08-07,19:30,2026-08-07 19:30:00-04:00,16,WSH,Washington,Mystics,20,ATL,Atlanta,Dream,CareFirst Arena,Washington,DC,ION
401857124,2026,Regular Season,STD,regular-season,1,Scheduled,2026-08-08,01:30,2026-08-08 01:30:00+00:00,2026-08-07,21:30,2026-08-07 21:30:00-04:00,3,DAL,Dallas,Wings,129689,GSV,Golden State,Valkyries,American Airlines Center,Dallas,TX,ION
401857125,2026,Regular Season,STD,regular-season,1,Scheduled,2026-08-08,17:00,2026-08-08 17:00:00+00:00,2026-08-08,13:00,2026-08-08 13:00:00-04:00,8,MIN,Minnesota,Lynx,17,LVA,Las Vegas,Aces,Target Center,Minneapolis,MN,CBS | Paramount+
401857126,2026,Regular Season,STD,regular-season,1,Scheduled,2026-08-08,19:30,2026-08-08 19:30:00+00:00,2026-08-08,15:30,2026-08-08 15:30:00-04:00,19,CHI,Chicago,Sky,5,IND,Indiana,Fever,United Center,Chicago,IL,ABC
401857127,2026,Regular Season,STD,regular-season,1,Scheduled,2026-08-09,00:30,2026-08-09 00:30:00+00:00,2026-08-08,20:30,2026-08-08 20:30:00-04:00,132052,POR,Portland,Fire,14,SEA,Seattle,Storm,Moda Center,Portland,OR,NBA TV | Fox 12 Plus | KOMO-TV | Prime Video-Seattle
401857128,2026,Regular Season,STD,regular-season,1,Scheduled,2026-08-09,16:30,2026-08-09 16:30:00+00:00,2026-08-09,12:30,2026-08-09 12:30:00-04:00,9,NYL,New York,Liberty,17,LVA,Las Vegas,Aces,Barclays Center,Brooklyn,NY,ABC
401857129,2026,Regular Season,STD,regular-season,1,Scheduled,2026-08-09,19:00,2026-08-09 19:00:00+00:00,2026-08-09,15:00,2026-08-09 15:00:00-04:00,16,WSH,Washington,Mystics,11,PHX,Phoenix,Mercury,CareFirst Arena,Washington,DC,Arizona's Family 3TV | Merc+ | MNMT
401857130,2026,Regular Season,STD,regular-season,1,Scheduled,2026-08-09,19:30,2026-08-09 19:30:00+00:00,2026-08-09,15:30,2026-08-09 15:30:00-04:00,8,MIN,Minnesota,Lynx,3,DAL,Dallas,Wings,Target Center,Minneapolis,MN,NBC | Peacock
401857131,2026,Regular Season,STD,regular-season,1,Scheduled,2026-08-09,23:00,2026-08-09 23:00:00+00:00,2026-08-09,19:00,2026-08-09 19:00:00-04:00,6,LAS,Los Angeles,Sparks,129689,GSV,Golden State,Valkyries,crypto.com Arena,Los Angeles,CA,ESPN
401857132,2026,Regular Season,STD,regular-season,1,Scheduled,2026-08-11,00:00,2026-08-11 00:00:00+00:00,2026-08-10,20:00,2026-08-10 20:00:00-04:00,20,ATL,Atlanta,Dream,131935,TOR,Toronto,Tempo,Gateway Center,College Park,GA,Peacock | NBCSN | Atlanta News First | Victory+ ATL | TSN
401857133,2026,Regular Season,STD,regular-season,1,Scheduled,2026-08-11,02:00,2026-08-11 02:00:00+00:00,2026-08-10,22:00,2026-08-10 22:00:00-04:00,14,SEA,Seattle,Storm,19,CHI,Chicago,Sky,Climate Pledge Arena,Seattle,WA,USA Net | CW Seattle | Prime Video-Seattle | CW26
401857134,2026,Regular Season,STD,regular-season,1,Scheduled,2026-08-11,23:30,2026-08-11 23:30:00+00:00,2026-08-11,19:30,2026-08-11 19:30:00-04:00,5,IND,Indiana,Fever,9,NYL,New York,Liberty,Gainbridge Fieldhouse,Indianapolis,IN,ESPN
401857135,2026,Regular Season,STD,regular-season,1,Scheduled,2026-08-12,02:00,2026-08-12 02:00:00+00:00,2026-08-11,22:00,2026-08-11 22:00:00-04:00,17,LVA,Las Vegas,Aces,16,WSH,Washington,Mystics,Michelob ULTRA Arena,Las Vegas,NV,Vegas 34 | MNMT
401857136,2026,Regular Season,STD,regular-season,1,Scheduled,2026-08-12,02:00,2026-08-12 02:00:00+00:00,2026-08-11,22:00,2026-08-11 22:00:00-04:00,6,LAS,Los Angeles,Sparks,11,PHX,Phoenix,Mercury,Galen Center,Los Angeles,CA,Spectrum Sports Net | AZ Family Sports Net | Merc+
401857137,2026,Regular Season,STD,regular-season,1,Scheduled,2026-08-13,00:00,2026-08-13 00:00:00+00:00,2026-08-12,20:00,2026-08-12 20:00:00-04:00,3,DAL,Dallas,Wings,131935,TOR,Toronto,Tempo,College Park Center,Arlington,TX,USA Net | KFAA-TV | TSN
401857138,2026,Regular Season,STD,regular-season,1,Scheduled,2026-08-13,02:00,2026-08-13 02:00:00+00:00,2026-08-12,22:00,2026-08-12 22:00:00-04:00,129689,GSV,Golden State,Valkyries,19,CHI,Chicago,Sky,Chase Center,San Francisco,CA,USA Net | KPIX+ | CW26
401857139,2026,Regular Season,STD,regular-season,1,Scheduled,2026-08-13,02:00,2026-08-13 02:00:00+00:00,2026-08-12,22:00,2026-08-12 22:00:00-04:00,132052,POR,Portland,Fire,8,MIN,Minnesota,Lynx,Moda Center,Portland,OR,Fox 12 Plus | Victory+ MIN
401857140,2026,Regular Season,STD,regular-season,1,Scheduled,2026-08-13,23:00,2026-08-13 23:00:00+00:00,2026-08-13,19:00,2026-08-13 19:00:00-04:00,18,CON,Connecticut,Sun,20,ATL,Atlanta,Dream,Mohegan Sun Arena,Uncasville,CT,PeachtreeTV | Victory+ ATL | NBC Sports BO
401857141,2026,Regular Season,STD,regular-season,1,Scheduled,2026-08-14,00:00,2026-08-14 00:00:00+00:00,2026-08-13,20:00,2026-08-13 20:00:00-04:00,9,NYL,New York,Liberty,6,LAS,Los Angeles,Sparks,Barclays Center,Brooklyn,NY,Prime Video
401857142,2026,Regular Season,STD,regular-season,1,Scheduled,2026-08-14,02:00,2026-08-14 02:00:00+00:00,2026-08-13,22:00,2026-08-13 22:00:00-04:00,17,LVA,Las Vegas,Aces,16,WSH,Washington,Mystics,Michelob ULTRA Arena,Las Vegas,NV,Prime Video
401857143,2026,Regular Season,STD,regular-season,1,Scheduled,2026-08-14,23:30,2026-08-14 23:30:00+00:00,2026-08-14,19:30,2026-08-14 19:30:00-04:00,5,IND,Indiana,Fever,3,DAL,Dallas,Wings,Gainbridge Fieldhouse,Indianapolis,IN,ION
401857144,2026,Regular Season,STD,regular-season,1,Scheduled,2026-08-15,02:00,2026-08-15 02:00:00+00:00,2026-08-14,22:00,2026-08-14 22:00:00-04:00,14,SEA,Seattle,Storm,132052,POR,Portland,Fire,Climate Pledge Arena,Seattle,WA,ION
401857145,2026,Regular Season,STD,regular-season,1,Scheduled,2026-08-15,17:00,2026-08-15 17:00:00+00:00,2026-08-15,13:00,2026-08-15 13:00:00-04:00,18,CON,Connecticut,Sun,9,NYL,New York,Liberty,Mohegan Sun Arena,Uncasville,CT,Fox 5 New York | Liberty Live | NBC Sports BO
401857146,2026,Regular Season,STD,regular-season,1,Scheduled,2026-08-15,23:30,2026-08-15 23:30:00+00:00,2026-08-15,19:30,2026-08-15 19:30:00-04:00,16,WSH,Washington,Mystics,6,LAS,Los Angeles,Sparks,CareFirst Arena,Washington,DC,Spectrum Sports Net | MNMT
401857147,2026,Regular Season,STD,regular-season,1,Scheduled,2026-08-16,00:00,2026-08-16 00:00:00+00:00,2026-08-15,20:00,2026-08-15 20:00:00-04:00,17,LVA,Las Vegas,Aces,8,MIN,Minnesota,Lynx,Michelob ULTRA Arena,Las Vegas,NV,CBS | Paramount+
401857148,2026,Regular Season,STD,regular-season,1,Scheduled,2026-08-16,21:00,2026-08-16 21:00:00+00:00,2026-08-16,17:00,2026-08-16 17:00:00-04:00,14,SEA,Seattle,Storm,19,CHI,Chicago,Sky,Climate Pledge Arena,Seattle,WA,KOMO-TV | Prime Video-Seattle | CW26
401857150,2026,Regular Season,STD,regular-season,1,Scheduled,2026-08-16,21:00,2026-08-16 21:00:00+00:00,2026-08-16,17:00,2026-08-16 17:00:00-04:00,20,ATL,Atlanta,Dream,5,IND,Indiana,Fever,State Farm Arena,Atlanta,GA,ESPN
401857149,2026,Regular Season,STD,regular-season,1,Scheduled,2026-08-16,23:00,2026-08-16 23:00:00+00:00,2026-08-16,19:00,2026-08-16 19:00:00-04:00,11,PHX,Phoenix,Mercury,132052,POR,Portland,Fire,Mortgage Matchup Center,Phoenix,AZ,ESPN
401857151,2026,Regular Season,STD,regular-season,1,Scheduled,2026-08-18,02:00,2026-08-18 02:00:00+00:00,2026-08-17,22:00,2026-08-17 22:00:00-04:00,129689,GSV,Golden State,Valkyries,3,DAL,Dallas,Wings,Chase Center,San Francisco,CA,Peacock | NBCSN | KFAA-TV
401857152,2026,Regular Season,STD,regular-season,1,Scheduled,2026-08-18,23:00,2026-08-18 23:00:00+00:00,2026-08-18,19:00,2026-08-18 19:00:00-04:00,18,CON,Connecticut,Sun,6,LAS,Los Angeles,Sparks,TD Garden,Boston,MA,NBC Sports BO | Spectrum Sports Net
401857153,2026,Regular Season,STD,regular-season,1,Scheduled,2026-08-18,23:00,2026-08-18 23:00:00+00:00,2026-08-18,19:00,2026-08-18 19:00:00-04:00,131935,TOR,Toronto,Tempo,5,IND,Indiana,Fever,Scotiabank Arena,Toronto,ON,ESPN | TSN | MeTV Indianapolis
401857154,2026,Regular Season,STD,regular-season,1,Scheduled,2026-08-19,01:00,2026-08-19 01:00:00+00:00,2026-08-18,21:00,2026-08-18 21:00:00-04:00,19,CHI,Chicago,Sky,9,NYL,New York,Liberty,Wintrust Arena,Chicago,IL,ESPN
401857155,2026,Regular Season,STD,regular-season,1,Scheduled,2026-08-19,02:00,2026-08-19 02:00:00+00:00,2026-08-18,22:00,2026-08-18 22:00:00-04:00,17,LVA,Las Vegas,Aces,20,ATL,Atlanta,Dream,Michelob ULTRA Arena,Las Vegas,NV,Atlanta News First | Victory+ ATL | Vegas 34
401857156,2026,Regular Season,STD,regular-season,1,Scheduled,2026-08-19,23:30,2026-08-19 23:30:00+00:00,2026-08-19,19:30,2026-08-19 19:30:00-04:00,16,WSH,Washington,Mystics,131935,TOR,Toronto,Tempo,CareFirst Arena,Washington,DC,TSN | MNMT
401857157,2026,Regular Season,STD,regular-season,1,Scheduled,2026-08-20,02:00,2026-08-20 02:00:00+00:00,2026-08-19,22:00,2026-08-19 22:00:00-04:00,129689,GSV,Golden State,Valkyries,8,MIN,Minnesota,Lynx,Chase Center,San Francisco,CA,USA Net | KPIX+ | Victory+ MIN
401857158,2026,Regular Season,STD,regular-season,1,Scheduled,2026-08-21,00:00,2026-08-21 00:00:00+00:00,2026-08-20,20:00,2026-08-20 20:00:00-04:00,3,DAL,Dallas,Wings,5,IND,Indiana,Fever,American Airlines Center,Dallas,TX,Prime Video | KFAA-TV | WTHR Channel 13
401857159,2026,Regular Season,STD,regular-season,1,Scheduled,2026-08-21,02:00,2026-08-21 02:00:00+00:00,2026-08-20,22:00,2026-08-20 22:00:00-04:00,17,LVA,Las Vegas,Aces,18,CON,Connecticut,Sun,Michelob ULTRA Arena,Las Vegas,NV,Vegas 34 | NBC Sports BO
401857160,2026,Regular Season,STD,regular-season,1,Scheduled,2026-08-21,02:00,2026-08-21 02:00:00+00:00,2026-08-20,22:00,2026-08-20 22:00:00-04:00,6,LAS,Los Angeles,Sparks,20,ATL,Atlanta,Dream,crypto.com Arena,Los Angeles,CA,Prime Video
401857161,2026,Regular Season,STD,regular-season,1,Scheduled,2026-08-21,23:30,2026-08-21 23:30:00+00:00,2026-08-21,19:30,2026-08-21 19:30:00-04:00,16,WSH,Washington,Mystics,8,MIN,Minnesota,Lynx,CareFirst Arena,Washington,DC,ION
401857162,2026,Regular Season,STD,regular-season,1,Scheduled,2026-08-21,23:30,2026-08-21 23:30:00+00:00,2026-08-21,19:30,2026-08-21 19:30:00-04:00,19,CHI,Chicago,Sky,129689,GSV,Golden State,Valkyries,Wintrust Arena,Chicago,IL,ION
401857163,2026,Regular Season,STD,regular-season,1,Scheduled,2026-08-22,02:00,2026-08-22 02:00:00+00:00,2026-08-21,22:00,2026-08-21 22:00:00-04:00,131935,TOR,Toronto,Tempo,132052,POR,Portland,Fire,Rogers Arena,Vancouver,BC,ION | TSN
401857164,2026,Regular Season,STD,regular-season,1,Scheduled,2026-08-22,23:00,2026-08-22 23:00:00+00:00,2026-08-22,19:00,2026-08-22 19:00:00-04:00,9,NYL,New York,Liberty,5,IND,Indiana,Fever,Barclays Center,Brooklyn,NY,Prime Video
401857165,2026,Regular Season,STD,regular-season,1,Scheduled,2026-08-23,01:00,2026-08-23 01:00:00+00:00,2026-08-22,21:00,2026-08-22 21:00:00-04:00,6,LAS,Los Angeles,Sparks,18,CON,Connecticut,Sun,crypto.com Arena,Los Angeles,CA,Prime Video | Spectrum Sports Net
401857166,2026,Regular Season,STD,regular-season,1,Scheduled,2026-08-23,02:00,2026-08-23 02:00:00+00:00,2026-08-22,22:00,2026-08-22 22:00:00-04:00,11,PHX,Phoenix,Mercury,20,ATL,Atlanta,Dream,Mortgage Matchup Center,Phoenix,AZ,Atlanta News First | Victory+ ATL | Arizona's Family 3TV | Merc+
401857167,2026,Regular Season,STD,regular-season,1,Scheduled,2026-08-23,20:00,2026-08-23 20:00:00+00:00,2026-08-23,16:00,2026-08-23 16:00:00-04:00,3,DAL,Dallas,Wings,14,SEA,Seattle,Storm,College Park Center,Arlington,TX,NBA TV | KFAA-TV | KOMO-TV | Prime Video-Seattle
401857168,2026,Regular Season,STD,regular-season,1,Scheduled,2026-08-23,23:00,2026-08-23 23:00:00+00:00,2026-08-23,19:00,2026-08-23 19:00:00-04:00,19,CHI,Chicago,Sky,5,IND,Indiana,Fever,Wintrust Arena,Chicago,IL,NBC | Peacock
401857169,2026,Regular Season,STD,regular-season,1,Scheduled,2026-08-23,23:00,2026-08-23 23:00:00+00:00,2026-08-23,19:00,2026-08-23 19:00:00-04:00,132052,POR,Portland,Fire,16,WSH,Washington,Mystics,Moda Center,Portland,OR,Fox 12 Plus | MNMT
401857170,2026,Regular Season,STD,regular-season,1,Scheduled,2026-08-23,23:00,2026-08-23 23:00:00+00:00,2026-08-23,19:00,2026-08-23 19:00:00-04:00,131935,TOR,Toronto,Tempo,17,LVA,Las Vegas,Aces,Rogers Arena,Vancouver,BC,TSN | Vegas 34
401857171,2026,Regular Season,STD,regular-season,1,Scheduled,2026-08-25,00:00,2026-08-25 00:00:00+00:00,2026-08-24,20:00,2026-08-24 20:00:00-04:00,8,MIN,Minnesota,Lynx,129689,GSV,Golden State,Valkyries,Target Center,Minneapolis,MN,USA Net | Victory+ MIN
401857172,2026,Regular Season,STD,regular-season,1,Scheduled,2026-08-25,02:00,2026-08-25 02:00:00+00:00,2026-08-24,22:00,2026-08-24 22:00:00-04:00,6,LAS,Los Angeles,Sparks,20,ATL,Atlanta,Dream,crypto.com Arena,Los Angeles,CA,Peacock | NBCSN | Atlanta News First | Victory+ ATL | Spectrum Sports Net
401857173,2026,Regular Season,STD,regular-season,1,Scheduled,2026-08-25,23:00,2026-08-25 23:00:00+00:00,2026-08-25,19:00,2026-08-25 19:00:00-04:00,18,CON,Connecticut,Sun,19,CHI,Chicago,Sky,Mohegan Sun Arena,Uncasville,CT,NBC Sports BO | CW26
401857174,2026,Regular Season,STD,regular-season,1,Scheduled,2026-08-26,00:00,2026-08-26 00:00:00+00:00,2026-08-25,20:00,2026-08-25 20:00:00-04:00,3,DAL,Dallas,Wings,132052,POR,Portland,Fire,College Park Center,Arlington,TX,NBA TV | KFAA-TV | Fox 12 Plus
401857175,2026,Regular Season,STD,regular-season,1,Scheduled,2026-08-26,02:00,2026-08-26 02:00:00+00:00,2026-08-25,22:00,2026-08-25 22:00:00-04:00,11,PHX,Phoenix,Mercury,16,WSH,Washington,Mystics,Mortgage Matchup Center,Phoenix,AZ,AZ Family Sports Net | Merc+ | MNMT
401857176,2026,Regular Season,STD,regular-season,1,Scheduled,2026-08-26,23:00,2026-08-26 23:00:00+00:00,2026-08-26,19:00,2026-08-26 19:00:00-04:00,18,CON,Connecticut,Sun,129689,GSV,Golden State,Valkyries,Mohegan Sun Arena,Uncasville,CT,KPIX+ | NBC Sports BO
401857177,2026,Regular Season,STD,regular-season,1,Scheduled,2026-08-27,02:00,2026-08-27 02:00:00+00:00,2026-08-26,22:00,2026-08-26 22:00:00-04:00,14,SEA,Seattle,Storm,131935,TOR,Toronto,Tempo,Climate Pledge Arena,Seattle,WA,USA Net | CW Seattle | Prime Video-Seattle | TSN
401857178,2026,Regular Season,STD,regular-season,1,Scheduled,2026-08-28,00:00,2026-08-28 00:00:00+00:00,2026-08-27,20:00,2026-08-27 20:00:00-04:00,9,NYL,New York,Liberty,129689,GSV,Golden State,Valkyries,Barclays Center,Brooklyn,NY,Prime Video | WWOR-TV | Liberty Live | KPIX+
401857179,2026,Regular Season,STD,regular-season,1,Scheduled,2026-08-28,02:00,2026-08-28 02:00:00+00:00,2026-08-27,22:00,2026-08-27 22:00:00-04:00,11,PHX,Phoenix,Mercury,16,WSH,Washington,Mystics,Mortgage Matchup Center,Phoenix,AZ,Prime Video
401857180,2026,Regular Season,STD,regular-season,1,Scheduled,2026-08-28,23:30,2026-08-28 23:30:00+00:00,2026-08-28,19:30,2026-08-28 19:30:00-04:00,20,ATL,Atlanta,Dream,132052,POR,Portland,Fire,Gateway Center,College Park,GA,ION
401857181,2026,Regular Season,STD,regular-season,1,Scheduled,2026-08-28,23:30,2026-08-28 23:30:00+00:00,2026-08-28,19:30,2026-08-28 19:30:00-04:00,5,IND,Indiana,Fever,18,CON,Connecticut,Sun,Gainbridge Fieldhouse,Indianapolis,IN,ION
401857182,2026,Regular Season,STD,regular-season,1,Scheduled,2026-08-29,02:00,2026-08-29 02:00:00+00:00,2026-08-28,22:00,2026-08-28 22:00:00-04:00,17,LVA,Las Vegas,Aces,131935,TOR,Toronto,Tempo,Michelob ULTRA Arena,Las Vegas,NV,ION | TSN
401857183,2026,Regular Season,STD,regular-season,1,Scheduled,2026-08-29,02:00,2026-08-29 02:00:00+00:00,2026-08-28,22:00,2026-08-28 22:00:00-04:00,6,LAS,Los Angeles,Sparks,16,WSH,Washington,Mystics,crypto.com Arena,Los Angeles,CA,ION
401857184,2026,Regular Season,STD,regular-season,1,Scheduled,2026-08-29,17:00,2026-08-29 17:00:00+00:00,2026-08-29,13:00,2026-08-29 13:00:00-04:00,9,NYL,New York,Liberty,19,CHI,Chicago,Sky,Barclays Center,Brooklyn,NY,CBS | Paramount+
401857185,2026,Regular Season,STD,regular-season,1,Scheduled,2026-08-30,02:00,2026-08-30 02:00:00+00:00,2026-08-29,22:00,2026-08-29 22:00:00-04:00,11,PHX,Phoenix,Mercury,131935,TOR,Toronto,Tempo,Mortgage Matchup Center,Phoenix,AZ,AZ Family Sports Net | Merc+ | TSN
401857186,2026,Regular Season,STD,regular-season,1,Scheduled,2026-08-30,19:00,2026-08-30 19:00:00+00:00,2026-08-30,15:00,2026-08-30 15:00:00-04:00,20,ATL,Atlanta,Dream,8,MIN,Minnesota,Lynx,Gateway Center,College Park,GA,NBA TV | Atlanta News First | Victory+ ATL | Victory+ MIN
401857187,2026,Regular Season,STD,regular-season,1,Scheduled,2026-08-30,21:00,2026-08-30 21:00:00+00:00,2026-08-30,17:00,2026-08-30 17:00:00-04:00,14,SEA,Seattle,Storm,6,LAS,Los Angeles,Sparks,Climate Pledge Arena,Seattle,WA,NBA TV | KOMO-TV | Prime Video-Seattle | Spectrum Sports Net
401857188,2026,Regular Season,STD,regular-season,1,Scheduled,2026-08-30,23:00,2026-08-30 23:00:00+00:00,2026-08-30,19:00,2026-08-30 19:00:00-04:00,132052,POR,Portland,Fire,129689,GSV,Golden State,Valkyries,Moda Center,Portland,OR,KPIX+ | Fox 12 Plus
401857189,2026,Regular Season,STD,regular-season,1,Scheduled,2026-08-31,00:00,2026-08-31 00:00:00+00:00,2026-08-30,20:00,2026-08-30 20:00:00-04:00,3,DAL,Dallas,Wings,18,CON,Connecticut,Sun,College Park Center,Arlington,TX,KFAA-TV | NBC Sports BO
401857190,2026,Regular Season,STD,regular-season,1,Scheduled,2026-09-17,23:30,2026-09-17 23:30:00+00:00,2026-09-17,19:30,2026-09-17 19:30:00-04:00,20,ATL,Atlanta,Dream,18,CON,Connecticut,Sun,Gateway Center,College Park,GA,Atlanta News First | Victory+ ATL | NBC Sports BO
401857191,2026,Regular Season,STD,regular-season,1,Scheduled,2026-09-18,00:00,2026-09-18 00:00:00+00:00,2026-09-17,20:00,2026-09-17 20:00:00-04:00,19,CHI,Chicago,Sky,16,WSH,Washington,Mystics,Wintrust Arena,Chicago,IL,CW26 | MNMT
401857192,2026,Regular Season,STD,regular-season,1,Scheduled,2026-09-18,00:00,2026-09-18 00:00:00+00:00,2026-09-17,20:00,2026-09-17 20:00:00-04:00,3,DAL,Dallas,Wings,6,LAS,Los Angeles,Sparks,College Park Center,Arlington,TX,USA Net | KFAA-TV | Spectrum Sports Net
401857193,2026,Regular Season,STD,regular-season,1,Scheduled,2026-09-18,02:00,2026-09-18 02:00:00+00:00,2026-09-17,22:00,2026-09-17 22:00:00-04:00,132052,POR,Portland,Fire,11,PHX,Phoenix,Mercury,Moda Center,Portland,OR,Fox 12 Plus | AZ Family Sports Net | Merc+
401857194,2026,Regular Season,STD,regular-season,1,Scheduled,2026-09-18,02:00,2026-09-18 02:00:00+00:00,2026-09-17,22:00,2026-09-17 22:00:00-04:00,14,SEA,Seattle,Storm,17,LVA,Las Vegas,Aces,Climate Pledge Arena,Seattle,WA,USA Net | CW Seattle | Prime Video-Seattle | Vegas 34
401857195,2026,Regular Season,STD,regular-season,1,Scheduled,2026-09-18,23:30,2026-09-18 23:30:00+00:00,2026-09-18,19:30,2026-09-18 19:30:00-04:00,131935,TOR,Toronto,Tempo,5,IND,Indiana,Fever,Coca-Cola Coliseum,Toronto,ON,ION | TSN
401857196,2026,Regular Season,STD,regular-season,1,Scheduled,2026-09-18,23:30,2026-09-18 23:30:00+00:00,2026-09-18,19:30,2026-09-18 19:30:00-04:00,8,MIN,Minnesota,Lynx,9,NYL,New York,Liberty,Target Center,Minneapolis,MN,ION
401857197,2026,Regular Season,STD,regular-season,1,Scheduled,2026-09-19,02:00,2026-09-19 02:00:00+00:00,2026-09-18,22:00,2026-09-18 22:00:00-04:00,129689,GSV,Golden State,Valkyries,132052,POR,Portland,Fire,Chase Center,San Francisco,CA,ION
401857198,2026,Regular Season,STD,regular-season,1,Scheduled,2026-09-19,17:00,2026-09-19 17:00:00+00:00,2026-09-19,13:00,2026-09-19 13:00:00-04:00,3,DAL,Dallas,Wings,11,PHX,Phoenix,Mercury,College Park Center,Arlington,TX,CBS | Paramount+
401857199,2026,Regular Season,STD,regular-season,1,Scheduled,2026-09-19,23:00,2026-09-19 23:00:00+00:00,2026-09-19,19:00,2026-09-19 19:00:00-04:00,20,ATL,Atlanta,Dream,19,CHI,Chicago,Sky,State Farm Arena,Atlanta,GA,Prime Video
401857200,2026,Regular Season,STD,regular-season,1,Scheduled,2026-09-20,01:00,2026-09-20 01:00:00+00:00,2026-09-19,21:00,2026-09-19 21:00:00-04:00,129689,GSV,Golden State,Valkyries,14,SEA,Seattle,Storm,Chase Center,San Francisco,CA,Prime Video
401857201,2026,Regular Season,STD,regular-season,1,Scheduled,2026-09-20,17:00,2026-09-20 17:00:00+00:00,2026-09-20,13:00,2026-09-20 13:00:00-04:00,18,CON,Connecticut,Sun,8,MIN,Minnesota,Lynx,Mohegan Sun Arena,Uncasville,CT,NBC Sports BO | Victory+ MIN
401857202,2026,Regular Season,STD,regular-season,1,Scheduled,2026-09-20,19:00,2026-09-20 19:00:00+00:00,2026-09-20,15:00,2026-09-20 15:00:00-04:00,131935,TOR,Toronto,Tempo,9,NYL,New York,Liberty,Coca-Cola Coliseum,Toronto,ON,WWOR-TV | Liberty Live | TSN
401857203,2026,Regular Season,STD,regular-season,1,Scheduled,2026-09-20,20:00,2026-09-20 20:00:00+00:00,2026-09-20,16:00,2026-09-20 16:00:00-04:00,5,IND,Indiana,Fever,16,WSH,Washington,Mystics,Gainbridge Fieldhouse,Indianapolis,IN,NBA TV | WTHR Channel 13 | MNMT
401857204,2026,Regular Season,STD,regular-season,1,Scheduled,2026-09-20,23:00,2026-09-20 23:00:00+00:00,2026-09-20,19:00,2026-09-20 19:00:00-04:00,6,LAS,Los Angeles,Sparks,132052,POR,Portland,Fire,crypto.com Arena,Los Angeles,CA,Spectrum Sports Net | Fox 12 Plus
401857205,2026,Regular Season,STD,regular-season,1,Scheduled,2026-09-21,01:00,2026-09-21 01:00:00+00:00,2026-09-20,21:00,2026-09-20 21:00:00-04:00,17,LVA,Las Vegas,Aces,14,SEA,Seattle,Storm,Michelob ULTRA Arena,Las Vegas,NV,USA Net | Vegas 34 | CW Seattle | Prime Video-Seattle
401857206,2026,Regular Season,STD,regular-season,1,Scheduled,2026-09-22,00:00,2026-09-22 00:00:00+00:00,2026-09-21,20:00,2026-09-21 20:00:00-04:00,9,NYL,New York,Liberty,20,ATL,Atlanta,Dream,Barclays Center,Brooklyn,NY,Peacock | NBCSN | WWOR-TV | Liberty Live | Atlanta News First | Victory+ ATL
401857207,2026,Regular Season,STD,regular-season,1,Scheduled,2026-09-22,02:00,2026-09-22 02:00:00+00:00,2026-09-21,22:00,2026-09-21 22:00:00-04:00,11,PHX,Phoenix,Mercury,3,DAL,Dallas,Wings,Mortgage Matchup Center,Phoenix,AZ,USA Net | AZ Family Sports Net | Merc+ | KFAA-TV
401857208,2026,Regular Season,STD,regular-season,1,Scheduled,2026-09-22,23:30,2026-09-22 23:30:00+00:00,2026-09-22,19:30,2026-09-22 19:30:00-04:00,16,WSH,Washington,Mystics,18,CON,Connecticut,Sun,CareFirst Arena,Washington,DC,NBC Sports BO | MNMT
401857209,2026,Regular Season,STD,regular-season,1,Scheduled,2026-09-23,00:00,2026-09-23 00:00:00+00:00,2026-09-22,20:00,2026-09-22 20:00:00-04:00,5,IND,Indiana,Fever,8,MIN,Minnesota,Lynx,Gainbridge Fieldhouse,Indianapolis,IN,ESPN
401857210,2026,Regular Season,STD,regular-season,1,Scheduled,2026-09-23,00:00,2026-09-23 00:00:00+00:00,2026-09-22,20:00,2026-09-22 20:00:00-04:00,19,CHI,Chicago,Sky,131935,TOR,Toronto,Tempo,Wintrust Arena,Chicago,IL,CW26 | TSN
401857211,2026,Regular Season,STD,regular-season,1,Scheduled,2026-09-23,02:00,2026-09-23 02:00:00+00:00,2026-09-22,22:00,2026-09-22 22:00:00-04:00,17,LVA,Las Vegas,Aces,6,LAS,Los Angeles,Sparks,Michelob ULTRA Arena,Las Vegas,NV,ESPN
401857212,2026,Regular Season,STD,regular-season,1,Scheduled,2026-09-23,02:00,2026-09-23 02:00:00+00:00,2026-09-22,22:00,2026-09-22 22:00:00-04:00,132052,POR,Portland,Fire,129689,GSV,Golden State,Valkyries,Moda Center,Portland,OR,Fox 12 Plus
401857213,2026,Regular Season,STD,regular-season,1,Scheduled,2026-09-24,00:00,2026-09-24 00:00:00+00:00,2026-09-23,20:00,2026-09-23 20:00:00-04:00,9,NYL,New York,Liberty,20,ATL,Atlanta,Dream,Barclays Center,Brooklyn,NY,USA Net | WWOR-TV | Liberty Live | Atlanta News First | Victory+ ATL
401857214,2026,Regular Season,STD,regular-season,1,Scheduled,2026-09-24,02:00,2026-09-24 02:00:00+00:00,2026-09-23,22:00,2026-09-23 22:00:00-04:00,14,SEA,Seattle,Storm,3,DAL,Dallas,Wings,Climate Pledge Arena,Seattle,WA,USA Net | CW Seattle | Prime Video-Seattle | KFAA-TV
401857215,2026,Regular Season,STD,regular-season,1,Scheduled,2026-09-24,23:00,2026-09-24 23:00:00+00:00,2026-09-24,19:00,2026-09-24 19:00:00-04:00,18,CON,Connecticut,Sun,131935,TOR,Toronto,Tempo,Mohegan Sun Arena,Uncasville,CT,NBA TV | NBC Sports BO | TSN
401857216,2026,Regular Season,STD,regular-season,1,Scheduled,2026-09-24,23:30,2026-09-24 23:30:00+00:00,2026-09-24,19:30,2026-09-24 19:30:00-04:00,16,WSH,Washington,Mystics,19,CHI,Chicago,Sky,Capital One Arena,Washington,DC,CW26 | MNMT
401857217,2026,Regular Season,STD,regular-season,1,Scheduled,2026-09-25,00:00,2026-09-25 00:00:00+00:00,2026-09-24,20:00,2026-09-24 20:00:00-04:00,8,MIN,Minnesota,Lynx,5,IND,Indiana,Fever,Target Center,Minneapolis,MN,USA Net | Victory+ MIN
401857218,2026,Regular Season,STD,regular-season,1,Scheduled,2026-09-25,02:00,2026-09-25 02:00:00+00:00,2026-09-24,22:00,2026-09-24 22:00:00-04:00,6,LAS,Los Angeles,Sparks,129689,GSV,Golden State,Valkyries,crypto.com Arena,Los Angeles,CA,KPIX+ | Spectrum Sports Net
401857219,2026,Regular Season,STD,regular-season,1,Scheduled,2026-09-25,02:00,2026-09-25 02:00:00+00:00,2026-09-24,22:00,2026-09-24 22:00:00-04:00,11,PHX,Phoenix,Mercury,17,LVA,Las Vegas,Aces,Mortgage Matchup Center,Phoenix,AZ,USA Net | AZ Family Sports Net | Merc+ | Vegas 34
