player_id,player_name,team,asof_date,is_home,days_rest,games_last7,games_last14,season_game_number,lag1_pts,lag1_reb,lag1_ast,lag1_threes,lag1_fg3a,lag1_stl,lag1_blk,lag1_tov,lag1_fgm,lag1_fga,lag1_fg_pct,lag1_ftm,lag1_fta,lag1_ft_pct,lag1_oreb,lag1_dreb,lag1_pf,lag1_plus_minus,lag1_min,lag1_pts_per_min,lag1_reb_per_min,lag1_ast_per_min,lag1_fg3m_per_min,lag1_fg3a_per_min,lag1_fga_per_min,lag1_fta_per_min,lag1_tov_per_min,lag1_usage_per_min,b2b,roll3_min,roll3_min_std,roll3_pts,roll3_reb,roll3_ast,roll3_threes,roll3_fg3a,roll3_stl,roll3_blk,roll3_tov,roll3_fgm,roll3_fga,roll3_fg_pct,roll3_ftm,roll3_fta,roll3_ft_pct,roll3_oreb,roll3_dreb,roll3_pf,roll3_plus_minus,roll3_pts_per_min,roll3_pts_per_min_std,roll3_reb_per_min,roll3_reb_per_min_std,roll3_ast_per_min,roll3_ast_per_min_std,roll3_fg3m_per_min,roll3_fg3m_per_min_std,roll3_fg3a_per_min,roll3_fg3a_per_min_std,roll3_fga_per_min,roll3_fga_per_min_std,roll3_fta_per_min,roll3_fta_per_min_std,roll3_tov_per_min,roll3_tov_per_min_std,roll3_usage_per_min,roll3_usage_per_min_std,roll5_min,roll5_min_std,roll5_pts,roll5_reb,roll5_ast,roll5_threes,roll5_fg3a,roll5_stl,roll5_blk,roll5_tov,roll5_fgm,roll5_fga,roll5_fg_pct,roll5_ftm,roll5_fta,roll5_ft_pct,roll5_oreb,roll5_dreb,roll5_pf,roll5_plus_minus,roll5_pts_per_min,roll5_pts_per_min_std,roll5_reb_per_min,roll5_reb_per_min_std,roll5_ast_per_min,roll5_ast_per_min_std,roll5_fg3m_per_min,roll5_fg3m_per_min_std,roll5_fg3a_per_min,roll5_fg3a_per_min_std,roll5_fga_per_min,roll5_fga_per_min_std,roll5_fta_per_min,roll5_fta_per_min_std,roll5_tov_per_min,roll5_tov_per_min_std,roll5_usage_per_min,roll5_usage_per_min_std,roll10_min,roll10_min_std,roll10_pts,roll10_reb,roll10_ast,roll10_threes,roll10_fg3a,roll10_stl,roll10_blk,roll10_tov,roll10_fgm,roll10_fga,roll10_fg_pct,roll10_ftm,roll10_fta,roll10_ft_pct,roll10_oreb,roll10_dreb,roll10_pf,roll10_plus_minus,roll10_pts_per_min,roll10_pts_per_min_std,roll10_reb_per_min,roll10_reb_per_min_std,roll10_ast_per_min,roll10_ast_per_min_std,roll10_fg3m_per_min,roll10_fg3m_per_min_std,roll10_fg3a_per_min,roll10_fg3a_per_min_std,roll10_fga_per_min,roll10_fga_per_min_std,roll10_fta_per_min,roll10_fta_per_min_std,roll10_tov_per_min,roll10_tov_per_min_std,roll10_usage_per_min,roll10_usage_per_min_std,pred_min,pred_pts,pred_reb,pred_ast,pred_threes,pred_stl,pred_blk,pred_tov,pred_pra,pred_pr,pred_pa,pred_ra,pred_stocks,mean_pts,mean_reb,mean_ast,mean_threes,mean_pra,mean_stl,mean_blk,mean_tov,opponent,home,sd_pts,sd_reb,sd_ast,sd_threes,sd_pra,sd_stl,sd_blk,sd_tov
203903,Jordan Clarkson,NYK,2026-06-13,0.0,62.0,0.0,0.0,73.0,2,3,0,0,1,2,0,0,1,5,0.2,0,0,,1,2,4,-1,16.0,0.125,0.1875,0.0,0.0,0.0625,0.3125,0.0,0.0,0.3125,0.0,16.0,2.000000000000009,6.666666666666667,1.6666666666666667,2.0,0.0,1.0,0.6666666666666666,0.0,0.3333333333333333,3.0,6.666666666666667,0.4236666666666666,0.6666666666666666,0.6666666666666666,1.0,0.6666666666666666,1.0,2.0,2.0,0.4173280423280423,0.2532878824711821,0.1048280423280423,0.0720345583536939,0.1216931216931216,0.1126126807078981,0.0,0.0,0.0631613756613756,0.0079571490843293,0.4189814814814814,0.096308537327384,0.037037037037037,0.0641500299099586,0.0185185185185185,0.0320750149549793,0.4537962962962965,0.1247838666434298,13.2,4.08656334834051,5.4,2.4,1.8,0.0,1.0,0.6,0.0,0.8,2.4,5.6,0.4208,0.6,0.6,1.0,1.2,1.2,1.6,5.8,0.4059523809523809,0.1840196218190109,0.2184523809523809,0.2017189803963776,0.1396825396825396,0.1443484767541543,0.0,0.0,0.0823412698412698,0.0268590999418275,0.4291666666666666,0.1718241366939384,0.0444444444444444,0.0608580619450186,0.0777777777777777,0.1448711645600588,0.5265,0.1348346609832543,15.6,4.623610902506605,6.5,2.2,1.5,0.0,0.6,0.5,0.0,0.4,2.8,5.8,0.4854999999999999,0.9,0.9,1.0,1.2,1.0,1.6,5.7,0.4299223437381332,0.1973152596142999,0.1629703994835573,0.148706807866547,0.0992063492063492,0.1257240166899942,0.0,0.0,0.0459325396825396,0.0446662441191066,0.3841132186526923,0.131797485316786,0.0604541657173236,0.067784605703276,0.0388888888888888,0.104920114623817,0.4496019404572036,0.1298481792751991,14.939999999999998,5.489999999999999,2.23,1.53,0.0,0.3286799999999999,0.2689199999999999,0.8963999999999999,9.249999999999998,7.719999999999999,7.02,3.76,0.5975999999999999,5.489999999999999,2.23,1.53,0.0,9.249999999999998,0.3286799999999999,0.2689199999999999,0.8963999999999999,SAS,False,1.3724999999999998,1.0,1.0,1.0,2.3125,1.0,1.0,1.0
1626157,Karl-Anthony Towns,NYK,2026-06-13,0.0,64.0,0.0,0.0,76.0,22,10,5,1,3,0,0,1,8,12,0.667,5,5,1.0,2,8,3,11,30.0,0.7333333333333333,0.3333333333333333,0.1666666666666666,0.0333333333333333,0.1,0.4,0.1666666666666666,0.0333333333333333,0.5066666666666666,1.0,30.666666666666668,1.1547005383792417,19.666666666666668,11.333333333333334,5.0,1.3333333333333333,3.6666666666666665,1.3333333333333333,0.3333333333333333,1.6666666666666667,7.666666666666667,12.0,0.6389999999999999,3.0,3.0,1.0,1.6666666666666667,9.666666666666666,2.6666666666666665,6.0,0.6409722222222222,0.1008714918615272,0.3694444444444444,0.0336787657027285,0.1625,0.0273226605179248,0.0430555555555555,0.0168393828513639,0.1194444444444445,0.0173472166622175,0.3916666666666668,0.0144337567297416,0.0993055555555555,0.067711004220825,0.0534722222222222,0.0348815787635399,0.4888333333333333,0.0156586859105237,31.0,2.0000000000000067,20.2,10.6,5.8,1.2,3.0,0.8,0.4,2.6,7.6,13.0,0.5992,3.8,4.4,0.91,2.6,8.0,2.2,2.4,0.6519261325219743,0.0744265600126952,0.3445875591615957,0.0657130903224583,0.1910091277890466,0.1117487985205476,0.0375980392156862,0.0251028736918582,0.0951960784313725,0.0546171710271702,0.4177586206896552,0.0480583152501716,0.1411249154834347,0.0778828756505103,0.0862415483434753,0.0907638209647449,0.5660951318458418,0.1118837885693828,29.0,4.000000000000005,20.2,11.9,3.8,1.1,2.8,0.7,0.2,2.6,7.2,12.8,0.5778000000000001,4.7,5.2,0.9396,3.3,8.6,2.6,-0.4,0.7063267948245129,0.1736728974474999,0.4104672524905791,0.1533074695447829,0.129631229993806,0.1012667018448308,0.0389722371948538,0.0259898224627437,0.0981218055102436,0.0691332001038943,0.4477192820701948,0.1228189370508155,0.1786099123155411,0.1172752632616432,0.089249679073462,0.0652165423580633,0.615557322562495,0.1672709658060186,29.4395,19.7007,10.6603,4.888799999999999,1.1543,0.6476689999999999,0.5299109999999999,1.7663699999999998,35.2498,30.361,24.5895,15.5491,1.1775799999999998,19.7007,10.6603,4.888799999999999,1.1543,35.24979999999999,0.6476689999999999,0.5299109999999999,1.7663699999999998,SAS,False,4.925175,2.665075,1.2221999999999995,1.0,8.812449999999998,1.0,1.0,1.0
1628384,OG Anunoby,NYK,2026-06-13,0.0,64.0,0.0,0.0,68.0,2,5,3,0,3,0,0,0,1,4,0.25,0,0,,0,5,2,9,15.0,0.1333333333333333,0.3333333333333333,0.2,0.0,0.2,0.2666666666666666,0.0,0.0,0.2666666666666666,1.0,29.33333333333333,12.423096769056151,12.333333333333334,4.666666666666667,1.6666666666666667,2.333333333333333,6.666666666666667,0.6666666666666666,0.6666666666666666,1.3333333333333333,4.0,9.333333333333334,0.3833333333333333,2.0,2.0,1.0,0.6666666666666666,4.0,2.0,7.333333333333333,0.3630130130130129,0.2306365120882113,0.1931931931931931,0.1219579131973416,0.0849349349349349,0.0996499764450207,0.0638138138138137,0.0566356733109377,0.2215715715715715,0.0422656892833027,0.3076076076076076,0.0615405613733541,0.0545545545545545,0.0540610050029742,0.0362862862862862,0.0412047505161568,0.3678978978978979,0.1245811530968879,31.8,9.934787365615838,18.6,7.0,2.0,3.6,7.6,0.6,1.0,1.2,5.8,12.0,0.4442,3.4,3.6,0.95825,1.0,6.0,2.2,13.8,0.5428078078078078,0.323707106494899,0.2325288191417223,0.1043938823628334,0.0788641867674125,0.0710485683548084,0.1034495786108689,0.0807949325442776,0.237459071975201,0.0569624421951195,0.3663387581129517,0.0937783118681252,0.1014424101520875,0.0762921163231198,0.0332233846749975,0.0295481087701094,0.4441968032548677,0.1399460334976434,33.8,7.612854625930774,15.8,5.0,1.9,3.3,7.8,0.9,0.8,1.3,5.0,11.1,0.4243,2.5,2.6,0.9761428571428572,0.7,4.3,2.2,6.7,0.4498837921342458,0.2508843604447395,0.1566427426715173,0.1126327618087156,0.0636512076028205,0.0593192355294047,0.0918173419433591,0.0623697856716932,0.226916039441799,0.0657451020235181,0.3239052735310272,0.0891541689332479,0.0747389689213938,0.0673500367750007,0.0385633039442828,0.043093100718237,0.3953537238007233,0.1180927322494761,28.0718,13.2599,5.432,1.9691,2.5414,0.6175795999999999,0.5052923999999999,1.6843079999999997,20.661,18.6919,15.229,7.4011,1.1228719999999996,13.2599,5.432,1.9691,2.5414,20.661,0.6175795999999999,0.5052923999999999,1.6843079999999997,SAS,False,3.314975,1.358,1.0,1.0,5.16525,1.0,1.0,1.0
1628404,Josh Hart,NYK,2026-06-13,0.0,64.0,0.0,0.0,67.0,3,4,2,0,1,2,0,2,0,2,0.0,3,4,0.75,0,4,2,11,30.0,0.1,0.1333333333333333,0.0666666666666666,0.0,0.0333333333333333,0.0666666666666666,0.1333333333333333,0.0666666666666666,0.192,1.0,32.0,2.645751311064584,10.333333333333334,3.333333333333333,2.6666666666666665,1.6666666666666667,3.333333333333333,1.0,0.0,2.333333333333333,3.6666666666666665,6.666666666666667,0.3333333333333334,1.3333333333333333,2.0,0.6249999999999999,0.6666666666666666,2.6666666666666665,2.333333333333333,4.666666666666667,0.302457757296467,0.3818094948745769,0.107731694828469,0.0699654137939435,0.0830517153097798,0.0152293386134318,0.0476190476190476,0.0824786098842322,0.0992831541218638,0.088605891280605,0.197337429595494,0.2008195396507403,0.0634920634920634,0.0668930397006523,0.0722990271377368,0.011667607939762,0.2975729646697387,0.2100151707908562,29.8,3.701351104664353,8.6,5.4,3.6,1.2,2.4,0.8,0.0,2.2,3.2,5.8,0.42,1.0,1.6,0.5833333333333334,0.8,4.6,2.6,7.6,0.2714746543778802,0.2738643029637292,0.1912104454685099,0.1357739250363502,0.1264024577572964,0.0694206100282471,0.0365714285714285,0.0618886425899991,0.0755698924731183,0.0760253227129367,0.1861167434715822,0.1429805078226115,0.0523809523809523,0.055736666241522,0.0745222734254992,0.0310699941535997,0.2836866359447004,0.150205463422286,31.7,4.620004810002305,11.3,5.9,3.4,1.7,3.2,1.3,0.0,1.9,4.1,7.8,0.4639999999999999,1.4,1.8,0.7583333333333334,0.7,5.2,2.5,-0.1,0.3491668480968425,0.213178361987853,0.1909235818243659,0.0915004525462415,0.1113581713987806,0.0525571886683587,0.0522823633432152,0.059253229577395,0.1000335326737865,0.0808284044984539,0.2423088872428454,0.1230715526266454,0.0569592083657419,0.055025715539515,0.0628856794238728,0.0335025024490619,0.3302566183476448,0.1347603341794744,29.9439,8.5554,4.5299,2.9488,1.2222,0.6587658,0.5389902,1.7966339999999998,16.0341,13.0853,11.5042,7.4787,1.197756,8.5554,4.5299,2.9488,1.2222,16.0341,0.6587658,0.5389902,1.7966339999999998,SAS,False,2.13885,1.132475,1.0,1.0,4.008525,1.0,1.0,1.0
1628969,Mikal Bridges,NYK,2026-06-13,0.0,62.0,0.0,0.0,83.0,0,0,0,0,0,0,0,0,0,0,,0,0,,0,0,1,0,0.0,,,,,,,,,,0.0,21.33333333333333,18.50225211517059,7.666666666666667,1.0,3.0,1.3333333333333333,2.6666666666666665,1.0,0.0,0.3333333333333333,3.0,4.666666666666667,0.7500000000000001,0.3333333333333333,0.3333333333333333,1.0,0.0,1.0,1.3333333333333333,10.0,0.3582600195503421,0.050458255157986,0.0474095796676442,0.0241923141168414,0.1422287390029325,0.0725769423505252,0.0625610948191593,0.0027648358990674,0.1231671554252199,0.0829450769720288,0.2160312805474096,0.1230351975085097,0.0151515151515151,0.0214274782177743,0.0151515151515151,0.0214274782177744,0.2378494623655913,0.1538907661421034,23.8,13.881642554107207,10.0,2.0,2.2,0.8,3.0,1.0,0.2,0.2,4.0,7.8,0.59275,1.2,1.4,0.8333333333333334,0.6,1.4,1.4,9.2,0.4267522923838667,0.0870147980466803,0.0845064202686046,0.0532001361444531,0.0867393695014663,0.0806986535856959,0.0312805474095796,0.0361549208385278,0.1315564037995664,0.07991049540648,0.3400129228824004,0.1666256482803847,0.0666790184453228,0.0759076288087283,0.0075757575757575,0.0151515151515151,0.3769274485741001,0.1954354334962593,29.2,10.942272768183653,12.4,1.8,2.6,1.6,4.6,1.0,0.3,0.9,4.9,9.3,0.5758888888888889,1.0,1.2,0.8,0.6,1.2,1.7,-0.1,0.4262903375677693,0.1283154547619131,0.0628091499452842,0.0450138581662433,0.0859425853891382,0.0692214071879428,0.0519221027997119,0.0361171698329332,0.1565142487121903,0.0813646172975618,0.3241354614565364,0.1313810220913374,0.0454303262807099,0.057986734992338,0.0289054094201153,0.0282296299386411,0.3730302144401641,0.1562444649552307,20.57,8.280000000000001,1.36,2.19,1.0,0.45254,0.37026,1.2342,11.83,9.64,10.47,3.55,0.8228,8.280000000000001,1.36,2.19,1.0,11.83,0.45254,0.37026,1.2342,SAS,False,2.0700000000000003,1.0,1.0,1.0,2.9575,1.0,1.0,1.0
1628973,Jalen Brunson,NYK,2026-06-13,0.0,64.0,0.0,0.0,75.0,29,3,2,2,5,2,0,3,12,18,0.667,3,3,1.0,0,3,1,4,31.0,0.935483870967742,0.0967741935483871,0.064516129032258,0.064516129032258,0.1612903225806451,0.5806451612903226,0.0967741935483871,0.0967741935483871,0.72,1.0,35.666666666666664,4.163331998932259,28.0,2.333333333333333,8.333333333333334,2.333333333333333,6.666666666666667,1.3333333333333333,0.0,2.333333333333333,11.0,21.0,0.5386666666666665,3.6666666666666665,4.666666666666667,0.8213333333333334,0.0,2.333333333333333,1.6666666666666667,6.333333333333333,0.7934634386247289,0.1315883402308034,0.0669080991661637,0.0359359380570925,0.2227065775452872,0.1405788070133224,0.0651644200031296,0.0114482864496462,0.1852025722993464,0.0221891825499092,0.5869417804901675,0.0767704867784441,0.1281231603812249,0.0448420700776562,0.0669080991661637,0.0359359380570923,0.7102240702240702,0.117533314155286,34.8,4.024922359499618,22.6,2.8,8.6,1.8,5.8,1.0,0.0,2.4,8.8,18.0,0.487,3.2,4.0,0.7928000000000001,0.2,2.6,2.2,3.6,0.6542762613730355,0.2287432596548419,0.0792439585987973,0.0548236207449692,0.2435338564370822,0.111396059309525,0.0511707240739498,0.0209206101612044,0.1648152370733016,0.0320299417400204,0.5145074106364429,0.1147257309175295,0.1143513737062124,0.0463321982288914,0.0696944090492477,0.0261958841245904,0.6345164241164241,0.1355174009738316,35.9,4.557045826702511,24.3,2.7,8.0,1.8,5.7,0.9,0.0,2.5,9.4,19.2,0.4881999999999999,3.7,4.6,0.7853,0.2,2.5,2.3,4.8,0.6842821710012899,0.1993486747731256,0.0728947173282342,0.0543396838611701,0.2195270690884381,0.0935958065952998,0.0511062595090919,0.031160055904207,0.1590742369105862,0.0316111363982276,0.5371297197674066,0.0988140139786969,0.1265338040161014,0.0497765840003797,0.0702461507772286,0.0234744359086026,0.66305074431172,0.1112604693457777,33.668699999999994,24.7544,2.5899,7.1877,1.9303,0.7407113999999998,0.6060365999999998,2.020122,34.532000000000004,27.3443,31.9421,9.7776,1.3467479999999996,24.7544,2.5899,7.1877,1.9303,34.532,0.7407113999999998,0.6060365999999998,2.020122,SAS,False,6.1886,1.0,1.796925,1.0,8.633,1.0,1.0,1.0
1629011,Mitchell Robinson,NYK,2026-06-13,0.0,65.0,0.0,0.0,61.0,7,7,0,0,0,3,1,0,3,4,0.75,1,2,0.5,2,5,3,-2,19.0,0.3684210526315789,0.3684210526315789,0.0,0.0,0.0,0.2105263157894736,0.1052631578947368,0.0,0.2568421052631578,0.0,20.666666666666668,2.081665999466128,10.666666666666666,10.0,0.3333333333333333,0.0,0.0,2.333333333333333,1.6666666666666667,0.0,4.666666666666667,5.666666666666667,0.8056666666666666,1.3333333333333333,2.0,0.625,3.6666666666666665,6.333333333333333,2.0,5.0,0.5025171624713959,0.2055205292777084,0.4822273073989322,0.1158404147432275,0.0166666666666666,0.0288675134594813,0.0,0.0,0.0,0.0,0.27162471395881,0.0529574035623412,0.0930587337909992,0.0875965047747095,0.0,0.0,0.3125705568268497,0.0629620272853209,19.2,2.5884358211089533,8.0,7.8,0.2,0.0,0.0,1.6,1.4,0.2,3.4,4.8,0.65,1.2,2.0,0.5625,3.0,4.8,2.0,0.6,0.3973436308161708,0.2109929469620838,0.3962808288838036,0.1468962395065384,0.01,0.0223606797749978,0.0,0.0,0.0,0.0,0.2463081617086193,0.0589240062286295,0.1030574624968217,0.0636249857225336,0.0111111111111111,0.0248451997499977,0.302764556318332,0.0480204240391905,20.3,3.198958163736028,7.6,8.1,0.6,0.0,0.0,1.2,1.5,0.6,3.4,4.3,0.755,0.8,1.7,0.4928571428571429,3.3,4.8,1.9,2.6,0.3798661757433126,0.2004092814371573,0.4019080348503891,0.1297442604148031,0.0305179804715408,0.0506148574532434,0.0,0.0,0.0,0.0,0.218716799869041,0.0844357320998333,0.0823871272383858,0.0744317773719035,0.0277601053916843,0.0313432190494269,0.2827272412456151,0.0696766115575064,19.83,8.57,8.399999999999999,0.29,0.0,0.4362599999999999,0.3569399999999999,1.1897999999999995,17.259999999999998,16.97,8.86,8.689999999999998,0.7931999999999999,8.57,8.399999999999999,0.29,0.0,17.259999999999998,0.4362599999999999,0.3569399999999999,1.1897999999999995,SAS,False,2.1425,2.1,1.0,1.0,4.315,1.0,1.0,1.0
1629013,Landry Shamet,NYK,2026-06-13,0.0,64.0,0.0,0.0,52.0,8,1,1,2,5,1,0,0,3,7,0.429,0,0,,0,1,1,11,28.0,0.2857142857142857,0.0357142857142857,0.0357142857142857,0.0714285714285714,0.1785714285714285,0.25,0.0,0.0,0.25,1.0,22.666666666666668,4.725815626252602,4.0,1.0,1.0,1.0,3.0,0.3333333333333333,0.0,0.3333333333333333,1.3333333333333333,4.333333333333333,0.2263333333333333,0.3333333333333333,0.6666666666666666,0.5,0.3333333333333333,0.6666666666666666,0.6666666666666666,-0.6666666666666666,0.1637426900584796,0.119155295805611,0.0453216374269005,0.0086894920896882,0.0453216374269005,0.0086894920896919,0.0413533834586466,0.0370257812097599,0.1280284043441938,0.0703997860929365,0.1852548036758562,0.0804164086786067,0.0317460317460317,0.0549857399228216,0.0175438596491228,0.0303868562731381,0.2167669172932331,0.0692695875879114,22.4,7.197221686178632,6.6,1.4,1.0,1.6,3.6,0.8,0.0,0.4,2.4,5.8,0.3328,0.2,0.6,0.25,0.8,0.6,0.4,4.8,0.3051935048539463,0.222301767455816,0.0619324365504331,0.024583723363269,0.0490292107439815,0.0176889228153621,0.0749360995540961,0.0566323944997641,0.1706135686611068,0.0925070970728986,0.2769097060268537,0.1633437534770689,0.0254992319508448,0.0414120253081525,0.0169779286926994,0.0243383212000533,0.305107296777925,0.1487158481252942,24.5,7.546154281781182,6.4,2.0,1.1,1.4,4.2,0.9,0.1,0.5,2.2,6.1,0.325,0.6,1.0,0.525,0.5,1.5,1.1,6.6,0.2626751225859884,0.1683104147994144,0.0777472184836361,0.0374893380447182,0.0482132857238969,0.0374868712027234,0.0580521235869283,0.0456082651109919,0.1772387639641459,0.0827310792241743,0.2645171139547201,0.1241491438125303,0.0336705368963433,0.0500247718190694,0.0221463717537571,0.0303667699599324,0.3014785219428683,0.1302595190130618,23.027800000000003,5.810299999999999,1.2997999999999998,0.9894,1.3967999999999998,0.5066116,0.4145004,1.381668,8.099499999999999,7.110099999999999,6.799699999999999,2.2892,0.921112,5.810299999999999,1.2997999999999998,0.9894,1.3967999999999998,8.099499999999999,0.5066116,0.4145004,1.381668,SAS,False,1.4525749999999995,1.0,1.0,1.0,2.024875,1.0,1.0,1.0
1630540,Miles McBride,NYK,2026-06-13,0.0,62.0,0.0,0.0,42.0,21,3,1,4,7,1,0,0,8,15,0.533,1,2,0.5,2,1,1,-1,24.0,0.875,0.125,0.0416666666666666,0.1666666666666666,0.2916666666666667,0.625,0.0833333333333333,0.0,0.6616666666666667,0.0,21.0,2.6457513110646205,10.333333333333334,2.0,1.6666666666666667,2.333333333333333,5.333333333333333,1.0,0.3333333333333333,0.3333333333333333,3.6666666666666665,8.666666666666666,0.3553333333333333,0.6666666666666666,1.3333333333333333,0.5,0.6666666666666666,1.3333333333333333,1.0,-0.3333333333333333,0.4618421052631578,0.3605911390052255,0.0925438596491228,0.0367558514132339,0.0823099415204678,0.0352963461407473,0.1064327485380117,0.0572890521662034,0.2507309941520468,0.0405751142876548,0.3960526315789474,0.1991281203402705,0.0628654970760233,0.0555363155357384,0.0166666666666666,0.0288675134594812,0.4403801169590643,0.1927080651633149,17.8,4.764451699828641,8.0,1.6,1.6,2.0,5.0,1.0,0.4,0.8,2.8,7.8,0.3354,0.4,0.8,0.5,0.4,1.2,1.0,1.0,0.4155668016194331,0.2751089265854413,0.0862955465587044,0.0273623639777005,0.0955398110661268,0.0411186236542985,0.1100134952766531,0.049037776208521,0.2889001349527665,0.0655322144093232,0.4376315789473685,0.2038593756391358,0.037719298245614,0.052227984724927,0.0561538461538461,0.0999852060062804,0.5103819163292848,0.2740318405528028,20.2,6.5115282384398885,7.7,2.1,2.1,1.6,5.0,1.2,0.3,0.8,2.7,8.2,0.2939,0.7,1.2,0.6,0.4,1.7,1.3,6.0,0.3646015144699355,0.2632970864418937,0.1054415613626139,0.0783914974843487,0.1063464946359683,0.0483898193664976,0.081679412205728,0.0599178020300094,0.2583594719121035,0.0685744381068813,0.4073240842977685,0.1553959016103842,0.0521779877043035,0.0587227882690929,0.0479085729085729,0.0727741305222474,0.478190971796235,0.1942301508831047,20.17,10.59,2.03,1.63,2.3200000000000003,0.4437399999999999,0.3630599999999999,1.2102,14.25,12.62,12.22,3.66,0.8067999999999999,10.59,2.03,1.63,2.3200000000000003,14.25,0.4437399999999999,0.3630599999999999,1.2102,SAS,False,2.6475,1.0,1.0,1.0,3.5625,1.0,1.0,1.0
1630574,Ariel Hukporti,NYK,2026-06-13,0.0,62.0,0.0,0.0,55.0,8,9,1,0,0,1,2,3,4,8,0.5,0,0,,2,7,3,1,30.0,0.2666666666666666,0.3,0.0333333333333333,0.0,0.0,0.2666666666666666,0.0,0.1,0.3666666666666666,0.0,17.0,11.532562594670797,7.333333333333333,5.333333333333333,0.6666666666666666,0.0,0.0,0.3333333333333333,0.6666666666666666,1.0,3.333333333333333,4.666666666666667,0.8333333333333334,0.6666666666666666,0.6666666666666666,1.0,1.0,4.333333333333333,2.0,2.0,0.544017094017094,0.2494449239960315,0.3275641025641027,0.0412603462609089,0.0367521367521367,0.0385753302440914,0.0,0.0,0.0,0.0,0.2747863247863248,0.0296908610131316,0.0833333333333333,0.1443375672974063,0.0333333333333333,0.0577350269189619,0.3447863247863249,0.0322968371398731,13.0,10.44030650891055,5.8,4.8,1.0,0.0,0.0,0.2,0.6,0.8,2.4,4.0,0.5800000000000001,1.0,1.0,1.0,2.0,2.8,1.8,4.2,0.4430769230769231,0.3045493863581046,0.4965384615384615,0.2926377185523536,0.072051282051282,0.1043687389119195,0.0,0.0,0.0,0.0,0.3482051282051282,0.1068441878314996,0.0999999999999999,0.1369306393762914,0.0366666666666666,0.0505525029603438,0.4288717948717948,0.1236567006622441,10.9,7.880355321938217,3.1,3.2,0.7,0.0,0.0,0.2,0.4,0.9,1.3,2.2,0.5571428571428572,0.5,0.5,1.0,1.4,1.8,1.5,4.3,0.2548717948717949,0.3007586530833073,0.3470787545787546,0.2709012120993707,0.0515018315018315,0.0782093839601001,0.0,0.0,0.0,0.0,0.1991025641025641,0.1795675949283926,0.05,0.1054092553389459,0.1016666666666666,0.1348181216525653,0.3227692307692308,0.1761618621614259,16.33,6.05,5.27,0.84,0.0,0.3592599999999999,0.2939399999999999,0.9798,12.16,11.32,6.89,6.109999999999999,0.6531999999999999,6.05,5.27,0.84,0.0,12.16,0.3592599999999999,0.2939399999999999,0.9798,SAS,False,1.5125,1.3175,1.0,1.0,3.04,1.0,1.0,1.0
1630631,Jose Alvarado,NYK,2026-06-13,0.0,62.0,0.0,0.0,70.0,16,5,7,4,9,2,1,1,6,16,0.375,0,0,,2,3,2,-19,34.0,0.4705882352941176,0.1470588235294117,0.2058823529411764,0.1176470588235294,0.2647058823529412,0.4705882352941176,0.0,0.0294117647058823,0.5,0.0,21.33333333333333,11.372481406154648,10.0,3.6666666666666665,4.333333333333333,1.6666666666666667,4.666666666666667,1.6666666666666667,0.3333333333333333,1.0,3.6666666666666665,8.333333333333334,0.4583333333333333,1.0,2.0,0.5,0.6666666666666666,3.0,1.6666666666666667,-0.3333333333333333,0.434640522875817,0.2519309002903009,0.1693899782135076,0.0991270439686916,0.2167755991285402,0.1115108789388711,0.0577342047930283,0.0588537806502837,0.1993464052287581,0.0566029675676098,0.3513071895424837,0.1113871043604853,0.1111111111111111,0.1924500897298752,0.0561002178649237,0.0269649102276393,0.4562962962962961,0.1079628041419332,21.6,10.7144761887831,11.4,3.2,3.8,1.6,4.2,1.4,0.4,1.2,4.4,8.6,0.5416000000000001,1.0,1.6,0.75,0.6,2.6,2.2,1.6,0.5545343137254901,0.306537333135971,0.1433006535947712,0.0800395116340374,0.1883986928104575,0.0891302051641079,0.0742238562091503,0.0673344011778305,0.1841911764705882,0.045234534753564,0.3857843137254902,0.1019089234624546,0.0791666666666666,0.1446379579809148,0.0524101307189542,0.0385709398082147,0.4730277777777777,0.0797159550382121,16.8,9.366607354497852,7.5,2.3,3.4,1.2,3.1,0.9,0.2,1.5,2.9,6.7,0.4041111111111111,0.5,0.8,0.75,0.5,1.8,2.0,-1.0,0.3897105957767722,0.3144272594846192,0.1206008044243338,0.0729420221086659,0.1942244846656611,0.1388017157203922,0.061376633986928,0.0645295013797434,0.1560096153846153,0.0918686017657758,0.3739272247360483,0.1608414366348377,0.0395833333333333,0.1050655659488309,0.1162302036199095,0.1229128038400018,0.5075740950226244,0.2054192884953448,22.42,10.89,3.43,4.359999999999999,1.9,0.4932399999999999,0.4035599999999999,1.3451999999999995,18.68,14.32,15.25,7.789999999999999,0.8967999999999998,10.89,3.43,4.359999999999999,1.9,18.68,0.4932399999999999,0.4035599999999999,1.3451999999999995,SAS,False,2.7225,1.0,1.09,1.0,4.67,1.0,1.0,1.0
1631110,Jeremy Sochan,NYK,2026-06-13,0.0,62.0,0.0,0.0,45.0,12,6,5,2,6,0,0,0,4,9,0.444,2,2,1.0,3,3,4,-10,20.0,0.6,0.3,0.25,0.1,0.3,0.45,0.1,0.0,0.494,0.0,14.333333333333334,7.371114795831994,6.333333333333333,5.0,2.0,0.6666666666666666,2.0,0.6666666666666666,0.3333333333333333,0.3333333333333333,2.0,3.6666666666666665,0.722,1.6666666666666667,2.0,0.875,2.0,3.0,2.333333333333333,5.666666666666667,0.3372549019607844,0.3068611789723862,0.3124183006535947,0.1523408698038214,0.1029411764705882,0.1307087414311116,0.0333333333333333,0.0577350269189625,0.0999999999999999,0.1732050807568877,0.1892156862745099,0.2333807004154646,0.1117647058823529,0.1180874111757926,0.0196078431372549,0.0339617805405664,0.2579999999999999,0.2477337280226489,10.6,7.602631123499285,5.8,4.2,1.4,0.4,1.4,0.4,0.2,0.2,2.0,3.4,0.6735,1.4,1.6,0.9166666666666666,1.6,2.6,1.6,5.6,0.6023529411764706,0.422908040917484,0.3374509803921569,0.2882556348698455,0.0867647058823529,0.1048148804776791,0.02,0.0447213595499958,0.16,0.2302172886644267,0.4135294117647058,0.390930926915967,0.1170588235294117,0.1218087445227744,0.0117647058823529,0.0263066820882327,0.4768,0.3734450428108531,7.3,6.498717822257953,3.7,2.6,0.9,0.2,0.7,0.6,0.1,0.3,1.4,2.1,0.8134285714285714,0.7,0.8,0.9166666666666666,1.0,1.6,0.9,4.8,0.4967320261437908,0.4771773032774649,0.2553921568627451,0.2384444378156941,0.0656045751633987,0.0988423665563502,0.01,0.0316227766016838,0.0799999999999999,0.1751190071541826,0.3045424836601307,0.3392261963102049,0.0585294117647058,0.1019838774753055,0.0281045751633986,0.0706668649452314,0.3583999999999999,0.3342630294236952,12.47,6.47,4.390000000000001,2.02,0.68,0.27434,0.2244599999999999,0.7481999999999999,12.879999999999999,10.86,8.49,6.41,0.4987999999999999,6.47,4.390000000000001,2.02,0.68,12.88,0.27434,0.2244599999999999,0.7481999999999999,SAS,False,1.6175,1.0975,1.0,1.0,3.22,1.0,1.0,1.0
1641755,Kevin McCullar Jr.,NYK,2026-06-13,0.0,62.0,0.0,0.0,22.0,14,2,1,2,6,2,0,0,6,11,0.545,0,0,,1,1,4,-3,25.0,0.56,0.08,0.04,0.08,0.24,0.44,0.0,0.0,0.44,0.0,10.0,13.0,5.333333333333333,1.3333333333333333,0.3333333333333333,0.6666666666666666,2.333333333333333,1.0,0.0,0.3333333333333333,2.333333333333333,4.333333333333333,0.5225,0.0,0.0,,0.6666666666666666,0.6666666666666666,1.3333333333333333,-0.6666666666666666,0.4088888888888888,0.3581019925063766,0.2488888888888888,0.3640105818567691,0.0133333333333333,0.0230940107675875,0.0266666666666666,0.04618802153517,0.1911111111111111,0.1719603744191389,0.3688888888888888,0.3389744882785484,0.0,0.0,0.1666666666666666,0.2886751345948128,0.5355555555555556,0.1174418689931003,6.6,10.310189135025604,3.2,0.8,0.2,0.4,1.4,0.6,0.0,0.2,1.4,2.8,0.3483333333333333,0.0,0.0,,0.4,0.4,0.8,0.0,0.2453333333333333,0.3380466765929745,0.1493333333333333,0.2912654383128137,0.008,0.0178885438199963,0.016,0.035777087639997,0.1146666666666667,0.1604438288692407,0.3213333333333333,0.3048642685232596,0.0,0.0,0.1,0.2236067977499789,0.4213333333333333,0.2502176830059955,6.9,8.736259051918173,2.2,0.8,0.5,0.2,1.0,0.5,0.0,0.4,1.0,2.4,0.2682857142857143,0.0,0.0,,0.3,0.5,0.8,-0.2,0.1918518518518518,0.2731254855633168,0.1607407407407407,0.2470592471552891,0.1266666666666666,0.3292415526630865,0.0088888888888888,0.0266666666666669,0.1081481481481481,0.131551754824977,0.3507407407407407,0.2406690776528458,0.0,0.0,0.0722222222222222,0.167912013996749,0.422962962962963,0.1864019286712067,10.44,5.260000000000001,1.14,0.42,0.68,0.2296799999999999,0.1879199999999999,0.6264,6.82,6.4,5.680000000000001,1.56,0.4175999999999999,5.260000000000001,1.14,0.42,0.68,6.82,0.2296799999999999,0.1879199999999999,0.6264,SAS,False,1.3150000000000002,1.0,1.0,1.0,1.705,1.0,1.0,1.0
1641787,Tosan Evbuomwan,NYK,2026-06-13,0.0,172.0,0.0,0.0,6.0,0,0,0,0,0,0,0,0,0,0,,0,0,,0,0,0,0,1.0,0.0,0.0,0.0,0.0,0.0,0.0,0.0,0.0,0.0,0.0,1.0,0.0,0.0,0.0,0.0,0.0,0.0,0.0,0.0,0.0,0.0,0.0,,0.0,0.0,,0.0,0.0,0.3333333333333333,-1.6666666666666667,0.0,0.0,0.0,0.0,0.0,0.0,0.0,0.0,0.0,0.0,0.0,0.0,0.0,0.0,0.0,0.0,0.0,0.0,1.6,0.8944271909999159,0.0,0.4,0.0,0.0,0.0,0.0,0.0,0.0,0.0,0.2,0.0,0.0,0.0,,0.2,0.2,0.2,-1.6,0.0,0.0,0.1666666666666666,0.2357022603955158,0.0,0.0,0.0,0.0,0.0,0.0,0.0666666666666666,0.1490711984999859,0.0,0.0,0.0,0.0,0.0666666666666666,0.1490711984999859,1.6,0.8944271909999159,0.0,0.4,0.0,0.0,0.0,0.0,0.0,0.0,0.0,0.2,0.0,0.0,0.0,,0.2,0.2,0.2,-1.6,0.0,0.0,0.1666666666666666,0.2357022603955158,0.0,0.0,0.0,0.0,0.0,0.0,0.0666666666666666,0.1490711984999859,0.0,0.0,0.0,0.0,0.0666666666666666,0.1490711984999859,8.0,0.0,0.22,0.0,0.0,0.176,0.144,0.48,0.22,0.22,0.0,0.22,0.3199999999999999,0.0,0.22,0.0,0.0,0.22,0.176,0.144,0.48,,,,,,,,,,
1641794,Dillon Jones,NYK,2026-06-13,0.0,62.0,0.0,0.0,8.0,2,1,0,0,1,1,0,0,1,3,0.333,0,0,,0,1,1,0,12.0,0.1666666666666666,0.0833333333333333,0.0,0.0,0.0833333333333333,0.25,0.0,0.0,0.25,0.0,6.0,5.196152422706633,0.6666666666666666,0.6666666666666666,0.3333333333333333,0.0,0.6666666666666666,0.3333333333333333,0.0,0.0,0.3333333333333333,1.3333333333333333,0.1665,0.0,0.0,,0.0,0.6666666666666666,1.0,3.333333333333333,0.0555555555555555,0.0962250448649376,0.1388888888888888,0.1734721666221777,0.1111111111111111,0.1924500897298752,0.0,0.0,0.1388888888888888,0.1734721666221777,0.1944444444444444,0.1734721666221776,0.0,0.0,0.0,0.0,0.1944444444444444,0.1734721666221778,6.8,3.898717737923586,1.2,1.4,0.8,0.0,0.8,0.6,0.0,0.0,0.2,1.4,0.08325,0.8,0.8,1.0,0.4,1.0,1.2,1.6,0.1476190476190476,0.2476648309323017,0.2071428571428571,0.1551277726596373,0.146031746031746,0.1568941434050992,0.0,0.0,0.1341269841269841,0.1233482453039017,0.196031746031746,0.1373382830126094,0.1142857142857142,0.2555506259999759,0.0,0.0,0.2463174603174603,0.2068319262208028,5.571428571428571,3.909694909544003,1.2857142857142858,1.0,0.5714285714285714,0.1428571428571428,0.7142857142857143,0.4285714285714285,0.0,0.0,0.2857142857142857,1.2857142857142858,0.2221666666666666,0.5714285714285714,0.5714285714285714,1.0,0.2857142857142857,0.7142857142857143,0.8571428571428571,1.1428571428571428,0.2125850340136054,0.3163493883922003,0.1479591836734693,0.1620472562220945,0.1043083900226757,0.1465877220761359,0.0357142857142857,0.0944911182523068,0.1315192743764172,0.1239812896540657,0.31859410430839,0.3213445762428611,0.0816326530612244,0.2159796988624155,0.0,0.0,0.3545124716553288,0.3309646484618502,8.0,1.177142857142857,1.0399999999999998,0.4942857142857142,0.0285714285714285,0.176,0.144,0.48,2.7114285714285713,2.217142857142857,1.6714285714285713,1.534285714285714,0.3199999999999999,1.177142857142857,1.0399999999999998,0.4942857142857142,0.0285714285714285,2.711428571428572,0.176,0.144,0.48,,,,,,,,,,
1641998,Trey Jemison III,NYK,2026-06-13,0.0,62.0,0.0,0.0,14.0,4,2,2,0,0,0,0,3,2,3,0.667,0,0,,0,2,2,-15,18.0,0.2222222222222222,0.1111111111111111,0.1111111111111111,0.0,0.0,0.1666666666666666,0.0,0.1666666666666666,0.3333333333333333,0.0,8.333333333333334,8.386497083606084,1.3333333333333333,1.0,1.0,0.0,0.0,0.0,0.0,1.6666666666666667,0.6666666666666666,1.0,0.667,0.0,0.0,,0.3333333333333333,0.6666666666666666,1.3333333333333333,-4.666666666666667,0.074074074074074,0.1283000598199169,0.1203703703703704,0.125256937578413,0.1203703703703703,0.1252569375784137,0.0,0.0,0.0,0.0,0.0555555555555555,0.0962250448649376,0.0,0.0,0.25,0.0833333333333333,0.3055555555555555,0.048112522432469,6.8,6.379655163094632,1.2,0.8,0.6,0.0,0.0,0.2,0.0,1.2,0.6,1.0,0.5835,0.0,0.0,,0.2,0.6,0.8,-2.8,0.1111111111111111,0.1571348402636772,0.1388888888888889,0.149587911309291,0.0722222222222222,0.1104144828575099,0.0,0.0,0.0,0.0,0.1,0.1490711984999859,0.0,0.0,0.1833333333333333,0.123603308118261,0.2833333333333333,0.1825741858350553,7.1,6.118278625016462,1.3,1.5,0.5,0.0,0.0,0.1,0.2,0.9,0.6,1.0,0.6334,0.1,0.1,1.0,0.7,0.8,0.9,-2.7,0.1333333333333333,0.1855551859240792,0.3644444444444444,0.5856432806121831,0.0527777777777777,0.0832818771176624,0.0,0.0,0.0,0.0,0.1083333333333333,0.1272600892483605,0.0055555555555555,0.0175682092231576,0.1138888888888888,0.1174503368179746,0.2246666666666666,0.1714081116538559,9.0,1.68,1.18,0.91,0.0,0.1979999999999999,0.1619999999999999,0.54,3.77,2.86,2.59,2.09,0.36,1.68,1.18,0.91,0.0,3.77,0.1979999999999999,0.1619999999999999,0.54,,,,,,,,,,
1642278,Tyler Kolek,NYK,2026-06-13,0.0,71.0,0.0,0.0,63.0,8,0,2,2,3,1,0,2,3,6,0.5,0,0,,0,0,1,4,12.0,0.6666666666666666,0.0,0.1666666666666666,0.1666666666666666,0.25,0.5,0.0,0.1666666666666666,0.6666666666666666,0.0,11.0,8.544003745317529,5.666666666666667,1.3333333333333333,3.333333333333333,1.0,1.6666666666666667,0.3333333333333333,0.0,0.6666666666666666,2.0,4.0,0.5,0.6666666666666666,0.6666666666666666,1.0,0.3333333333333333,1.0,1.0,5.0,0.3801169590643274,0.3430411549956144,0.219298245614035,0.255593022532166,0.3450292397660818,0.1678933008181938,0.0730994152046784,0.0851976741773884,0.1184210526315789,0.1255183159759137,0.2719298245614036,0.2528690404456064,0.0350877192982456,0.0607737125462763,0.0555555555555555,0.0962250448649376,0.3429239766081871,0.3337469886401784,8.8,6.760177512462231,5.6,1.2,2.2,1.2,1.6,0.2,0.0,0.4,2.0,3.2,0.6666666666666666,0.4,0.4,1.0,0.2,1.0,0.8,2.2,0.6680701754385965,0.9051563924529282,0.2049122807017544,0.1821835007542138,0.2470175438596491,0.1926288626657943,0.163859649122807,0.2531293828395983,0.1910526315789474,0.2505368197709506,0.3231578947368421,0.3418946720248838,0.0210526315789473,0.0470751153157849,0.0333333333333333,0.0745355992499929,0.3657543859649123,0.3696901783210646,7.9,7.309810759064377,3.3,0.9,2.6,0.7,1.1,0.3,0.1,0.2,1.2,2.2,0.4721666666666667,0.2,0.2,1.0,0.2,0.7,0.4,2.7,0.4117144713635942,0.7117788281560185,0.1755685510071475,0.1679968407202815,0.3550450199573006,0.2566425199417667,0.0963241436925647,0.1966311167686409,0.1537593984962405,0.2064534344205528,0.2571335746774343,0.2682270272264684,0.0116959064327485,0.0350877192982456,0.0185185185185185,0.0555555555555556,0.2807982920263622,0.2930097117060698,9.76,5.52,1.0,2.5900000000000003,1.16,0.21472,0.1756799999999999,0.5856,9.11,6.52,8.11,3.5900000000000003,0.3903999999999999,5.52,1.0,2.5900000000000003,1.16,9.11,0.21472,0.1756799999999999,0.5856,,,,,,,,,,
1642359,Pacôme Dadiet,NYK,2026-06-13,0.0,62.0,0.0,0.0,30.0,12,4,2,1,5,0,0,1,5,11,0.455,1,3,0.333,1,3,2,-15,27.0,0.4444444444444444,0.1481481481481481,0.074074074074074,0.037037037037037,0.1851851851851851,0.4074074074074074,0.1111111111111111,0.037037037037037,0.4933333333333333,0.0,13.666666666666666,11.930353445448851,6.333333333333333,2.0,0.6666666666666666,0.6666666666666666,3.6666666666666665,0.0,0.0,0.3333333333333333,2.333333333333333,6.0,0.285,1.0,1.6666666666666667,0.6665,0.3333333333333333,1.6666666666666667,1.0,-7.333333333333333,0.4814814814814814,0.0320750149549798,0.1660493827160494,0.0765855120064586,0.0246913580246913,0.0427666866066395,0.045679012345679,0.0505570252578846,0.3617283950617284,0.1608590336758711,0.4691358024691358,0.0534583582582976,0.2037037037037037,0.2625453125695893,0.0123456790123456,0.0213833433033195,0.5711111111111111,0.1289846387638348,9.2,10.425929215182691,3.8,1.4,0.4,0.4,2.8,0.0,0.0,0.2,1.4,4.2,0.1709999999999999,0.6,1.0,0.6665,0.2,1.2,0.6,-2.8,0.2888888888888888,0.2646917611015908,0.1996296296296296,0.1905176689111866,0.0148148148148148,0.033126932999997,0.0274074074074074,0.0436345969630315,0.4503703703703704,0.1764728341125009,0.5148148148148148,0.0938799396713821,0.1222222222222222,0.2165954298846436,0.0074074074074074,0.0165634664999984,0.5760000000000001,0.1087913395245942,7.1,7.504813270310076,3.5,1.5,0.4,0.6,2.4,0.0,0.1,0.3,1.3,3.5,0.2486666666666666,0.3,0.5,0.6665,0.2,1.3,0.5,-0.1,0.3666666666666667,0.3868553534227996,0.2887037037037037,0.1938241133675714,0.0574074074074074,0.1040997727596681,0.0637037037037037,0.1103927394682171,0.4668518518518518,0.2875091696515866,0.562962962962963,0.2886355330945793,0.0611111111111111,0.1581138830084189,0.0398148148148148,0.0818977861167664,0.6296666666666666,0.3330608145261756,12.789999999999996,5.73,1.99,0.72,0.61,0.2813799999999999,0.2302199999999999,0.7673999999999999,8.440000000000001,7.72,6.449999999999999,2.71,0.5115999999999998,5.73,1.99,0.72,0.61,8.44,0.2813799999999999,0.2302199999999999,0.7673999999999999,SAS,False,1.4325,1.0,1.0,1.0,2.11,1.0,1.0,1.0
1642885,Mohamed Diawara,NYK,2026-06-13,0.0,62.0,0.0,0.0,70.0,5,4,6,0,5,1,0,2,2,9,0.222,1,1,1.0,0,4,1,-7,34.0,0.1470588235294117,0.1176470588235294,0.1764705882352941,0.0,0.1470588235294117,0.2647058823529412,0.0294117647058823,0.0588235294117647,0.3364705882352941,0.0,19.0,13.000000000000009,4.666666666666667,2.0,3.0,0.0,3.0,0.6666666666666666,0.0,0.6666666666666666,1.3333333333333333,5.0,0.2406666666666666,2.0,2.333333333333333,0.9166666666666666,0.0,2.0,1.0,0.0,0.3065953654188948,0.1788914595195575,0.0972964943553178,0.0180265673754797,0.1446821152703505,0.0468260913513866,0.0,0.0,0.1651812240047535,0.0174272244516463,0.2599524658348187,0.0758693384122407,0.1865715983363042,0.1679990338101382,0.0196078431372549,0.0339617805405663,0.3616518122400475,0.0390755937711689,12.8,12.557866060760482,3.6,1.2,1.8,0.0,2.0,0.6,0.0,0.4,1.2,3.6,0.34725,1.2,1.4,0.9166666666666666,0.0,1.2,0.6,0.4,0.3439572192513369,0.3140356745226367,0.0583778966131906,0.054794716075747,0.0868092691622103,0.085884898319525,0.0,0.0,0.139108734402852,0.0801650276920769,0.2759714795008912,0.2199072980902837,0.1119429590017825,0.15669883877138,0.0117647058823529,0.0263066820882327,0.3369910873440285,0.2165727009575054,12.9,9.666091936937764,4.5,1.5,1.6,0.6,2.2,0.3,0.0,0.5,1.5,3.6,0.423625,0.9,1.2,0.7083333333333334,0.2,1.3,0.4,2.8,0.3307272294269198,0.2604427051313277,0.0787233612620609,0.1111691870807203,0.0865036408380061,0.0917660131064363,0.0332186234817813,0.0562363294134102,0.1413762295496042,0.106241564178362,0.2533740356650573,0.1863840358477027,0.0841901029826726,0.1140136407095052,0.0252364199268224,0.0343608055422938,0.3156541009042557,0.191442139050415,17.86,4.3100000000000005,1.92,2.75,0.12,0.39292,0.32148,1.0716,8.98,6.23,7.0600000000000005,4.67,0.7143999999999999,4.3100000000000005,1.92,2.75,0.12,8.98,0.39292,0.32148,1.0716,SAS,False,1.0775,1.0,1.0,1.0,2.245,1.0,1.0,1.0
202687,Bismack Biyombo,SAS,2026-06-13,0.0,62.0,0.0,0.0,26.0,2,1,0,0,0,0,0,1,1,1,1.0,0,0,,0,1,0,-14,6.0,0.3333333333333333,0.1666666666666666,0.0,0.0,0.0,0.1666666666666666,0.0,0.1666666666666666,0.3333333333333333,0.0,6.0,3.0,0.6666666666666666,2.0,0.0,0.0,0.0,0.0,0.3333333333333333,0.3333333333333333,0.3333333333333333,0.6666666666666666,0.5,0.0,0.0,,0.0,2.0,1.0,-7.333333333333333,0.1111111111111111,0.1924500897298753,0.3148148148148148,0.13981174880131,0.0,0.0,0.0,0.0,0.0,0.0,0.0925925925925926,0.0848625128695525,0.0,0.0,0.0555555555555555,0.0962250448649376,0.1481481481481481,0.1697250257391055,5.0,2.5495097567963905,1.2,1.4,0.0,0.0,0.0,0.0,0.2,0.4,0.6,0.8,0.6666666666666666,0.0,0.0,,0.2,1.2,1.0,-7.2,0.2666666666666666,0.4346134936801765,0.2388888888888888,0.1685083432011455,0.0,0.0,0.0,0.0,0.0,0.0,0.1555555555555555,0.2056306169257971,0.0,0.0,0.0833333333333333,0.1178511301977579,0.2388888888888888,0.3164716748583581,5.5,3.4399612400917152,1.2,1.3,0.1,0.0,0.0,0.0,0.1,0.3,0.5,0.8,0.6,0.2,0.3,0.75,0.1,1.2,1.1,-5.1,0.1861111111111111,0.3250118706284168,0.2861111111111111,0.2907613816688159,0.0083333333333333,0.0263523138347365,0.0,0.0,0.0,0.0,0.1166666666666666,0.1602681223956948,0.0305555555555555,0.0722578259819506,0.0666666666666666,0.1097134314340638,0.1967777777777777,0.2368746260733011,8.0,1.16,1.5,0.02,0.0,0.176,0.144,0.48,2.68,2.66,1.18,1.52,0.3199999999999999,1.16,1.5,0.02,0.0,2.68,0.176,0.144,0.48,,,,,,,,,,
203084,Harrison Barnes,SAS,2026-06-13,0.0,62.0,0.0,0.0,78.0,12,1,1,2,5,1,0,0,5,11,0.455,0,0,,0,1,0,-5,25.0,0.48,0.04,0.04,0.08,0.2,0.44,0.0,0.0,0.44,0.0,26.666666666666668,1.527525231651919,12.0,1.6666666666666667,1.3333333333333333,1.3333333333333333,3.6666666666666665,0.6666666666666666,0.0,1.0,4.333333333333333,8.0,0.5406666666666667,2.0,2.333333333333333,0.9165,0.0,1.6666666666666667,1.3333333333333333,7.0,0.4496825396825397,0.1045412539227019,0.0618342151675485,0.0189551941443217,0.0499294532627865,0.0210193689801892,0.0504761904761904,0.043923247838477,0.1389770723104056,0.0630525647032791,0.3031922398589065,0.1467780593248797,0.0859788359788359,0.1193338710187464,0.037037037037037,0.0641500299099584,0.3780599647266314,0.0545561231729776,22.8,5.403702434442521,9.2,1.4,1.0,1.2,3.2,0.6,0.0,0.8,3.4,6.2,0.541,1.2,1.4,0.9165,0.4,1.0,1.6,5.4,0.3874565826330532,0.1682126686282258,0.0606299408652349,0.0135044052494181,0.0417223778400248,0.0279235662270274,0.0538151260504201,0.0521117364588833,0.1422097727980081,0.0493956811899325,0.2642682850918145,0.1185124024257736,0.0515873015873015,0.0966332989038565,0.0339869281045751,0.0500757681290926,0.3209536258948023,0.0966070143507462,21.9,4.557045826702493,7.9,1.7,1.3,1.4,3.4,0.5,0.1,0.4,2.8,5.5,0.4880000000000001,0.9,1.2,0.75,0.5,1.2,1.0,6.3,0.3404758792405851,0.1718232320971627,0.0730660102424808,0.0576549238414508,0.0561425742013977,0.0381075324236928,0.0619724980901451,0.050806473619362,0.1537931132048779,0.068315995562354,0.2454804911863735,0.1025079785066338,0.0486694677871148,0.0768530811706675,0.0169934640522875,0.0378859522776194,0.2838885210649916,0.1049542292327609,24.11,10.2,1.48,1.16,1.4,0.53042,0.43398,1.4466,12.84,11.68,11.36,2.64,0.9644,10.2,1.48,1.16,1.4,12.84,0.53042,0.43398,1.4466,NYK,True,2.55,1.0,1.0,1.0,3.21,1.0,1.0,1.0
203482,Kelly Olynyk,SAS,2026-06-13,0.0,72.0,0.0,0.0,43.0,0,2,0,0,1,0,0,0,0,1,0.0,0,0,,0,2,0,0,3.0,0.0,0.6666666666666666,0.0,0.0,0.3333333333333333,0.3333333333333333,0.0,0.0,0.3333333333333333,0.0,5.666666666666667,3.055050463303904,3.333333333333333,1.6666666666666667,1.6666666666666667,0.3333333333333333,0.6666666666666666,0.3333333333333333,0.0,0.3333333333333333,0.6666666666666666,1.0,0.5,1.6666666666666667,2.0,0.75,0.0,1.6666666666666667,0.0,-3.6666666666666665,0.4000000000000001,0.5291502622129179,0.3925925925925926,0.2778518419779415,0.2444444444444444,0.2143033502442879,0.037037037037037,0.0641500299099583,0.1481481481481481,0.1697250257391052,0.1851851851851852,0.1697250257391052,0.2814814814814815,0.2447809132127155,0.037037037037037,0.0641500299099581,0.346074074074074,0.1767891026937909,4.8,2.4899799195977472,2.4,1.2,1.0,0.2,0.6,0.2,0.0,0.4,0.6,1.0,0.5,1.0,1.2,0.75,0.0,1.2,0.0,-5.0,0.3733333333333333,0.4437216344611663,0.3022222222222222,0.260389072612125,0.1466666666666666,0.2022100118413746,0.0222222222222222,0.0496903994999953,0.1388888888888889,0.1495879113092917,0.2277777777777777,0.136648598624987,0.1688888888888889,0.2317938632960941,0.0888888888888888,0.1448711645600588,0.3909777777777777,0.2027540990741198,6.1,4.067486256208425,2.4,1.5,1.1,0.3,0.9,0.2,0.2,0.3,0.7,1.4,0.53125,0.7,0.8,0.8333333333333334,0.4,1.1,0.2,-2.5,0.4152380952380953,0.4674814720197838,0.2189682539682539,0.2344268996454968,0.1364285714285714,0.1567658215355416,0.0611111111111111,0.1054092553389459,0.1503968253968254,0.1215413419705908,0.2341269841269841,0.1519725567867203,0.0987301587301587,0.1765290612001994,0.0527777777777777,0.1067428354589229,0.3303460317460317,0.1926343820293607,8.0,2.32,1.52,1.07,0.2299999999999999,0.176,0.144,0.48,4.91,3.84,3.39,2.59,0.3199999999999999,2.32,1.52,1.07,0.2299999999999999,4.91,0.176,0.144,0.48,,,,,,,,,,
203486,Mason Plumlee,SAS,2026-06-13,0.0,62.0,0.0,0.0,21.0,2,3,1,0,0,0,0,0,1,1,1.0,0,0,,1,2,1,-6,16.0,0.125,0.1875,0.0625,0.0,0.0,0.0625,0.0,0.0,0.0625,0.0,11.0,4.5825756949558425,1.3333333333333333,2.333333333333333,1.0,0.0,0.0,0.6666666666666666,0.0,1.0,0.6666666666666666,0.6666666666666666,1.0,0.0,0.0,,1.0,1.3333333333333333,1.0,-3.333333333333333,0.1083333333333333,0.1010362971081846,0.1958333333333334,0.2001301659753801,0.0875,0.1023169096484056,0.0,0.0,0.0,0.0,0.0541666666666666,0.0505181485540922,0.0,0.0,0.1142857142857142,0.1030157507275425,0.1684523809523809,0.1208010747463116,9.4,3.974921382870357,1.0,2.4,0.8,0.0,0.0,0.8,0.0,0.6,0.4,0.4,1.0,0.2,0.4,0.5,1.4,1.0,1.4,-3.2,0.0983333333333333,0.0936156444665574,0.2675,0.1935684633404937,0.0774999999999999,0.0858778201865883,0.0,0.0,0.0,0.0,0.0325,0.0464354390525167,0.0666666666666666,0.1490711984999859,0.0685714285714285,0.0960442075084092,0.1304047619047619,0.1126926292390377,7.8,4.157990967870045,1.4,2.4,0.9,0.0,0.0,0.6,0.0,0.6,0.6,0.8,0.875,0.2,0.3,0.7499999999999999,1.0,1.4,1.1,-2.9,0.1391666666666666,0.1824917552678497,0.3713690476190476,0.272850351552648,0.0930357142857142,0.1305471272669059,0.0,0.0,0.0,0.0,0.07625,0.1315571802170701,0.0433333333333333,0.1066319387912006,0.0642857142857142,0.1100916954447323,0.1596023809523809,0.2296452153309844,10.55,1.3299999999999998,2.47,0.91,0.0,0.2320999999999999,0.1898999999999999,0.6329999999999999,4.71,3.8,2.24,3.38,0.4219999999999999,1.3299999999999998,2.47,0.91,0.0,4.71,0.2320999999999999,0.1898999999999999,0.6329999999999999,NYK,True,1.0,1.0,1.0,1.0,1.1775,1.0,1.0,1.0
1628368,De'Aaron Fox,SAS,2026-06-13,0.0,62.0,0.0,0.0,73.0,24,6,5,4,14,0,1,0,8,21,0.381,4,4,1.0,0,6,2,2,33.0,0.7272727272727273,0.1818181818181818,0.1515151515151515,0.1212121212121212,0.4242424242424242,0.6363636363636364,0.1212121212121212,0.0,0.6896969696969697,0.0,32.0,3.605551275463984,22.33333333333333,4.0,7.333333333333333,3.0,8.0,1.0,0.3333333333333333,2.0,8.333333333333334,18.33333333333333,0.4603333333333332,2.6666666666666665,3.0,0.8889999999999999,0.3333333333333333,3.6666666666666665,2.0,3.333333333333333,0.6948051948051948,0.0454545454545452,0.1201298701298701,0.0756570142709807,0.2362193362193362,0.1074921790994842,0.0927849927849927,0.0256338961362218,0.2461760461760461,0.1548702937328905,0.5692640692640693,0.0682075811973538,0.0927849927849927,0.0256338961362215,0.0619047619047619,0.0577350269189625,0.671994227994228,0.0622045628936017,32.6,5.319774431308158,18.8,3.2,6.0,2.0,7.0,1.2,0.4,2.2,7.6,17.2,0.4497999999999999,1.6,2.2,0.66675,0.2,3.0,2.4,6.4,0.5831794131794131,0.1629634044946835,0.092077922077922,0.0747492575851388,0.1913612313612313,0.0991969392245983,0.063078403078403,0.0464184105675056,0.2147426647426647,0.1183205871801319,0.5254473304473304,0.0777345945465222,0.0704858104858104,0.0441222137117525,0.0693650793650793,0.0473058483219816,0.6258261664261664,0.0801854630122895,29.0,5.715476066494081,16.0,3.5,5.7,1.3,5.1,1.5,0.2,2.2,6.5,13.6,0.4939,1.7,2.3,0.6574444444444444,0.5,3.0,2.2,14.1,0.5473052773757422,0.1607649098935935,0.1181894572194422,0.0775221868321238,0.204270035256542,0.0767474535191392,0.0424357532633394,0.0401155134399769,0.1702867318144679,0.0933730461419459,0.4580185891902533,0.1009916536004984,0.0808383932132058,0.0383483950395916,0.0771775778777278,0.0418051788601111,0.5707650600817917,0.1044264415626808,31.76,20.08,3.92,6.19,2.46,0.69872,0.57168,1.9056,30.19,24.0,26.27,10.11,1.2704,20.08,3.92,6.19,2.46,30.19,0.69872,0.57168,1.9056,NYK,True,5.02,1.0,1.5475,1.0,7.5475,1.0,1.0,1.0
1628436,Luke Kornet,SAS,2026-06-13,0.0,64.0,0.0,0.0,69.0,2,7,1,0,0,1,0,1,1,2,0.5,0,0,,2,5,2,10,18.0,0.1111111111111111,0.3888888888888889,0.0555555555555555,0.0,0.0,0.1111111111111111,0.0,0.0555555555555555,0.1666666666666666,0.0,22.0,4.000000000000004,7.333333333333333,5.0,2.6666666666666665,0.0,0.0,1.0,0.3333333333333333,0.3333333333333333,3.333333333333333,4.666666666666667,0.6666666666666666,0.6666666666666666,0.6666666666666666,1.0,1.3333333333333333,3.6666666666666665,2.0,7.333333333333333,0.3167573167573168,0.1814946971473746,0.2391867391867392,0.1326291241317365,0.1105931105931106,0.1041980445915571,0.0,0.0,0.0,0.0,0.2048692048692049,0.0838633080083407,0.0303030303030303,0.0524863881081477,0.0185185185185185,0.032075014954979,0.2367210567210567,0.0732119753511578,20.8,5.357238094391549,6.0,5.2,2.8,0.0,0.0,0.8,0.2,0.2,2.4,3.6,0.5334,1.2,1.2,1.0,1.6,3.6,1.6,6.0,0.25405439005439,0.1914210527956492,0.2684351204351204,0.1140764901414952,0.1217404817404817,0.0869200906244911,0.0,0.0,0.0,0.0,0.1623061383061383,0.0845296239129833,0.0501818181818181,0.0729269984809331,0.0111111111111111,0.0248451997499976,0.1954972494172494,0.0864638795535464,20.0,4.0824829046386375,5.7,5.2,2.0,0.0,0.0,0.5,0.3,0.2,2.2,3.7,0.4884,1.3,1.6,0.7916666666666666,1.8,3.4,1.3,3.7,0.2630741305478147,0.1838890851240131,0.2704308206413469,0.1216370056024583,0.0895783748415327,0.0834527798224547,0.0,0.0,0.0,0.0,0.1786513603355708,0.0788359770459237,0.0790940988835725,0.0765576040678088,0.0103174603174603,0.0218314085034685,0.2237702241618031,0.0836779082998685,20.58,5.74,5.409999999999999,2.33,0.0,0.4527599999999999,0.3704399999999999,1.2348,13.479999999999999,11.15,8.07,7.739999999999998,0.8231999999999999,5.74,5.409999999999999,2.33,0.0,13.48,0.4527599999999999,0.3704399999999999,1.2348,NYK,True,1.435,1.3524999999999998,1.0,1.0,3.37,1.0,1.0,1.0
1629162,Jordan McLaughlin,SAS,2026-06-13,0.0,62.0,0.0,0.0,45.0,2,1,1,0,0,0,0,0,1,1,1.0,0,0,,1,0,0,5,2.0,1.0,0.5,0.5,0.0,0.0,0.5,0.0,0.0,0.5,0.0,5.666666666666667,3.5118845842842483,2.333333333333333,1.6666666666666667,0.3333333333333333,0.3333333333333333,0.3333333333333333,0.3333333333333333,0.0,0.0,0.6666666666666666,1.3333333333333333,0.5000000000000001,0.6666666666666666,0.6666666666666666,1.0,0.6666666666666666,1.0,0.0,4.0,0.5740740740740741,0.3941443824776441,0.3518518518518518,0.1398117488013101,0.1666666666666666,0.2886751345948129,0.0555555555555555,0.0962250448649376,0.0555555555555555,0.0962250448649375,0.3148148148148148,0.1951046991269023,0.074074074074074,0.1283000598199168,0.0,0.0,0.3474074074074074,0.1460649835650841,5.2,2.5884358211089595,2.2,1.0,0.4,0.2,0.2,0.6,0.0,0.2,0.8,1.4,0.6,0.4,0.4,1.0,0.4,0.6,0.0,1.4,0.5244444444444445,0.2890384228377667,0.2111111111111111,0.2165954298846436,0.15,0.223606797749979,0.0333333333333333,0.0745355992499929,0.0333333333333333,0.074535599249993,0.3288888888888889,0.1750837542082483,0.0444444444444444,0.0993807989999906,0.04,0.0894427190999915,0.3884444444444444,0.1227805429552865,7.7,5.29255241930688,2.2,0.8,1.3,0.4,0.7,0.7,0.1,0.3,0.8,1.6,0.541625,0.2,0.2,1.0,0.2,0.6,0.1,0.0,0.3688888888888889,0.3050467143609102,0.1322222222222222,0.1764184139768959,0.2016666666666666,0.1941187748916423,0.0477777777777777,0.0797888159082017,0.0666666666666666,0.0874889763779089,0.2466666666666666,0.1839066978806841,0.0222222222222222,0.0702728368926306,0.0355555555555555,0.0670360139066594,0.292,0.1664218778484721,8.0,2.21,1.16,0.65,0.25,0.176,0.144,0.48,4.0200000000000005,3.37,2.86,1.81,0.3199999999999999,2.21,1.16,0.65,0.25,4.0200000000000005,0.176,0.144,0.48,,,,,,,,,,
1629640,Keldon Johnson,SAS,2026-06-13,0.0,62.0,0.0,0.0,83.0,18,6,1,2,5,0,0,1,6,12,0.5,4,6,0.667,2,4,4,10,22.0,0.8181818181818182,0.2727272727272727,0.0454545454545454,0.0909090909090909,0.2272727272727272,0.5454545454545454,0.2727272727272727,0.0454545454545454,0.7109090909090909,0.0,25.0,3.6055512754639865,18.33333333333333,6.666666666666667,1.3333333333333333,1.0,4.333333333333333,0.6666666666666666,0.3333333333333333,1.0,6.666666666666667,13.333333333333334,0.4983333333333333,4.0,5.0,0.8223333333333334,2.6666666666666665,4.0,2.0,10.333333333333334,0.7387234413096483,0.06944381660885,0.26619644723093,0.0141138376794564,0.0544235458028561,0.0256305850084403,0.0441919191919191,0.0455071244720709,0.1796847788227099,0.0666984141374345,0.5347875304771855,0.0153129870373213,0.2039359108324625,0.0596443288928388,0.0381400208986415,0.0350597681709669,0.6626593521421106,0.047957271054838,23.4,4.3931765272977605,15.6,6.2,1.0,0.8,4.8,0.8,0.4,0.8,5.4,12.8,0.4162,4.0,5.0,0.8268000000000001,2.6,3.6,1.8,6.6,0.6648811236093184,0.1149652927378982,0.2552472801032638,0.0875571339646986,0.0406541274817136,0.0297314243794314,0.0345151515151515,0.0375635977392312,0.2183991025877436,0.0892102153783132,0.5505195771098409,0.0260951180556623,0.2174203700288893,0.0460697688326217,0.0308840125391849,0.030221048617841,0.677068552461737,0.0395369930558674,24.1,3.348299734359382,14.8,4.9,1.6,1.2,4.5,0.6,0.2,0.8,5.4,12.1,0.4542,2.8,3.5,0.82925,2.0,2.9,1.7,10.4,0.6183357455259297,0.1212336548021301,0.2008948133228051,0.1167555715228333,0.0670985692080144,0.0640848252222459,0.0495870015652624,0.0330747985519226,0.1948830304556118,0.0870478740400921,0.5081257953339706,0.11057535073255,0.1481750679575884,0.0943916121837209,0.0313834722110584,0.0234983987332626,0.604706297446368,0.1271642034017731,23.81,16.62,6.050000000000001,1.22,1.12,0.5238200000000001,0.42858,1.4286,23.89,22.67,17.84,7.27,0.9524,16.62,6.050000000000001,1.22,1.12,23.89,0.5238200000000001,0.42858,1.4286,NYK,True,4.155,1.5125000000000002,1.0,1.0,5.9725,1.0,1.0,1.0
1630170,Devin Vassell,SAS,2026-06-13,0.0,62.0,0.0,0.0,68.0,19,4,2,3,8,2,0,3,7,13,0.538,2,2,1.0,2,2,1,-2,33.0,0.5757575757575758,0.1212121212121212,0.0606060606060606,0.0909090909090909,0.2424242424242424,0.3939393939393939,0.0606060606060606,0.0909090909090909,0.5115151515151516,0.0,30.33333333333333,3.055050463303895,12.666666666666666,4.666666666666667,1.6666666666666667,2.0,6.333333333333333,1.3333333333333333,0.0,1.6666666666666667,4.666666666666667,11.0,0.4029999999999998,1.3333333333333333,1.6666666666666667,0.8335,1.0,3.6666666666666665,1.3333333333333333,0.3333333333333333,0.4041852213895224,0.1995588555354806,0.1511169038050758,0.0955711395157745,0.0556460663987545,0.0213446906920651,0.064154085659462,0.0269378516896058,0.2054596140617646,0.05032385951751,0.3575178306361102,0.0860380517270272,0.0524600847181492,0.0488986587403991,0.053401397487419,0.0325703844611864,0.4340016653995149,0.1195704227374886,32.0,4.472135954999579,13.0,4.6,2.2,2.0,6.2,1.0,0.2,1.0,4.8,11.2,0.4164,1.4,1.6,0.8889999999999999,0.8,3.8,1.0,-1.4,0.3948188251414058,0.1527684369097914,0.1429778345907378,0.0685158157255938,0.0703107167623296,0.0383741054024508,0.0605437334469592,0.0249954416026684,0.1909680761293664,0.0480033033208216,0.3463055701765379,0.0661190991370559,0.0468606662155049,0.0446539155383796,0.0320408384924513,0.0372280505540854,0.3989651018038115,0.1026020244705765,29.8,4.184627953726739,12.8,5.3,2.5,2.4,6.1,1.0,0.3,0.7,4.6,10.6,0.4216,1.2,1.5,0.8195,1.0,4.3,1.2,8.4,0.4333551316643641,0.1901500090390403,0.1792849218099496,0.0911773519328857,0.0855663257971378,0.0438769893511399,0.0826910178356229,0.0471811710495644,0.2060742033684191,0.0575966513434267,0.356430653863913,0.0681824313498827,0.0488566309478434,0.0501111860182651,0.0231632763890828,0.0340154454039845,0.401090847870047,0.081044501470908,31.21,13.76,4.67,2.0700000000000003,2.2299999999999995,0.68662,0.56178,1.8726,20.5,18.43,15.83,6.74,1.2484,13.76,4.67,2.0700000000000003,2.2299999999999995,20.5,0.68662,0.56178,1.8726,NYK,True,3.44,1.1675,1.0,1.0,5.125,1.0,1.0,1.0
1630322,Lindy Waters III,SAS,2026-06-13,0.0,68.0,0.0,0.0,41.0,3,1,0,1,2,1,0,0,1,2,0.5,0,0,,0,1,1,2,5.0,0.6,0.2,0.0,0.2,0.4,0.4,0.0,0.0,0.4,0.0,7.0,2.0000000000000058,2.333333333333333,0.6666666666666666,0.3333333333333333,0.6666666666666666,3.6666666666666665,0.3333333333333333,0.0,0.3333333333333333,0.6666666666666666,3.6666666666666665,0.2223333333333333,0.3333333333333333,0.6666666666666666,0.5,0.0,0.6666666666666666,1.0,-3.0,0.3587301587301587,0.2296271913653986,0.1037037037037037,0.1002055500627312,0.037037037037037,0.0641500299099582,0.1037037037037037,0.100205550062731,0.4984126984126984,0.146410826128256,0.4984126984126984,0.1464108261282561,0.0952380952380952,0.1649572197684645,0.037037037037037,0.0641500299099586,0.5773544973544974,0.1899424621033557,8.2,5.4037024344425175,2.6,0.6,0.6,0.8,2.8,0.2,0.0,0.2,0.8,2.8,0.3334999999999999,0.2,0.4,0.5,0.0,0.6,0.8,-3.4,0.2858263305322128,0.227817521438382,0.0739869281045751,0.0843142321512872,0.0457516339869281,0.0626906081478786,0.0857516339869281,0.085760999010378,0.3343417366946778,0.2551165409495452,0.3343417366946778,0.255116540949545,0.0571428571428571,0.1277753129999879,0.0222222222222222,0.0496903994999953,0.3817068160597572,0.3061095906884847,8.5,6.96419413859206,3.5,0.8,0.8,1.0,2.9,0.2,0.1,0.2,1.2,3.1,0.4584285714285713,0.1,0.2,0.5,0.1,0.7,0.6,1.2,0.3324059188892948,0.2880639788311344,0.0793847684001136,0.0974863060339342,0.0899048025007104,0.1527029270812621,0.0975859619210002,0.0932424081590316,0.2809389842893679,0.2416144841203135,0.2936201437096578,0.2549639028122826,0.0285714285714285,0.0903507902905251,0.0154589371980676,0.0362801610734661,0.3216505094791539,0.2845631794265893,8.0,2.76,0.72,0.47,0.8299999999999998,0.176,0.144,0.48,3.9499999999999993,3.4799999999999995,3.23,1.19,0.3199999999999999,2.76,0.72,0.47,0.8299999999999998,3.95,0.176,0.144,0.48,,,,,,,,,,
1630577,Julian Champagnie,SAS,2026-06-13,0.0,62.0,0.0,0.0,83.0,7,4,1,1,4,0,1,1,3,7,0.429,0,0,,1,3,1,-17,25.0,0.28,0.16,0.04,0.04,0.16,0.28,0.0,0.04,0.32,0.0,26.33333333333333,1.1547005383791684,7.666666666666667,5.0,1.6666666666666667,0.6666666666666666,3.333333333333333,0.3333333333333333,1.6666666666666667,0.3333333333333333,3.0,7.0,0.407,1.0,1.0,1.0,1.0,4.0,1.3333333333333333,1.3333333333333333,0.2908641975308643,0.222421309996086,0.1891358024691358,0.0610171368733966,0.062716049382716,0.0419375283862955,0.025679012345679,0.0222879685854752,0.1274074074074074,0.0282260131603809,0.2661728395061728,0.0389247336275326,0.037037037037037,0.0641500299099584,0.0133333333333333,0.0230940107675849,0.2958024691358025,0.0649546991379427,27.8,3.033150177620626,9.6,5.8,1.8,1.8,4.6,0.2,1.0,0.2,3.6,7.8,0.4442,0.6,0.6,1.0,1.2,4.6,1.2,3.6,0.3354612794612794,0.1967314775755663,0.2104511784511784,0.0827385898533856,0.0645656565656565,0.0301407702214703,0.0591784511784511,0.0705175333609193,0.1606195286195286,0.0663819106456634,0.2768754208754208,0.0589243982396902,0.0222222222222222,0.0496903994999952,0.008,0.0178885438199983,0.2946531986531986,0.0679100724229604,27.0,2.5819888974716187,11.3,6.0,2.0,2.3,6.2,0.6,0.6,0.4,4.1,9.2,0.4553,0.8,0.9,0.91675,0.9,5.1,1.2,8.9,0.416106177236612,0.159421553277204,0.2220674430239647,0.0797154073661292,0.0726674436674436,0.0413574997820528,0.0838414950588863,0.0613351046875065,0.230799491973405,0.1197421396481754,0.3408027367157801,0.1133023098485759,0.0333638583638583,0.0472466931282395,0.0152637362637362,0.0197323018830925,0.3707465706596141,0.137218180459036,26.78,8.969999999999999,5.33,1.6800000000000002,1.44,0.58916,0.4820399999999999,1.6068,15.979999999999999,14.3,10.65,7.01,1.0712,8.969999999999999,5.33,1.6800000000000002,1.44,15.98,0.58916,0.4820399999999999,1.6068,NYK,True,2.2425,1.3325,1.0,1.0,3.995,1.0,1.0,1.0
1630649,Stanley Umude,SAS,2026-06-13,0.0,112.0,0.0,0.0,3.0,2,0,1,0,1,1,0,0,1,2,0.5,0,0,,0,0,1,-9,4.0,0.5,0.0,0.25,0.0,0.25,0.5,0.0,0.0,0.5,0.0,3.0,1.4142135623730951,1.0,0.0,0.5,0.0,0.5,0.5,0.0,0.0,0.5,1.0,0.5,0.0,0.0,,0.0,0.0,1.0,-8.5,0.25,0.3535533905932738,0.0,0.0,0.125,0.1767766952966369,0.0,0.0,0.125,0.1767766952966369,0.25,0.3535533905932738,0.0,0.0,0.0,0.0,0.25,0.3535533905932738,3.0,1.4142135623730951,1.0,0.0,0.5,0.0,0.5,0.5,0.0,0.0,0.5,1.0,0.5,0.0,0.0,,0.0,0.0,1.0,-8.5,0.25,0.3535533905932738,0.0,0.0,0.125,0.1767766952966369,0.0,0.0,0.125,0.1767766952966369,0.25,0.3535533905932738,0.0,0.0,0.0,0.0,0.25,0.3535533905932738,3.0,1.4142135623730951,1.0,0.0,0.5,0.0,0.5,0.5,0.0,0.0,0.5,1.0,0.5,0.0,0.0,,0.0,0.0,1.0,-8.5,0.25,0.3535533905932738,0.0,0.0,0.125,0.1767766952966369,0.0,0.0,0.125,0.1767766952966369,0.25,0.3535533905932738,0.0,0.0,0.0,0.0,0.25,0.3535533905932738,8.0,1.15,0.0,0.575,0.0,0.176,0.144,0.48,1.7249999999999999,1.15,1.725,0.575,0.3199999999999999,1.15,0.0,0.575,0.0,1.725,0.176,0.144,0.48,,,,,,,,,,
1631127,Harrison Ingram,SAS,2026-06-13,0.0,64.0,0.0,0.0,8.0,0,0,0,0,0,0,0,0,0,0,,0,0,,0,0,0,-2,6.0,0.0,0.0,0.0,0.0,0.0,0.0,0.0,0.0,0.0,0.0,4.333333333333333,1.5275252316519468,1.3333333333333333,0.0,0.3333333333333333,0.0,0.0,0.0,0.0,0.3333333333333333,0.6666666666666666,0.6666666666666666,1.0,0.0,0.0,,0.0,0.0,0.0,-3.6666666666666665,0.3888888888888888,0.3469443332443554,0.0,0.0,0.0833333333333333,0.1443375672974064,0.0,0.0,0.0,0.0,0.1944444444444444,0.1734721666221776,0.0,0.0,0.1111111111111111,0.1924500897298752,0.3055555555555555,0.3367876570272816,4.0,1.5811388300841898,1.6,0.4,0.2,0.0,0.0,0.0,0.0,0.2,0.8,1.0,0.875,0.0,0.0,,0.4,0.0,0.4,-2.0,0.5133333333333333,0.366363511040909,0.08,0.1788854381999831,0.05,0.1118033988749894,0.0,0.0,0.0,0.0,0.2966666666666667,0.1894436298451043,0.0,0.0,0.0666666666666666,0.1490711984999859,0.3633333333333333,0.2534210374499762,3.7142857142857135,1.4960264830861911,1.5714285714285714,0.4285714285714285,0.1428571428571428,0.1428571428571428,0.1428571428571428,0.0,0.0,0.1428571428571428,0.7142857142857143,0.8571428571428571,0.9,0.0,0.0,,0.4285714285714285,0.0,0.2857142857142857,-0.8571428571428571,0.4738095238095238,0.375383401887588,0.0928571428571428,0.1643892013600939,0.0357142857142857,0.0944911182523068,0.0357142857142857,0.0944911182523068,0.0357142857142857,0.0944911182523068,0.2476190476190476,0.1901336205167136,0.0,0.0,0.0476190476190476,0.1259881576697424,0.2952380952380952,0.2480879260415932,8.0,1.2742857142857142,0.2257142857142857,0.1985714285714285,0.0285714285714285,0.176,0.144,0.48,1.6985714285714284,1.5,1.4728571428571429,0.4242857142857142,0.3199999999999999,1.2742857142857142,0.2257142857142857,0.1985714285714285,0.0285714285714285,1.6985714285714286,0.176,0.144,0.48,,,,,,,,,,
1641705,Victor Wembanyama,SAS,2026-06-13,0.0,64.0,0.0,0.0,65.0,40,13,5,2,7,1,2,2,14,23,0.609,10,11,0.909,3,10,0,10,26.0,1.5384615384615383,0.5,0.1923076923076923,0.0769230769230769,0.2692307692307692,0.8846153846153846,0.4230769230769231,0.0769230769230769,1.1476923076923078,0.0,27.33333333333333,12.055427546683418,30.33333333333333,12.0,4.333333333333333,1.6666666666666667,5.333333333333333,0.6666666666666666,3.333333333333333,1.6666666666666667,9.666666666666666,17.0,0.572,9.333333333333334,10.666666666666666,0.7833333333333333,1.6666666666666667,10.333333333333334,1.6666666666666667,7.0,1.1503205128205132,0.3525324869274466,0.4208333333333334,0.0970931683144253,0.1432692307692308,0.0704814907088689,0.0631410256410256,0.0134729804852458,0.2022435897435897,0.0609674024519307,0.6657051282051282,0.2305815208797164,0.366025641025641,0.1004857531582028,0.0756410256410256,0.0500123258968962,0.902397435897436,0.2559389440797296,28.2,8.613942186943216,34.6,14.0,4.0,2.0,5.6,0.6,3.2,1.4,12.4,20.0,0.6146,7.8,8.8,0.845,2.2,11.8,1.4,10.4,1.2462842617152965,0.2822837966767345,0.4833045977011494,0.1139513840275152,0.1333178603006189,0.0527365212676325,0.0716777188328912,0.0186492321976638,0.2027254641909814,0.0431844041833568,0.7311472148541114,0.1926458736428668,0.3014544650751548,0.1241196692140411,0.0587179487179487,0.0484061377811216,0.9225051282051282,0.1901333543573684,28.6,6.328067986711613,29.5,13.5,4.0,1.5,5.2,1.2,3.5,1.9,10.6,19.6,0.5383,6.8,7.5,0.8792,2.8,10.7,1.6,15.1,1.0417719836810495,0.3005600001452689,0.4683422039275766,0.1126701403433086,0.1384435612897793,0.0631336202608328,0.0529491565267427,0.0271603237571486,0.1844589548691328,0.0582726823791341,0.6998601094554932,0.1537042952676592,0.2514590455274549,0.1266063088318616,0.0703998450772644,0.035093040822836,0.8809019345648379,0.153882805139861,27.69,33.11,13.15,4.25,1.8,0.6091799999999999,0.4984199999999999,1.6613999999999998,50.51,46.26,37.36,17.4,1.1076,33.11,13.15,4.25,1.8,50.51,0.6091799999999999,0.4984199999999999,1.6613999999999998,NYK,True,8.2775,3.2875,1.0625,1.0,12.6275,1.0,1.0,1.0
1642264,Stephon Castle,SAS,2026-06-13,0.0,62.0,0.0,0.0,69.0,10,11,9,2,3,1,0,2,3,10,0.3,2,4,0.5,3,8,3,-11,29.0,0.3448275862068966,0.3793103448275862,0.3103448275862069,0.0689655172413793,0.1034482758620689,0.3448275862068966,0.1379310344827586,0.0689655172413793,0.4744827586206896,0.0,33.333333333333336,5.85946527708231,16.333333333333332,8.666666666666666,10.333333333333334,1.0,3.0,1.0,0.0,2.6666666666666665,6.0,13.333333333333334,0.4303333333333333,3.333333333333333,4.0,0.8333333333333334,2.333333333333333,6.333333333333333,4.333333333333333,-4.0,0.485910270671116,0.1345920781141989,0.2756303299962921,0.1334978911524485,0.3182332220986281,0.097417251595669,0.0337411939191694,0.0345066717710121,0.089321468298109,0.0215511320741097,0.3963941416388579,0.0447470579014588,0.1271598071931775,0.0723778236928564,0.0778272154245457,0.0193306374889964,0.5301716722284019,0.0494701568924228,33.2,4.147288270665549,16.8,7.4,9.4,1.6,3.6,0.8,0.0,3.4,6.0,12.8,0.4536,3.2,4.0,0.8428000000000001,2.2,5.2,3.8,-0.2,0.5036673745238818,0.1118853610630223,0.2320448646644419,0.1162145657832043,0.2879096302288738,0.1029630626922443,0.0505477466545319,0.0352101165417939,0.1081383355243199,0.0317946461754607,0.3832910304378602,0.0738600203511699,0.124780732800755,0.0822321018628038,0.101241783800182,0.0364633343437803,0.5394363366703745,0.0597209244031743,30.0,5.696002496878356,16.4,6.6,9.4,1.6,3.5,0.7,0.1,3.3,5.5,11.2,0.4761,3.8,5.2,0.7707777777777778,1.9,4.7,2.7,10.7,0.5422824738576539,0.1969060838764048,0.2200974827191154,0.1145901502793582,0.324854200586536,0.1137773524625749,0.0541994105586502,0.0338145487274066,0.1148506451553315,0.0440323047475615,0.3701456607505599,0.0679222255656652,0.1794002680429628,0.143080268781413,0.1090163644934646,0.0564829189013732,0.5580981431829282,0.1111314813011064,31.97,15.56,8.16,9.62,1.48,0.70334,0.57546,1.9182,33.339999999999996,23.72,25.18,17.78,1.2788,15.56,8.16,9.62,1.48,33.34,0.70334,0.57546,1.9182,NYK,True,3.89,2.04,2.405,1.0,8.335,1.0,1.0,1.0
1642357,David Jones Garcia,SAS,2026-06-13,0.0,157.0,0.0,0.0,12.0,0,1,0,0,0,0,0,0,0,0,,0,0,,0,1,0,0,1.0,0.0,1.0,0.0,0.0,0.0,0.0,0.0,0.0,0.0,0.0,5.333333333333333,4.509249752822893,3.0,0.6666666666666666,1.6666666666666667,0.6666666666666666,1.0,0.6666666666666666,0.0,0.6666666666666666,1.0,2.0,0.3,0.3333333333333333,0.3333333333333333,1.0,0.0,0.6666666666666666,0.6666666666666666,0.3333333333333333,0.3,0.5196152422706632,0.3999999999999999,0.5291502622129182,0.2,0.2,0.0666666666666666,0.1154700538379251,0.0999999999999999,0.1732050807568877,0.2333333333333333,0.2516611478423581,0.0333333333333333,0.0577350269189626,0.1333333333333333,0.2309401076758503,0.3813333333333333,0.3314292282423705,4.0,3.674234614174767,1.8,0.4,1.0,0.4,0.6,0.4,0.0,0.4,0.6,1.2,0.3,0.2,0.2,1.0,0.0,0.4,0.6,0.6,0.18,0.4024922359499621,0.24,0.433589667773576,0.12,0.1788854381999831,0.04,0.0894427190999915,0.06,0.1341640786499874,0.1399999999999999,0.2190890230020667,0.02,0.0447213595499958,0.08,0.1788854381999832,0.2288,0.3139222833759975,6.6,5.834761729877618,2.7,1.2,1.6,0.3,0.5,0.6,0.1,0.5,1.1,2.3,0.4495714285714286,0.2,0.5,0.5,0.3,0.9,0.4,3.4,0.3217293233082706,0.3965724040738546,0.2159861191440138,0.3067443458234607,0.1678426836321573,0.1717754154010547,0.0252631578947368,0.0635852984705925,0.0429554655870445,0.0944195852022055,0.3118970503181029,0.3211124918033056,0.0605263157894736,0.1266868332102176,0.0606477732793522,0.1289518420523769,0.3991764025448236,0.3522235956913284,8.0,2.07,0.73,1.17,0.3999999999999999,0.176,0.144,0.48,3.9699999999999998,2.8,3.24,1.9,0.3199999999999999,2.07,0.73,1.17,0.3999999999999999,3.97,0.176,0.144,0.48,,,,,,,,,,
1642844,Dylan Harper,SAS,2026-06-13,0.0,62.0,0.0,0.0,70.0,9,3,1,0,1,1,0,0,4,9,0.444,1,1,1.0,2,1,2,-14,18.0,0.5,0.1666666666666666,0.0555555555555555,0.0,0.0555555555555555,0.5,0.0555555555555555,0.0,0.5244444444444444,0.0,25.666666666666668,7.50555349946513,11.666666666666666,4.333333333333333,3.6666666666666665,0.3333333333333333,1.3333333333333333,1.0,1.0,2.0,4.666666666666667,10.666666666666666,0.439,2.0,2.0,1.0,1.6666666666666667,2.6666666666666665,2.333333333333333,2.333333333333333,0.4646464646464647,0.0612341194595054,0.1674436674436674,0.0140021921452524,0.1358456358456358,0.0885187144527516,0.0101010101010101,0.0174954627027159,0.0515410515410515,0.0116052637675388,0.4234654234654235,0.0769260200515355,0.0826210826210826,0.0989695367104373,0.066045066045066,0.0613338644036235,0.5258637658637659,0.0189210862577066,25.0,6.082762530298219,12.8,3.8,3.6,1.2,2.0,0.6,0.6,1.6,5.2,10.0,0.5334000000000001,1.2,1.4,0.6666666666666666,1.2,2.6,2.2,2.6,0.5202164502164501,0.0875855577391422,0.1518947718947719,0.0279452646373781,0.1400788100788101,0.0629107185849126,0.0474891774891774,0.0527298672226852,0.0823532023532023,0.0455745170673742,0.4026506826506826,0.0632514688223981,0.0595726495726495,0.078778431991675,0.0596270396270396,0.0566405747204087,0.4884896880896881,0.0598414020551014,24.2,4.263540521418536,13.3,3.5,3.9,1.3,2.5,0.8,0.5,1.7,5.6,10.0,0.5674,0.8,0.9,0.8,1.2,2.3,2.4,6.1,0.5545864859777903,0.1085433388145983,0.1437817544774066,0.0642243706323235,0.158983504418287,0.0644074314766992,0.0541307171089779,0.0445525441393748,0.1058681125637647,0.0538453081572465,0.4138698547828983,0.0581233168526259,0.0379529914529914,0.0591612521302763,0.0683518220909525,0.0454747638494349,0.498920993113167,0.0696931981210709,23.99,11.989999999999998,3.78,3.29,0.78,0.5277799999999999,0.4318199999999999,1.4393999999999998,19.06,15.769999999999998,15.279999999999998,7.07,0.9595999999999998,11.989999999999998,3.78,3.29,0.78,19.06,0.5277799999999999,0.4318199999999999,1.4393999999999998,NYK,True,2.9975,1.0,1.0,1.0,4.765,1.0,1.0,1.0
1642868,Carter Bryant,SAS,2026-06-13,0.0,62.0,0.0,0.0,72.0,13,5,5,1,7,0,3,1,6,13,0.462,0,1,0.0,2,3,4,2,30.0,0.4333333333333333,0.1666666666666666,0.1666666666666666,0.0333333333333333,0.2333333333333333,0.4333333333333333,0.0333333333333333,0.0333333333333333,0.4813333333333333,0.0,26.666666666666668,2.8867513459481406,14.0,4.666666666666667,3.6666666666666665,3.0,5.333333333333333,0.3333333333333333,1.3333333333333333,1.3333333333333333,5.333333333333333,9.0,0.6429999999999999,0.3333333333333333,0.6666666666666666,0.5,2.0,2.6666666666666665,3.333333333333333,7.333333333333333,0.5311111111111112,0.1310357598916053,0.1755555555555554,0.0214303350244292,0.1355555555555555,0.0482278542538019,0.1177777777777777,0.0833555525933825,0.1977777777777777,0.0674399595799709,0.3311111111111111,0.1193190556325222,0.0244444444444444,0.021430335024429,0.0511111111111111,0.0252395926480013,0.3929777777777778,0.0920677367384914,19.6,10.285912696499032,9.4,3.6,2.4,2.0,3.6,0.4,0.8,1.0,3.4,5.8,0.60725,0.6,0.8,0.6666666666666666,1.2,2.4,2.8,4.4,0.3955897435897436,0.2480174115327507,0.2161025641025641,0.1043369850203154,0.0967179487179487,0.0687806831894914,0.086051282051282,0.0781091466492212,0.1494358974358974,0.098053105872964,0.2294358974358974,0.1716408034748394,0.0454358974358974,0.0633593842404948,0.046051282051282,0.0332590889141264,0.2954789743589743,0.182200237566701,15.7,8.499019551297275,5.8,2.4,1.5,1.0,2.4,0.4,0.6,0.7,2.2,4.1,0.4921111111111111,0.4,0.6,0.625,0.9,1.5,2.3,0.5,0.2874918414918415,0.2322196514525529,0.1514559166323872,0.1062011957287459,0.072423145481969,0.0743579005577404,0.043025641025641,0.0690540955561906,0.1256983408748114,0.085294551894029,0.2172134923899629,0.1207416441084686,0.036051282051282,0.0588411973655763,0.0389079939668175,0.0385142953859161,0.2719840504593446,0.1385163391634088,22.5,10.6,3.89,2.99,1.95,0.495,0.4049999999999999,1.35,17.48,14.490000000000002,13.590000000000002,6.880000000000001,0.8999999999999999,10.6,3.89,2.99,1.95,17.480000000000004,0.495,0.4049999999999999,1.35,NYK,True,2.65,1.0,1.0,1.0,4.370000000000001,1.0,1.0,1.0
