player,team,plays,ladders,sim_ladders,model,_plays_list,top_play,top_play_explain,top_play_baseline,top_play_reasons,top_play_consensus,top_play_line_adv
Julie Allemand,TOR,"[{'market': 'ast', 'side': 'UNDER', 'line': 5.5, 'price': 109.0, 'edge': 0.07259896836235352, 'ev': 0.15173184387731886, 'ev_pct': 15.173184387731887, 'book': 'betonlineag'}, {'market': 'ast', 'side': 'UNDER', 'line': 5.5, 'price': 108.0, 'edge': 0.07225391867519865, 'ev': 0.15028815084441327, 'ev_pct': 15.028815084441327, 'book': 'williamhill_us'}, {'market': 'ast', 'side': 'UNDER', 'line': 5.5, 'price': 106.0, 'edge': 0.07155376931000068, 'ev': 0.14740076477860142, 'ev_pct': 14.740076477860143, 'book': 'fanduel'}, {'market': 'ast', 'side': 'UNDER', 'line': 5.5, 'price': 106.0, 'edge': 0.07155376931000068, 'ev': 0.14740076477860142, 'ev_pct': 14.740076477860143, 'book': 'draftkings'}, {'market': 'pa', 'side': 'UNDER', 'line': 12.5, 'price': -102.0, 'edge': 0.08904483428898813, 'ev': 0.1763436914350549, 'ev_pct': 17.63436914350549, 'book': 'fanduel'}, {'market': 'pa', 'side': 'UNDER', 'line': 12.5, 'price': -104.0, 'edge': 0.08797708045478114, 'ev': 0.17257042704591685, 'ev_pct': 17.257042704591687, 'book': 'draftkings'}, {'market': 'pr', 'side': 'UNDER', 'line': 9.5, 'price': 100.0, 'edge': 0.0747802513212169, 'ev': 0.1495605026424338, 'ev_pct': 14.95605026424338, 'book': 'fanduel'}, {'market': 'pr', 'side': 'UNDER', 'line': 9.5, 'price': -106.0, 'edge': 0.07157636782607124, 'ev': 0.13910124313368566, 'ev_pct': 13.910124313368566, 'book': 'draftkings'}, {'market': 'ra', 'side': 'UNDER', 'line': 8.5, 'price': 108.0, 'edge': 0.10547124201207309, 'ev': 0.21938018338511212, 'ev_pct': 21.938018338511213, 'book': 'fanduel'}, {'market': 'ra', 'side': 'UNDER', 'line': 9.5, 'price': -138.0, 'edge': 0.0875367080461571, 'ev': 0.1509691051810536, 'ev_pct': 15.09691051810536, 'book': 'draftkings'}]",[],[],"{'pts': 0.865, 'reb': 0.605, 'ast': 1.05, 'threes': 0.145, 'stl': 0.176, 'blk': 0.144, 'tov': 0.48, 'pra': 2.52, 'pr': 1.47, 'pa': 1.915, 'ra': 1.655}","[{'market': 'pa', 'side': 'UNDER', 'line': 12.5, 'price': -102.0, 'edge': 0.08904483428898813, 'ev': 0.1763436914350549, 'ev_pct': 17.63436914350549, 'book': 'fanduel'}, {'market': 'ast', 'side': 'UNDER', 'line': 5.5, 'price': 109.0, 'edge': 0.07259896836235352, 'ev': 0.15173184387731886, 'ev_pct': 15.173184387731887, 'book': 'betonlineag'}, {'market': 'ra', 'side': 'UNDER', 'line': 9.5, 'price': -138.0, 'edge': 0.0875367080461571, 'ev': 0.1509691051810536, 'ev_pct': 15.09691051810536, 'book': 'draftkings'}, {'market': 'pr', 'side': 'UNDER', 'line': 9.5, 'price': 100.0, 'edge': 0.0747802513212169, 'ev': 0.1495605026424338, 'ev_pct': 14.95605026424338, 'book': 'fanduel'}]","{'market': 'pa', 'side': 'UNDER', 'line': 12.5, 'price': -102.0, 'edge': 0.08904483428898813, 'ev': 0.1763436914350549, 'ev_pct': 17.63436914350549, 'book': 'fanduel'}",model 1.9 vs line 12.5 (-10.6),1.915,"['EV 17.6%', 'Regular price range (-150 to +150)', 'Best line available']",0.25,1.0
Aliyah Boston,IND,"[{'market': 'ast', 'side': 'UNDER', 'line': 3.5, 'price': -104.0, 'edge': 0.060727893585377224, 'ev': 0.11912009895593223, 'ev_pct': 11.912009895593222, 'book': 'draftkings'}, {'market': 'ast', 'side': 'UNDER', 'line': 3.5, 'price': -109.0, 'edge': 0.05896881674890109, 'ev': 0.11306864862862676, 'ev_pct': 11.306864862862675, 'book': 'betonlineag'}, {'market': 'ast', 'side': 'UNDER', 'line': 3.5, 'price': -112.0, 'edge': 0.057953198801803385, 'ev': 0.10969712630341355, 'ev_pct': 10.969712630341355, 'book': 'williamhill_us'}, {'market': 'ast', 'side': 'UNDER', 'line': 3.5, 'price': -114.0, 'edge': 0.05729193976459657, 'ev': 0.10754802727740043, 'ev_pct': 10.754802727740042, 'book': 'fanduel'}, {'market': 'pa', 'side': 'UNDER', 'line': 21.5, 'price': -118.0, 'edge': 0.09051059104987835, 'ev': 0.16721448177011422, 'ev_pct': 16.72144817701142, 'book': 'fanduel'}, {'market': 'pa', 'side': 'UNDER', 'line': 21.5, 'price': -124.0, 'edge': 0.08780744557150344, 'ev': 0.15861990167755458, 'ev_pct': 15.861990167755458, 'book': 'draftkings'}, {'market': 'pr', 'side': 'UNDER', 'line': 26.5, 'price': -124.0, 'edge': 0.07307337345466958, 'ev': 0.13200351333746763, 'ev_pct': 13.200351333746763, 'book': 'draftkings'}, {'market': 'pts', 'side': 'UNDER', 'line': 17.5, 'price': -105.0, 'edge': 0.16005850904155372, 'ev': 0.31249518431922396, 'ev_pct': 31.249518431922397, 'book': 'betonlineag'}, {'market': 'pts', 'side': 'UNDER', 'line': 17.5, 'price': -108.0, 'edge': 0.15302286176200397, 'ev': 0.2947106967268226, 'ev_pct': 29.47106967268226, 'book': 'fanduel'}, {'market': 'ra', 'side': 'UNDER', 'line': 12.5, 'price': -114.0, 'edge': 0.06375175595459648, 'ev': 0.11967434889722484, 'ev_pct': 11.967434889722483, 'book': 'fanduel'}, {'market': 'ra', 'side': 'UNDER', 'line': 12.5, 'price': -115.0, 'edge': 0.06327359903218832, 'ev': 0.11829411992974326, 'ev_pct': 11.829411992974325, 'book': 'draftkings'}, {'market': 'reb', 'side': 'UNDER', 'line': 8.5, 'price': -102.0, 'edge': 0.006493201458284137, 'ev': 0.012859085240915613, 'ev_pct': 1.2859085240915613, 'book': 'fanduel'}, {'market': 'reb', 'side': 'UNDER', 'line': 8.5, 'price': -103.0, 'edge': 0.006127401331473381, 'ev': 0.01207633466300101, 'ev_pct': 1.207633466300101, 'book': 'betonlineag'}, {'market': 'reb', 'side': 'UNDER', 'line': 8.5, 'price': -106.0, 'edge': 0.0050513096962924164, 'ev': 0.009816696202228636, 'ev_pct': 0.9816696202228636, 'book': 'draftkings'}, {'market': 'reb', 'side': 'UNDER', 'line': 8.5, 'price': -108.0, 'edge': 0.004351160331094506, 'ev': 0.00838001248951542, 'ev_pct': 0.838001248951542, 'book': 'williamhill_us'}]",[],[],"{'pts': 13.489999999999998, 'reb': 8.25, 'ast': 2.13, 'threes': 0.855, 'stl': 0.4219599999999999, 'blk': 0.34524, 'tov': 1.1508, 'pra': 23.87, 'pr': 21.74, 'pa': 15.619999999999997, 'ra': 10.379999999999999}","[{'market': 'pts', 'side': 'UNDER', 'line': 17.5, 'price': -105.0, 'edge': 0.16005850904155372, 'ev': 0.31249518431922396, 'ev_pct': 31.249518431922397, 'book': 'betonlineag'}, {'market': 'pa', 'side': 'UNDER', 'line': 21.5, 'price': -118.0, 'edge': 0.09051059104987835, 'ev': 0.16721448177011422, 'ev_pct': 16.72144817701142, 'book': 'fanduel'}, {'market': 'pr', 'side': 'UNDER', 'line': 26.5, 'price': -124.0, 'edge': 0.07307337345466958, 'ev': 0.13200351333746763, 'ev_pct': 13.200351333746763, 'book': 'draftkings'}, {'market': 'ra', 'side': 'UNDER', 'line': 12.5, 'price': -114.0, 'edge': 0.06375175595459648, 'ev': 0.11967434889722484, 'ev_pct': 11.967434889722483, 'book': 'fanduel'}, {'market': 'ast', 'side': 'UNDER', 'line': 3.5, 'price': -104.0, 'edge': 0.060727893585377224, 'ev': 0.11912009895593223, 'ev_pct': 11.912009895593222, 'book': 'draftkings'}, {'market': 'reb', 'side': 'UNDER', 'line': 8.5, 'price': -102.0, 'edge': 0.006493201458284137, 'ev': 0.012859085240915613, 'ev_pct': 1.2859085240915613, 'book': 'fanduel'}]","{'market': 'pts', 'side': 'UNDER', 'line': 17.5, 'price': -105.0, 'edge': 0.16005850904155372, 'ev': 0.31249518431922396, 'ev_pct': 31.249518431922397, 'book': 'betonlineag'}",model 13.5 vs line 17.5 (-4.0),13.489999999999998,"['EV 31.2%', 'Regular price range (-150 to +150)', 'Best line available']",0.25,1.0
Paige Bueckers,DAL,"[{'market': 'ast', 'side': 'UNDER', 'line': 6.5, 'price': -132.0, 'edge': 0.05718397319925417, 'ev': 0.10050516501687101, 'ev_pct': 10.0505165016871, 'book': 'betonlineag'}, {'market': 'ast', 'side': 'UNDER', 'line': 6.5, 'price': -136.0, 'edge': 0.056088122819359376, 'ev': 0.09732938959830018, 'ev_pct': 9.732938959830017, 'book': 'fanduel'}, {'market': 'ast', 'side': 'UNDER', 'line': 6.5, 'price': -138.0, 'edge': 0.05555401086949474, 'ev': 0.0958105404850707, 'ev_pct': 9.58105404850707, 'book': 'williamhill_us'}, {'market': 'ast', 'side': 'UNDER', 'line': 6.5, 'price': -140.0, 'edge': 0.05502880078546113, 'ev': 0.09433508706079058, 'ev_pct': 9.433508706079058, 'book': 'draftkings'}, {'market': 'pa', 'side': 'UNDER', 'line': 28.5, 'price': -117.0, 'edge': 0.0553140669215294, 'ev': 0.10259104719634082, 'ev_pct': 10.259104719634083, 'book': 'draftkings'}, {'market': 'pa', 'side': 'UNDER', 'line': 27.5, 'price': -102.0, 'edge': 0.04942434860452816, 'ev': 0.09787959233445775, 'ev_pct': 9.787959233445775, 'book': 'fanduel'}, {'market': 'pr', 'side': 'UNDER', 'line': 26.5, 'price': -121.0, 'edge': 0.04011975580644722, 'ev': 0.07327657878698224, 'ev_pct': 7.327657878698224, 'book': 'draftkings'}, {'market': 'pr', 'side': 'UNDER', 'line': 25.5, 'price': -112.0, 'edge': 0.029121987002303285, 'ev': 0.055123761111502634, 'ev_pct': 5.512376111150264, 'book': 'fanduel'}, {'market': 'ra', 'side': 'UNDER', 'line': 10.5, 'price': -108.0, 'edge': 0.09085241195583482, 'ev': 0.17497501561864492, 'ev_pct': 17.497501561864492, 'book': 'fanduel'}, {'market': 'ra', 'side': 'UNDER', 'line': 10.5, 'price': -125.0, 'edge': 0.08286095896438184, 'ev': 0.1491497261358874, 'ev_pct': 14.91497261358874, 'book': 'draftkings'}, {'market': 'threes', 'side': 'OVER', 'line': 1.5, 'price': -140.0, 'edge': 0.0692196599638889, 'ev': 0.1186622742238096, 'ev_pct': 11.866227422380959, 'book': 'draftkings'}, {'market': 'threes', 'side': 'OVER', 'line': 1.5, 'price': -141.0, 'edge': 0.06749075263332183, 'ev': 0.11535653464277001, 'ev_pct': 11.535653464277, 'book': 'williamhill_us'}, {'market': 'threes', 'side': 'OVER', 'line': 1.5, 'price': -141.0, 'edge': 0.06749075263332183, 'ev': 0.11535653464277001, 'ev_pct': 11.535653464277, 'book': 'betonlineag'}, {'market': 'threes', 'side': 'OVER', 'line': 1.5, 'price': -146.0, 'edge': 0.05905705833787267, 'ev': 0.09950709829531967, 'ev_pct': 9.950709829531966, 'book': 'fanduel'}, {'market': 'threes', 'side': 'OVER', 'line': 1.5, 'price': -150.0, 'edge': 0.052552993297222295, 'ev': 0.0875883221620371, 'ev_pct': 8.75883221620371, 'book': 'betrivers'}]",[],[],"{'pts': 19.788888888888888, 'reb': 3.62, 'ast': 4.604444444444444, 'threes': 1.8922222222222225, 'stl': 0.7233599999999999, 'blk': 0.5918399999999999, 'tov': 1.9728, 'pra': 28.01333333333333, 'pr': 23.40888888888889, 'pa': 24.39333333333333, 'ra': 8.224444444444444}","[{'market': 'ra', 'side': 'UNDER', 'line': 10.5, 'price': -108.0, 'edge': 0.09085241195583482, 'ev': 0.17497501561864492, 'ev_pct': 17.497501561864492, 'book': 'fanduel'}, {'market': 'threes', 'side': 'OVER', 'line': 1.5, 'price': -140.0, 'edge': 0.0692196599638889, 'ev': 0.1186622742238096, 'ev_pct': 11.866227422380959, 'book': 'draftkings'}, {'market': 'pa', 'side': 'UNDER', 'line': 28.5, 'price': -117.0, 'edge': 0.0553140669215294, 'ev': 0.10259104719634082, 'ev_pct': 10.259104719634083, 'book': 'draftkings'}, {'market': 'ast', 'side': 'UNDER', 'line': 6.5, 'price': -132.0, 'edge': 0.05718397319925417, 'ev': 0.10050516501687101, 'ev_pct': 10.0505165016871, 'book': 'betonlineag'}, {'market': 'pr', 'side': 'UNDER', 'line': 26.5, 'price': -121.0, 'edge': 0.04011975580644722, 'ev': 0.07327657878698224, 'ev_pct': 7.327657878698224, 'book': 'draftkings'}]","{'market': 'ra', 'side': 'UNDER', 'line': 10.5, 'price': -108.0, 'edge': 0.09085241195583482, 'ev': 0.17497501561864492, 'ev_pct': 17.497501561864492, 'book': 'fanduel'}",model 8.2 vs line 10.5 (-2.3),8.224444444444444,"['EV 17.5%', 'Regular price range (-150 to +150)', 'Best line available']",0.25,1.0
Arike Ogunbowale,DAL,"[{'market': 'ast', 'side': 'OVER', 'line': 2.5, 'price': -109.0, 'edge': 0.047972045718878475, 'ev': 0.09198309683711559, 'ev_pct': 9.198309683711559, 'book': 'betrivers'}, {'market': 'ast', 'side': 'OVER', 'line': 2.5, 'price': -109.0, 'edge': 0.047972045718878475, 'ev': 0.09198309683711559, 'ev_pct': 9.198309683711559, 'book': 'betonlineag'}, {'market': 'ast', 'side': 'OVER', 'line': 2.5, 'price': -111.0, 'edge': 0.047291758184013766, 'ev': 0.08989694573717932, 'ev_pct': 8.989694573717932, 'book': 'draftkings'}, {'market': 'ast', 'side': 'OVER', 'line': 2.5, 'price': -114.0, 'edge': 0.046295168734574066, 'ev': 0.08690496587016527, 'ev_pct': 8.690496587016527, 'book': 'fanduel'}, {'market': 'pa', 'side': 'OVER', 'line': 14.5, 'price': -128.0, 'edge': 0.06274828014385447, 'ev': 0.11177037400624074, 'ev_pct': 11.177037400624073, 'book': 'draftkings'}, {'market': 'pa', 'side': 'OVER', 'line': 15.5, 'price': -112.0, 'edge': 0.054817339754203775, 'ev': 0.1037613931061715, 'ev_pct': 10.37613931061715, 'book': 'fanduel'}, {'market': 'pr', 'side': 'OVER', 'line': 15.5, 'price': -110.0, 'edge': 0.033835197690857854, 'ev': 0.06459446831891047, 'ev_pct': 6.4594468318910465, 'book': 'draftkings'}, {'market': 'pr', 'side': 'OVER', 'line': 15.5, 'price': -118.0, 'edge': 0.029990724121613743, 'ev': 0.05540659202128634, 'ev_pct': 5.540659202128634, 'book': 'fanduel'}, {'market': 'ra', 'side': 'OVER', 'line': 5.5, 'price': -108.0, 'edge': 0.01597867288804755, 'ev': 0.030773740376980552, 'ev_pct': 3.077374037698055, 'book': 'fanduel'}, {'market': 'reb', 'side': 'UNDER', 'line': 2.5, 'price': 125.0, 'edge': 0.01854182313463909, 'ev': 0.04171910205293783, 'ev_pct': 4.171910205293782, 'book': 'draftkings'}, {'market': 'reb', 'side': 'UNDER', 'line': 2.5, 'price': 116.0, 'edge': 0.015764045356861323, 'ev': 0.034050337970820466, 'ev_pct': 3.4050337970820466, 'book': 'betonlineag'}, {'market': 'reb', 'side': 'UNDER', 'line': 2.5, 'price': 110.0, 'edge': 0.013779918372734345, 'ev': 0.028937828582742187, 'ev_pct': 2.8937828582742187, 'book': 'fanduel'}, {'market': 'threes', 'side': 'OVER', 'line': 1.5, 'price': -118.0, 'edge': 0.38070359356618944, 'ev': 0.7033337576053329, 'ev_pct': 70.33337576053329, 'book': 'draftkings'}, {'market': 'threes', 'side': 'OVER', 'line': 1.5, 'price': -121.0, 'edge': 0.37447668501871956, 'ev': 0.683961548670554, 'ev_pct': 68.3961548670554, 'book': 'betrivers'}, {'market': 'threes', 'side': 'OVER', 'line': 1.5, 'price': -128.0, 'edge': 0.3605844884639844, 'ev': 0.6422911200764722, 'ev_pct': 64.22911200764722, 'book': 'betonlineag'}, {'market': 'threes', 'side': 'OVER', 'line': 1.5, 'price': -129.0, 'edge': 0.3586692199433378, 'ev': 0.6367073749381733, 'ev_pct': 63.67073749381733, 'book': 'williamhill_us'}, {'market': 'threes', 'side': 'OVER', 'line': 1.5, 'price': -130.0, 'edge': 0.3567706059315664, 'ev': 0.6312095335712328, 'ev_pct': 63.12095335712328, 'book': 'fanduel'}]",[],[],"{'pts': 14.955714285714285, 'reb': 2.3285714285714283, 'ast': 3.5, 'threes': 2.918571428571428, 'stl': 0.7178914285714285, 'blk': 0.5873657142857143, 'tov': 1.9578857142857145, 'pra': 20.784285714285712, 'pr': 17.284285714285712, 'pa': 18.455714285714286, 'ra': 5.828571428571428}","[{'market': 'threes', 'side': 'OVER', 'line': 1.5, 'price': -118.0, 'edge': 0.38070359356618944, 'ev': 0.7033337576053329, 'ev_pct': 70.33337576053329, 'book': 'draftkings'}, {'market': 'pa', 'side': 'OVER', 'line': 15.5, 'price': -112.0, 'edge': 0.054817339754203775, 'ev': 0.1037613931061715, 'ev_pct': 10.37613931061715, 'book': 'fanduel'}, {'market': 'ast', 'side': 'OVER', 'line': 2.5, 'price': -109.0, 'edge': 0.047972045718878475, 'ev': 0.09198309683711559, 'ev_pct': 9.198309683711559, 'book': 'betrivers'}, {'market': 'pr', 'side': 'OVER', 'line': 15.5, 'price': -110.0, 'edge': 0.033835197690857854, 'ev': 0.06459446831891047, 'ev_pct': 6.4594468318910465, 'book': 'draftkings'}, {'market': 'reb', 'side': 'UNDER', 'line': 2.5, 'price': 125.0, 'edge': 0.01854182313463909, 'ev': 0.04171910205293783, 'ev_pct': 4.171910205293782, 'book': 'draftkings'}, {'market': 'ra', 'side': 'OVER', 'line': 5.5, 'price': -108.0, 'edge': 0.01597867288804755, 'ev': 0.030773740376980552, 'ev_pct': 3.077374037698055, 'book': 'fanduel'}]","{'market': 'threes', 'side': 'OVER', 'line': 1.5, 'price': -118.0, 'edge': 0.38070359356618944, 'ev': 0.7033337576053329, 'ev_pct': 70.33337576053329, 'book': 'draftkings'}",model 2.9 vs line 1.5 (+1.4),2.918571428571428,"['EV 70.3%', 'Regular price range (-150 to +150)', 'Consensus: 5 books aligned', 'Best line available']",1.0,1.0
Jackie Young,LVA,"[{'market': 'ast', 'side': 'UNDER', 'line': 6.5, 'price': -129.0, 'edge': 0.05113886360748676, 'ev': 0.09078139353577108, 'ev_pct': 9.078139353577107, 'book': 'draftkings'}, {'market': 'ast', 'side': 'UNDER', 'line': 6.5, 'price': -139.0, 'edge': 0.04839818647752392, 'ev': 0.08321702566998718, 'ev_pct': 8.321702566998718, 'book': 'williamhill_us'}, {'market': 'ast', 'side': 'UNDER', 'line': 6.5, 'price': -147.0, 'edge': 0.046365425140644456, 'ev': 0.07790653067849773, 'ev_pct': 7.790653067849773, 'book': 'betonlineag'}, {'market': 'pa', 'side': 'UNDER', 'line': 26.5, 'price': -110.0, 'edge': 0.10256190476190474, 'ev': 0.19579999999999997, 'ev_pct': 19.58, 'book': 'draftkings'}, {'market': 'pa', 'side': 'UNDER', 'line': 26.5, 'price': -112.0, 'edge': 0.10157358490566037, 'ev': 0.19226428571428578, 'ev_pct': 19.226428571428578, 'book': 'fanduel'}, {'market': 'pr', 'side': 'UNDER', 'line': 25.5, 'price': -106.0, 'edge': 0.10459611650485434, 'ev': 0.20327169811320744, 'ev_pct': 20.327169811320744, 'book': 'fanduel'}, {'market': 'pr', 'side': 'UNDER', 'line': 25.5, 'price': -117.0, 'edge': 0.0991824884792627, 'ev': 0.18395384615384613, 'ev_pct': 18.395384615384614, 'book': 'draftkings'}, {'market': 'pts', 'side': 'UNDER', 'line': 20.5, 'price': -120.0, 'edge': 0.17954545454545456, 'ev': 0.3291666666666666, 'ev_pct': 32.91666666666666, 'book': 'fanduel'}, {'market': 'pts', 'side': 'UNDER', 'line': 20.5, 'price': -120.0, 'edge': 0.17954545454545456, 'ev': 0.3291666666666666, 'ev_pct': 32.91666666666666, 'book': 'williamhill_us'}, {'market': 'pts', 'side': 'UNDER', 'line': 20.5, 'price': -122.0, 'edge': 0.17545045045045038, 'ev': 0.31926229508196724, 'ev_pct': 31.926229508196723, 'book': 'betonlineag'}, {'market': 'pts', 'side': 'UNDER', 'line': 20.5, 'price': -127.0, 'edge': 0.16552863436123344, 'ev': 0.2958661417322834, 'ev_pct': 29.58661417322834, 'book': 'draftkings'}, {'market': 'ra', 'side': 'UNDER', 'line': 11.5, 'price': -108.0, 'edge': 0.08672912517436293, 'ev': 0.1670338707061806, 'ev_pct': 16.70338707061806, 'book': 'draftkings'}, {'market': 'ra', 'side': 'UNDER', 'line': 11.5, 'price': -110.0, 'edge': 0.08572179916703693, 'ev': 0.16365070750070687, 'ev_pct': 16.365070750070686, 'book': 'fanduel'}, {'market': 'reb', 'side': 'UNDER', 'line': 5.5, 'price': -130.0, 'edge': 0.042845090430237764, 'ev': 0.07580285229965139, 'ev_pct': 7.580285229965139, 'book': 'fanduel'}, {'market': 'reb', 'side': 'UNDER', 'line': 5.5, 'price': -134.0, 'edge': 0.04173026322845397, 'ev': 0.0728722507123748, 'ev_pct': 7.287225071237479, 'book': 'williamhill_us'}, {'market': 'reb', 'side': 'UNDER', 'line': 5.5, 'price': -137.0, 'edge': 0.040918838366396204, 'ev': 0.0707866035973424, 'ev_pct': 7.07866035973424, 'book': 'betonlineag'}, {'market': 'reb', 'side': 'UNDER', 'line': 5.5, 'price': -140.0, 'edge': 0.04012769912588987, 'ev': 0.0687903413586684, 'ev_pct': 6.87903413586684, 'book': 'draftkings'}]",[],[],"{'pts': 6.605, 'reb': 4.365, 'ast': 4.9, 'threes': 0.265, 'stl': 0.5860799999999999, 'blk': 0.4795199999999999, 'tov': 1.5983999999999998, 'pra': 15.87, 'pr': 10.97, 'pa': 11.505, 'ra': 9.265}","[{'market': 'pts', 'side': 'UNDER', 'line': 20.5, 'price': -120.0, 'edge': 0.17954545454545456, 'ev': 0.3291666666666666, 'ev_pct': 32.91666666666666, 'book': 'fanduel'}, {'market': 'pr', 'side': 'UNDER', 'line': 25.5, 'price': -106.0, 'edge': 0.10459611650485434, 'ev': 0.20327169811320744, 'ev_pct': 20.327169811320744, 'book': 'fanduel'}, {'market': 'pa', 'side': 'UNDER', 'line': 26.5, 'price': -110.0, 'edge': 0.10256190476190474, 'ev': 0.19579999999999997, 'ev_pct': 19.58, 'book': 'draftkings'}, {'market': 'ra', 'side': 'UNDER', 'line': 11.5, 'price': -108.0, 'edge': 0.08672912517436293, 'ev': 0.1670338707061806, 'ev_pct': 16.70338707061806, 'book': 'draftkings'}, {'market': 'ast', 'side': 'UNDER', 'line': 6.5, 'price': -129.0, 'edge': 0.05113886360748676, 'ev': 0.09078139353577108, 'ev_pct': 9.078139353577107, 'book': 'draftkings'}, {'market': 'reb', 'side': 'UNDER', 'line': 5.5, 'price': -130.0, 'edge': 0.042845090430237764, 'ev': 0.07580285229965139, 'ev_pct': 7.580285229965139, 'book': 'fanduel'}]","{'market': 'pts', 'side': 'UNDER', 'line': 20.5, 'price': -120.0, 'edge': 0.17954545454545456, 'ev': 0.3291666666666666, 'ev_pct': 32.91666666666666, 'book': 'fanduel'}",model 6.6 vs line 20.5 (-13.9),6.605,"['EV 32.9%', 'Regular price range (-150 to +150)', 'Consensus: 4 books aligned', 'Best line available']",0.75,1.0
Maria Conde,TOR,"[{'market': 'ast', 'side': 'UNDER', 'line': 2.5, 'price': -147.0, 'edge': 0.0458193227504623, 'ev': 0.07698893006370189, 'ev_pct': 7.698893006370189, 'book': 'betonlineag'}, {'market': 'pr', 'side': 'UNDER', 'line': 15.5, 'price': -114.0, 'edge': 0.10060373831775704, 'ev': 0.18885263157894727, 'ev_pct': 18.885263157894727, 'book': 'fanduel'}, {'market': 'pr', 'side': 'UNDER', 'line': 15.5, 'price': -119.0, 'edge': 0.09825662100456622, 'ev': 0.18082521008403374, 'ev_pct': 18.082521008403376, 'book': 'draftkings'}, {'market': 'pts', 'side': 'UNDER', 'line': 10.5, 'price': -114.0, 'edge': 0.19227720144130223, 'ev': 0.3609414132319181, 'ev_pct': 36.094141323191806, 'book': 'fanduel'}, {'market': 'pts', 'side': 'UNDER', 'line': 10.5, 'price': -116.0, 'edge': 0.18795044477809686, 'ev': 0.3499766902764563, 'ev_pct': 34.99766902764563, 'book': 'betonlineag'}, {'market': 'pts', 'side': 'UNDER', 'line': 10.5, 'price': -117.0, 'edge': 0.18581697490269156, 'ev': 0.3446349021699493, 'ev_pct': 34.46349021699493, 'book': 'williamhill_us'}, {'market': 'pts', 'side': 'UNDER', 'line': 10.5, 'price': -121.0, 'edge': 0.17747616959793933, 'ev': 0.32415068992681495, 'ev_pct': 32.4150689926815, 'book': 'draftkings'}, {'market': 'reb', 'side': 'UNDER', 'line': 4.5, 'price': 107.0, 'edge': 0.058620543787960055, 'ev': 0.12134452564107734, 'ev_pct': 12.134452564107734, 'book': 'betonlineag'}, {'market': 'reb', 'side': 'UNDER', 'line': 4.5, 'price': 105.0, 'edge': 0.05791358019658499, 'ev': 0.11872283940299921, 'ev_pct': 11.872283940299921, 'book': 'draftkings'}, {'market': 'reb', 'side': 'UNDER', 'line': 4.5, 'price': 104.0, 'edge': 0.05755490013919612, 'ev': 0.11741199628396004, 'ev_pct': 11.741199628396004, 'book': 'fanduel'}, {'market': 'reb', 'side': 'UNDER', 'line': 4.5, 'price': 100.0, 'edge': 0.05608431190390206, 'ev': 0.11216862380780412, 'ev_pct': 11.216862380780412, 'book': 'williamhill_us'}, {'market': 'threes', 'side': 'UNDER', 'line': 1.5, 'price': 103.0, 'edge': 0.22474353787592155, 'ev': 0.4562293818881208, 'ev_pct': 45.62293818881208, 'book': 'williamhill_us'}, {'market': 'threes', 'side': 'UNDER', 'line': 1.5, 'price': 102.0, 'edge': 0.22230487036385016, 'ev': 0.4490558381349773, 'ev_pct': 44.90558381349773, 'book': 'fanduel'}, {'market': 'threes', 'side': 'UNDER', 'line': 1.5, 'price': -103.0, 'edge': 0.2099652127527688, 'ev': 0.4138149338719619, 'ev_pct': 41.38149338719619, 'book': 'betonlineag'}, {'market': 'threes', 'side': 'UNDER', 'line': 1.5, 'price': -117.0, 'edge': 0.1781838684019028, 'ev': 0.3304777730189137, 'ev_pct': 33.047777301891365, 'book': 'draftkings'}]",[],[],"{'pts': 5.23, 'reb': 3.355, 'ast': 1.215, 'threes': 0.925, 'stl': 0.51601, 'blk': 0.4221899999999999, 'tov': 1.4072999999999998, 'pra': 9.8, 'pr': 8.585, 'pa': 6.445, 'ra': 4.57}","[{'market': 'threes', 'side': 'UNDER', 'line': 1.5, 'price': 103.0, 'edge': 0.22474353787592155, 'ev': 0.4562293818881208, 'ev_pct': 45.62293818881208, 'book': 'williamhill_us'}, {'market': 'pts', 'side': 'UNDER', 'line': 10.5, 'price': -114.0, 'edge': 0.19227720144130223, 'ev': 0.3609414132319181, 'ev_pct': 36.094141323191806, 'book': 'fanduel'}, {'market': 'pr', 'side': 'UNDER', 'line': 15.5, 'price': -114.0, 'edge': 0.10060373831775704, 'ev': 0.18885263157894727, 'ev_pct': 18.885263157894727, 'book': 'fanduel'}, {'market': 'reb', 'side': 'UNDER', 'line': 4.5, 'price': 107.0, 'edge': 0.058620543787960055, 'ev': 0.12134452564107734, 'ev_pct': 12.134452564107734, 'book': 'betonlineag'}, {'market': 'ast', 'side': 'UNDER', 'line': 2.5, 'price': -147.0, 'edge': 0.0458193227504623, 'ev': 0.07698893006370189, 'ev_pct': 7.698893006370189, 'book': 'betonlineag'}]","{'market': 'threes', 'side': 'UNDER', 'line': 1.5, 'price': 103.0, 'edge': 0.22474353787592155, 'ev': 0.4562293818881208, 'ev_pct': 45.62293818881208, 'book': 'williamhill_us'}",model 0.9 vs line 1.5 (-0.6),0.925,"['EV 45.6%', 'Regular price range (-150 to +150)', 'Consensus: 4 books aligned', 'Best line available']",0.75,1.0
Raven Johnson,IND,"[{'market': 'pa', 'side': 'UNDER', 'line': 11.5, 'price': -128.0, 'edge': 0.09429122807017543, 'ev': 0.16795624999999992, 'ev_pct': 16.79562499999999, 'book': 'fanduel'}, {'market': 'ra', 'side': 'UNDER', 'line': 6.5, 'price': -108.0, 'edge': 0.0971280318616694, 'ev': 0.1870613946965486, 'ev_pct': 18.706139469654858, 'book': 'fanduel'}, {'market': 'reb', 'side': 'UNDER', 'line': 3.5, 'price': -128.0, 'edge': 0.04533043738541531, 'ev': 0.08074484159277096, 'ev_pct': 8.074484159277095, 'book': 'betonlineag'}]",[],[],"{'pts': 4.614444444444445, 'reb': 2.4033333333333333, 'ast': 1.6088888888888888, 'threes': 0.5566666666666666, 'stl': 0.3288755555555555, 'blk': 0.26908, 'tov': 0.8969333333333332, 'pra': 8.626666666666667, 'pr': 7.017777777777778, 'pa': 6.223333333333334, 'ra': 4.012222222222222}","[{'market': 'ra', 'side': 'UNDER', 'line': 6.5, 'price': -108.0, 'edge': 0.0971280318616694, 'ev': 0.1870613946965486, 'ev_pct': 18.706139469654858, 'book': 'fanduel'}, {'market': 'pa', 'side': 'UNDER', 'line': 11.5, 'price': -128.0, 'edge': 0.09429122807017543, 'ev': 0.16795624999999992, 'ev_pct': 16.79562499999999, 'book': 'fanduel'}, {'market': 'reb', 'side': 'UNDER', 'line': 3.5, 'price': -128.0, 'edge': 0.04533043738541531, 'ev': 0.08074484159277096, 'ev_pct': 8.074484159277095, 'book': 'betonlineag'}]","{'market': 'ra', 'side': 'UNDER', 'line': 6.5, 'price': -108.0, 'edge': 0.0971280318616694, 'ev': 0.1870613946965486, 'ev_pct': 18.706139469654858, 'book': 'fanduel'}",model 4.0 vs line 6.5 (-2.5),4.012222222222222,"['EV 18.7%', 'Regular price range (-150 to +150)', 'Best line available']",0.0,1.0
Kelsey Mitchell,IND,"[{'market': 'pa', 'side': 'UNDER', 'line': 26.5, 'price': -107.0, 'edge': 0.06354761259072894, 'ev': 0.12293790473159705, 'ev_pct': 12.293790473159705, 'book': 'draftkings'}, {'market': 'pa', 'side': 'UNDER', 'line': 26.5, 'price': -108.0, 'edge': 0.06303665012324466, 'ev': 0.12140391875587875, 'ev_pct': 12.140391875587875, 'book': 'fanduel'}, {'market': 'pr', 'side': 'UNDER', 'line': 25.5, 'price': -106.0, 'edge': 0.07339549725368066, 'ev': 0.14263653239866236, 'ev_pct': 14.263653239866237, 'book': 'fanduel'}, {'market': 'pr', 'side': 'UNDER', 'line': 25.5, 'price': -113.0, 'edge': 0.0698857657253521, 'ev': 0.1317315761017699, 'ev_pct': 13.17315761017699, 'book': 'draftkings'}, {'market': 'ra', 'side': 'UNDER', 'line': 5.5, 'price': -130.0, 'edge': 0.08914734078787034, 'ev': 0.15772221831700128, 'ev_pct': 15.77222183170013, 'book': 'fanduel'}, {'market': 'threes', 'side': 'UNDER', 'line': 2.5, 'price': -130.0, 'edge': 0.3038986167224934, 'ev': 0.5376667834321037, 'ev_pct': 53.76667834321037, 'book': 'fanduel'}, {'market': 'threes', 'side': 'UNDER', 'line': 2.5, 'price': -137.0, 'edge': 0.29105693629688334, 'ev': 0.5035072547617617, 'ev_pct': 50.35072547617617, 'book': 'williamhill_us'}, {'market': 'threes', 'side': 'UNDER', 'line': 2.5, 'price': -139.0, 'edge': 0.28752604986784536, 'ev': 0.4943793231540651, 'ev_pct': 49.437932315406506, 'book': 'betonlineag'}, {'market': 'threes', 'side': 'UNDER', 'line': 2.5, 'price': -144.0, 'edge': 0.2789520736006117, 'ev': 0.47266879137881423, 'ev_pct': 47.266879137881425, 'book': 'draftkings'}]",[],[],"{'pts': 19.80777777777778, 'reb': 0.4955555555555555, 'ast': 2.335555555555556, 'threes': 1.3777777777777778, 'stl': 0.6437199999999998, 'blk': 0.5266799999999998, 'tov': 1.7555999999999996, 'pra': 22.63888888888889, 'pr': 20.303333333333335, 'pa': 22.143333333333334, 'ra': 2.8311111111111114}","[{'market': 'threes', 'side': 'UNDER', 'line': 2.5, 'price': -130.0, 'edge': 0.3038986167224934, 'ev': 0.5376667834321037, 'ev_pct': 53.76667834321037, 'book': 'fanduel'}, {'market': 'ra', 'side': 'UNDER', 'line': 5.5, 'price': -130.0, 'edge': 0.08914734078787034, 'ev': 0.15772221831700128, 'ev_pct': 15.77222183170013, 'book': 'fanduel'}, {'market': 'pr', 'side': 'UNDER', 'line': 25.5, 'price': -106.0, 'edge': 0.07339549725368066, 'ev': 0.14263653239866236, 'ev_pct': 14.263653239866237, 'book': 'fanduel'}, {'market': 'pa', 'side': 'UNDER', 'line': 26.5, 'price': -107.0, 'edge': 0.06354761259072894, 'ev': 0.12293790473159705, 'ev_pct': 12.293790473159705, 'book': 'draftkings'}]","{'market': 'threes', 'side': 'UNDER', 'line': 2.5, 'price': -130.0, 'edge': 0.3038986167224934, 'ev': 0.5376667834321037, 'ev_pct': 53.76667834321037, 'book': 'fanduel'}",model 1.4 vs line 2.5 (-1.1),1.3777777777777778,"['EV 53.8%', 'Regular price range (-150 to +150)', 'Consensus: 4 books aligned', 'Best line available']",0.75,1.0
Jessica Shepard,DAL,"[{'market': 'ast', 'side': 'OVER', 'line': 4.5, 'price': -142.0, 'edge': 0.03992633497827358, 'ev': 0.06804347228691698, 'ev_pct': 6.804347228691698, 'book': 'draftkings'}, {'market': 'ast', 'side': 'OVER', 'line': 5.5, 'price': 121.0, 'edge': 0.03007725325578625, 'ev': 0.06647072969528756, 'ev_pct': 6.647072969528756, 'book': 'williamhill_us'}, {'market': 'ast', 'side': 'OVER', 'line': 5.5, 'price': 118.0, 'edge': 0.02914321697366573, 'ev': 0.06353221300259126, 'ev_pct': 6.3532213002591265, 'book': 'betonlineag'}, {'market': 'ast', 'side': 'OVER', 'line': 5.5, 'price': 116.0, 'edge': 0.02850611197876257, 'ev': 0.06157320187412707, 'ev_pct': 6.157320187412707, 'book': 'fanduel'}, {'market': 'pa', 'side': 'UNDER', 'line': 19.5, 'price': -122.0, 'edge': 0.037828313585905216, 'ev': 0.06883512800058172, 'ev_pct': 6.883512800058172, 'book': 'fanduel'}, {'market': 'pa', 'side': 'UNDER', 'line': 19.5, 'price': -124.0, 'edge': 0.03694350020109183, 'ev': 0.066736645524553, 'ev_pct': 6.6736645524553, 'book': 'draftkings'}, {'market': 'pr', 'side': 'UNDER', 'line': 26.5, 'price': -128.0, 'edge': 0.06896646403780082, 'ev': 0.12284651406733266, 'ev_pct': 12.284651406733266, 'book': 'draftkings'}, {'market': 'reb', 'side': 'UNDER', 'line': 11.5, 'price': -110.0, 'edge': 0.017989418718550754, 'ev': 0.034343435735415095, 'ev_pct': 3.4343435735415095, 'book': 'fanduel'}, {'market': 'reb', 'side': 'UNDER', 'line': 11.5, 'price': -112.0, 'edge': 0.01731556427111136, 'ev': 0.032775889513175116, 'ev_pct': 3.2775889513175116, 'book': 'betonlineag'}, {'market': 'reb', 'side': 'UNDER', 'line': 11.5, 'price': -114.0, 'edge': 0.016654305233904543, 'ev': 0.031263344912768054, 'ev_pct': 3.1263344912768054, 'book': 'draftkings'}, {'market': 'reb', 'side': 'UNDER', 'line': 11.5, 'price': -114.0, 'edge': 0.016654305233904543, 'ev': 0.031263344912768054, 'ev_pct': 3.1263344912768054, 'book': 'williamhill_us'}]",[],[],"{'pts': 11.489999999999998, 'reb': 10.53, 'ast': 6.1, 'threes': 0.0, 'stl': 0.6816699999999999, 'blk': 0.5577299999999998, 'tov': 1.8591, 'pra': 28.12, 'pr': 22.019999999999996, 'pa': 17.589999999999996, 'ra': 16.63}","[{'market': 'pr', 'side': 'UNDER', 'line': 26.5, 'price': -128.0, 'edge': 0.06896646403780082, 'ev': 0.12284651406733266, 'ev_pct': 12.284651406733266, 'book': 'draftkings'}, {'market': 'pa', 'side': 'UNDER', 'line': 19.5, 'price': -122.0, 'edge': 0.037828313585905216, 'ev': 0.06883512800058172, 'ev_pct': 6.883512800058172, 'book': 'fanduel'}, {'market': 'ast', 'side': 'OVER', 'line': 5.5, 'price': 121.0, 'edge': 0.03007725325578625, 'ev': 0.06647072969528756, 'ev_pct': 6.647072969528756, 'book': 'williamhill_us'}, {'market': 'reb', 'side': 'UNDER', 'line': 11.5, 'price': -110.0, 'edge': 0.017989418718550754, 'ev': 0.034343435735415095, 'ev_pct': 3.4343435735415095, 'book': 'fanduel'}]","{'market': 'pr', 'side': 'UNDER', 'line': 26.5, 'price': -128.0, 'edge': 0.06896646403780082, 'ev': 0.12284651406733266, 'ev_pct': 12.284651406733266, 'book': 'draftkings'}",model 22.0 vs line 26.5 (-4.5),22.019999999999996,"['EV 12.3%', 'Regular price range (-150 to +150)', 'Best line available']",0.0,1.0
Azzi Fudd,DAL,"[{'market': 'reb', 'side': 'UNDER', 'line': 2.5, 'price': -122.0, 'edge': 0.05317560317358949, 'ev': 0.09676216315194164, 'ev_pct': 9.676216315194164, 'book': 'betonlineag'}]",[],[],"{'pts': 14.36, 'reb': 1.195, 'ast': 1.565, 'threes': 2.705, 'stl': 0.5752999999999999, 'blk': 0.4706999999999999, 'tov': 1.569, 'pra': 17.12, 'pr': 15.555, 'pa': 15.924999999999999, 'ra': 2.76}","[{'market': 'reb', 'side': 'UNDER', 'line': 2.5, 'price': -122.0, 'edge': 0.05317560317358949, 'ev': 0.09676216315194164, 'ev_pct': 9.676216315194164, 'book': 'betonlineag'}]","{'market': 'reb', 'side': 'UNDER', 'line': 2.5, 'price': -122.0, 'edge': 0.05317560317358949, 'ev': 0.09676216315194164, 'ev_pct': 9.676216315194164, 'book': 'betonlineag'}",model 1.2 vs line 2.5 (-1.3),1.195,"['EV 9.7%', 'Regular price range (-150 to +150)', 'Best line available']",0.0,1.0
Marina Mabrey,TOR,"[{'market': 'pa', 'side': 'UNDER', 'line': 27.5, 'price': -121.0, 'edge': 0.08975912145892506, 'ev': 0.16394021357373922, 'ev_pct': 16.394021357373923, 'book': 'draftkings'}, {'market': 'pa', 'side': 'UNDER', 'line': 27.5, 'price': -122.0, 'edge': 0.08931070924580697, 'ev': 0.16251620862761607, 'ev_pct': 16.251620862761605, 'book': 'fanduel'}, {'market': 'pr', 'side': 'UNDER', 'line': 26.5, 'price': -106.0, 'edge': 0.09245151260716367, 'ev': 0.1796699207271294, 'ev_pct': 17.96699207271294, 'book': 'fanduel'}, {'market': 'pr', 'side': 'UNDER', 'line': 26.5, 'price': -109.0, 'edge': 0.09091855399704618, 'ev': 0.1743300714255288, 'ev_pct': 17.43300714255288, 'book': 'draftkings'}, {'market': 'pts', 'side': 'UNDER', 'line': 22.5, 'price': -101.0, 'edge': 0.1934891359516634, 'ev': 0.38506253788400346, 'ev_pct': 38.50625378840034, 'book': 'betonlineag'}, {'market': 'pts', 'side': 'UNDER', 'line': 22.5, 'price': -104.0, 'edge': 0.18617277657209075, 'ev': 0.3651850617375626, 'ev_pct': 36.51850617375626, 'book': 'fanduel'}, {'market': 'pts', 'side': 'UNDER', 'line': 22.5, 'price': -106.0, 'edge': 0.18141359134460167, 'ev': 0.3525584888395089, 'ev_pct': 35.25584888395089, 'book': 'draftkings'}, {'market': 'pts', 'side': 'UNDER', 'line': 22.5, 'price': -107.0, 'edge': 0.17906848558033173, 'ev': 0.34642221042176313, 'ev_pct': 34.64222104217632, 'book': 'williamhill_us'}, {'market': 'ra', 'side': 'OVER', 'line': 7.5, 'price': -135.0, 'edge': 0.007089393308151615, 'ev': 0.012340795758634338, 'ev_pct': 1.2340795758634338, 'book': 'draftkings'}, {'market': 'ra', 'side': 'OVER', 'line': 7.5, 'price': -136.0, 'edge': 0.006692711014606667, 'ev': 0.011613822054758693, 'ev_pct': 1.1613822054758693, 'book': 'fanduel'}, {'market': 'reb', 'side': 'OVER', 'line': 3.5, 'price': -127.0, 'edge': 0.011040054852844539, 'ev': 0.019733011429887537, 'ev_pct': 1.9733011429887537, 'book': 'betonlineag'}, {'market': 'reb', 'side': 'OVER', 'line': 3.5, 'price': -130.0, 'edge': 0.01017815100300734, 'ev': 0.018007497928397564, 'ev_pct': 1.8007497928397564, 'book': 'williamhill_us'}, {'market': 'reb', 'side': 'OVER', 'line': 3.5, 'price': -131.0, 'edge': 0.009895824633724404, 'ev': 0.01744988923962093, 'ev_pct': 1.744988923962093, 'book': 'draftkings'}, {'market': 'reb', 'side': 'OVER', 'line': 3.5, 'price': -132.0, 'edge': 0.009615932112452596, 'ev': 0.016900729167340978, 'ev_pct': 1.6900729167340978, 'book': 'fanduel'}, {'market': 'reb', 'side': 'OVER', 'line': 3.5, 'price': -132.0, 'edge': 0.009615932112452596, 'ev': 0.016900729167340978, 'ev_pct': 1.6900729167340978, 'book': 'betrivers'}, {'market': 'threes', 'side': 'UNDER', 'line': 3.5, 'price': -128.0, 'edge': 0.22236971403503714, 'ev': 0.3960960531249098, 'ev_pct': 39.609605312490984, 'book': 'fanduel'}, {'market': 'threes', 'side': 'UNDER', 'line': 3.5, 'price': -134.0, 'edge': 0.21112365015739432, 'ev': 0.3686786129614199, 'ev_pct': 36.86786129614199, 'book': 'williamhill_us'}, {'market': 'threes', 'side': 'UNDER', 'line': 3.5, 'price': -141.0, 'edge': 0.19871098214306648, 'ev': 0.3396407567126173, 'ev_pct': 33.96407567126173, 'book': 'betonlineag'}, {'market': 'threes', 'side': 'UNDER', 'line': 3.5, 'price': -142.0, 'edge': 0.19699636330283465, 'ev': 0.33572619661469005, 'ev_pct': 33.572619661469005, 'book': 'draftkings'}]",[],[],"{'pts': 16.31, 'reb': 3.84, 'ast': 4.045, 'threes': 2.715, 'stl': 0.5619899999999999, 'blk': 0.4598099999999999, 'tov': 1.5326999999999995, 'pra': 24.195, 'pr': 20.15, 'pa': 20.354999999999997, 'ra': 7.885}","[{'market': 'threes', 'side': 'UNDER', 'line': 3.5, 'price': -128.0, 'edge': 0.22236971403503714, 'ev': 0.3960960531249098, 'ev_pct': 39.609605312490984, 'book': 'fanduel'}, {'market': 'pts', 'side': 'UNDER', 'line': 22.5, 'price': -101.0, 'edge': 0.1934891359516634, 'ev': 0.38506253788400346, 'ev_pct': 38.50625378840034, 'book': 'betonlineag'}, {'market': 'pr', 'side': 'UNDER', 'line': 26.5, 'price': -106.0, 'edge': 0.09245151260716367, 'ev': 0.1796699207271294, 'ev_pct': 17.96699207271294, 'book': 'fanduel'}, {'market': 'pa', 'side': 'UNDER', 'line': 27.5, 'price': -121.0, 'edge': 0.08975912145892506, 'ev': 0.16394021357373922, 'ev_pct': 16.394021357373923, 'book': 'draftkings'}, {'market': 'reb', 'side': 'OVER', 'line': 3.5, 'price': -127.0, 'edge': 0.011040054852844539, 'ev': 0.019733011429887537, 'ev_pct': 1.9733011429887537, 'book': 'betonlineag'}, {'market': 'ra', 'side': 'OVER', 'line': 7.5, 'price': -135.0, 'edge': 0.007089393308151615, 'ev': 0.012340795758634338, 'ev_pct': 1.2340795758634338, 'book': 'draftkings'}]","{'market': 'threes', 'side': 'UNDER', 'line': 3.5, 'price': -128.0, 'edge': 0.22236971403503714, 'ev': 0.3960960531249098, 'ev_pct': 39.609605312490984, 'book': 'fanduel'}",model 2.7 vs line 3.5 (-0.8),2.715,"['EV 39.6%', 'Regular price range (-150 to +150)', 'Consensus: 4 books aligned', 'Best line available']",0.75,1.0
A'ja Wilson,LVA,"[{'market': 'ast', 'side': 'OVER', 'line': 2.5, 'price': -122.0, 'edge': 0.005960791509034502, 'ev': 0.010846686188571097, 'ev_pct': 1.0846686188571097, 'book': 'betonlineag'}, {'market': 'reb', 'side': 'UNDER', 'line': 9.5, 'price': -105.0, 'edge': 0.018252779819548426, 'ev': 0.03563637964768973, 'ev_pct': 3.563637964768973, 'book': 'betonlineag'}]",[],[],"{'pts': 26.371428571428574, 'reb': 8.751428571428573, 'ast': 2.725714285714285, 'threes': 1.5485714285714285, 'stl': 0.6837599999999999, 'blk': 0.5594399999999999, 'tov': 1.8648, 'pra': 37.84857142857143, 'pr': 35.12285714285714, 'pa': 29.09714285714286, 'ra': 11.477142857142859}","[{'market': 'reb', 'side': 'UNDER', 'line': 9.5, 'price': -105.0, 'edge': 0.018252779819548426, 'ev': 0.03563637964768973, 'ev_pct': 3.563637964768973, 'book': 'betonlineag'}, {'market': 'ast', 'side': 'OVER', 'line': 2.5, 'price': -122.0, 'edge': 0.005960791509034502, 'ev': 0.010846686188571097, 'ev_pct': 1.0846686188571097, 'book': 'betonlineag'}]","{'market': 'reb', 'side': 'UNDER', 'line': 9.5, 'price': -105.0, 'edge': 0.018252779819548426, 'ev': 0.03563637964768973, 'ev_pct': 3.563637964768973, 'book': 'betonlineag'}",model 8.8 vs line 9.5 (-0.7),8.751428571428573,"['EV 3.6%', 'Regular price range (-150 to +150)', 'Best line available']",0.0,1.0
Chelsea Gray,LVA,"[{'market': 'ast', 'side': 'UNDER', 'line': 7.5, 'price': -143.0, 'edge': 0.005182616821972519, 'ev': 0.008806824389785417, 'ev_pct': 0.8806824389785417, 'book': 'betonlineag'}, {'market': 'ast', 'side': 'UNDER', 'line': 7.5, 'price': -145.0, 'edge': 0.004678711556162507, 'ev': 0.007905409181102163, 'ev_pct': 0.7905409181102163, 'book': 'draftkings'}, {'market': 'pa', 'side': 'UNDER', 'line': 21.5, 'price': -112.0, 'edge': 0.017393693681121536, 'ev': 0.032923777324980086, 'ev_pct': 3.2923777324980086, 'book': 'fanduel'}, {'market': 'pa', 'side': 'UNDER', 'line': 21.5, 'price': -114.0, 'edge': 0.016423847093218202, 'ev': 0.030830730508321746, 'ev_pct': 3.0830730508321746, 'book': 'draftkings'}, {'market': 'pr', 'side': 'UNDER', 'line': 18.5, 'price': -108.0, 'edge': 0.018035523606979686, 'ev': 0.034735082502331316, 'ev_pct': 3.473508250233132, 'book': 'fanduel'}, {'market': 'pr', 'side': 'UNDER', 'line': 18.5, 'price': -114.0, 'edge': 0.01507003115550598, 'ev': 0.028289356730511084, 'ev_pct': 2.8289356730511086, 'book': 'draftkings'}, {'market': 'ra', 'side': 'UNDER', 'line': 11.5, 'price': -119.0, 'edge': 0.010305789473882943, 'ev': 0.018966116762860252, 'ev_pct': 1.8966116762860252, 'book': 'draftkings'}, {'market': 'ra', 'side': 'UNDER', 'line': 11.5, 'price': -125.0, 'edge': 0.007626946247094479, 'ev': 0.013728503244770152, 'ev_pct': 1.3728503244770152, 'book': 'fanduel'}, {'market': 'reb', 'side': 'UNDER', 'line': 4.5, 'price': -149.0, 'edge': 0.00890536896402172, 'ev': 0.014882126657996042, 'ev_pct': 1.4882126657996042, 'book': 'betonlineag'}, {'market': 'reb', 'side': 'UNDER', 'line': 4.5, 'price': -150.0, 'edge': 0.008664405108600004, 'ev': 0.014440675180999951, 'ev_pct': 1.4440675180999951, 'book': 'williamhill_us'}]",[],[],"{'pts': 13.509999999999998, 'reb': 4.085, 'ast': 6.955, 'threes': 2.11, 'stl': 0.71566, 'blk': 0.58554, 'tov': 1.9518, 'pra': 24.55, 'pr': 17.595, 'pa': 20.464999999999996, 'ra': 11.04}","[{'market': 'pr', 'side': 'UNDER', 'line': 18.5, 'price': -108.0, 'edge': 0.018035523606979686, 'ev': 0.034735082502331316, 'ev_pct': 3.473508250233132, 'book': 'fanduel'}, {'market': 'pa', 'side': 'UNDER', 'line': 21.5, 'price': -112.0, 'edge': 0.017393693681121536, 'ev': 0.032923777324980086, 'ev_pct': 3.2923777324980086, 'book': 'fanduel'}, {'market': 'ra', 'side': 'UNDER', 'line': 11.5, 'price': -119.0, 'edge': 0.010305789473882943, 'ev': 0.018966116762860252, 'ev_pct': 1.8966116762860252, 'book': 'draftkings'}, {'market': 'reb', 'side': 'UNDER', 'line': 4.5, 'price': -149.0, 'edge': 0.00890536896402172, 'ev': 0.014882126657996042, 'ev_pct': 1.4882126657996042, 'book': 'betonlineag'}, {'market': 'ast', 'side': 'UNDER', 'line': 7.5, 'price': -143.0, 'edge': 0.005182616821972519, 'ev': 0.008806824389785417, 'ev_pct': 0.8806824389785417, 'book': 'betonlineag'}]","{'market': 'pr', 'side': 'UNDER', 'line': 18.5, 'price': -108.0, 'edge': 0.018035523606979686, 'ev': 0.034735082502331316, 'ev_pct': 3.473508250233132, 'book': 'fanduel'}",model 17.6 vs line 18.5 (-0.9),17.595,"['EV 3.5%', 'Regular price range (-150 to +150)', 'Best line available']",0.25,1.0
Nyara Sabally,TOR,"[{'market': 'pr', 'side': 'UNDER', 'line': 16.5, 'price': -103.0, 'edge': 0.1061743842364532, 'ev': 0.2092563106796117, 'ev_pct': 20.92563106796117, 'book': 'draftkings'}, {'market': 'pr', 'side': 'UNDER', 'line': 16.5, 'price': -108.0, 'edge': 0.10356923076923075, 'ev': 0.19946666666666668, 'ev_pct': 19.94666666666667, 'book': 'fanduel'}, {'market': 'pts', 'side': 'UNDER', 'line': 11.5, 'price': -106.0, 'edge': 0.21043284195929335, 'ev': 0.40895439097749464, 'ev_pct': 40.89543909774947, 'book': 'betonlineag'}, {'market': 'pts', 'side': 'UNDER', 'line': 11.5, 'price': -107.0, 'edge': 0.2080877361950234, 'ev': 0.4025622560034564, 'ev_pct': 40.256225600345644, 'book': 'williamhill_us'}, {'market': 'pts', 'side': 'UNDER', 'line': 11.5, 'price': -110.0, 'edge': 0.201186424945886, 'ev': 0.3840831748966915, 'ev_pct': 38.40831748966915, 'book': 'fanduel'}, {'market': 'pts', 'side': 'UNDER', 'line': 12.5, 'price': -127.0, 'edge': 0.16552851126145696, 'ev': 0.2958659217035491, 'ev_pct': 29.58659217035491, 'book': 'draftkings'}, {'market': 'reb', 'side': 'UNDER', 'line': 4.5, 'price': 114.0, 'edge': 0.07588602956376461, 'ev': 0.16239610326645626, 'ev_pct': 16.239610326645625, 'book': 'fanduel'}, {'market': 'reb', 'side': 'UNDER', 'line': 4.5, 'price': 107.0, 'edge': 0.07351571939174789, 'ev': 0.15217753914091814, 'ev_pct': 15.217753914091814, 'book': 'betonlineag'}, {'market': 'reb', 'side': 'UNDER', 'line': 4.5, 'price': 104.0, 'edge': 0.07245007574298407, 'ev': 0.14779815451568745, 'ev_pct': 14.779815451568744, 'book': 'williamhill_us'}, {'market': 'reb', 'side': 'UNDER', 'line': 4.5, 'price': 101.0, 'edge': 0.07135262183604812, 'ev': 0.14341876989045677, 'ev_pct': 14.341876989045677, 'book': 'draftkings'}]",[],[],"{'pts': 5.55, 'reb': 2.57, 'ast': 0.7649999999999999, 'threes': 0.345, 'stl': 0.3089899999999999, 'blk': 0.2528099999999999, 'tov': 0.8426999999999999, 'pra': 8.885, 'pr': 8.12, 'pa': 6.3149999999999995, 'ra': 3.335}","[{'market': 'pts', 'side': 'UNDER', 'line': 11.5, 'price': -106.0, 'edge': 0.21043284195929335, 'ev': 0.40895439097749464, 'ev_pct': 40.89543909774947, 'book': 'betonlineag'}, {'market': 'pr', 'side': 'UNDER', 'line': 16.5, 'price': -103.0, 'edge': 0.1061743842364532, 'ev': 0.2092563106796117, 'ev_pct': 20.92563106796117, 'book': 'draftkings'}, {'market': 'reb', 'side': 'UNDER', 'line': 4.5, 'price': 114.0, 'edge': 0.07588602956376461, 'ev': 0.16239610326645626, 'ev_pct': 16.239610326645625, 'book': 'fanduel'}]","{'market': 'pts', 'side': 'UNDER', 'line': 11.5, 'price': -106.0, 'edge': 0.21043284195929335, 'ev': 0.40895439097749464, 'ev_pct': 40.89543909774947, 'book': 'betonlineag'}",model 5.5 vs line 11.5 (-6.0),5.55,"['EV 40.9%', 'Regular price range (-150 to +150)', 'Consensus: 4 books aligned']",0.75,0.0
Monique Billings,IND,"[{'market': 'pr', 'side': 'UNDER', 'line': 13.5, 'price': -104.0, 'edge': 0.10319077183562719, 'ev': 0.20241266783142253, 'ev_pct': 20.241266783142255, 'book': 'fanduel'}, {'market': 'pr', 'side': 'UNDER', 'line': 14.5, 'price': -127.0, 'edge': 0.09471629955947136, 'ev': 0.16929606299212607, 'ev_pct': 16.929606299212608, 'book': 'draftkings'}, {'market': 'pts', 'side': 'UNDER', 'line': 8.5, 'price': -110.0, 'edge': 0.19721346997161548, 'ev': 0.3764984426730842, 'ev_pct': 37.64984426730842, 'book': 'williamhill_us'}, {'market': 'pts', 'side': 'UNDER', 'line': 8.5, 'price': -111.0, 'edge': 0.19495664307023886, 'ev': 0.3705932584488324, 'ev_pct': 37.05932584488324, 'book': 'draftkings'}, {'market': 'pts', 'side': 'UNDER', 'line': 8.5, 'price': -112.0, 'edge': 0.1927211069886865, 'ev': 0.3647935239428709, 'ev_pct': 36.47935239428709, 'book': 'betonlineag'}, {'market': 'pts', 'side': 'UNDER', 'line': 8.5, 'price': -114.0, 'edge': 0.1883127134073076, 'ev': 0.35349930411547204, 'ev_pct': 35.349930411547206, 'book': 'fanduel'}, {'market': 'reb', 'side': 'UNDER', 'line': 5.5, 'price': -130.0, 'edge': 0.03308458378645074, 'ev': 0.058534263622182, 'ev_pct': 5.8534263622182, 'book': 'draftkings'}, {'market': 'reb', 'side': 'UNDER', 'line': 5.5, 'price': -143.0, 'edge': 0.029595587543831292, 'ev': 0.050291802609447545, 'ev_pct': 5.029180260944754, 'book': 'betonlineag'}, {'market': 'reb', 'side': 'UNDER', 'line': 5.5, 'price': -148.0, 'edge': 0.028351063449844838, 'ev': 0.04750718740244275, 'ev_pct': 4.750718740244276, 'book': 'williamhill_us'}]",[],[],"{'pts': 5.335555555555556, 'reb': 4.591111111111111, 'ast': 0.8677777777777778, 'threes': 0.2066666666666666, 'stl': 0.4079777777777778, 'blk': 0.3338, 'tov': 1.1126666666666667, 'pra': 10.794444444444444, 'pr': 9.926666666666666, 'pa': 6.203333333333333, 'ra': 5.458888888888889}","[{'market': 'pts', 'side': 'UNDER', 'line': 8.5, 'price': -110.0, 'edge': 0.19721346997161548, 'ev': 0.3764984426730842, 'ev_pct': 37.64984426730842, 'book': 'williamhill_us'}, {'market': 'pr', 'side': 'UNDER', 'line': 14.5, 'price': -127.0, 'edge': 0.09471629955947136, 'ev': 0.16929606299212607, 'ev_pct': 16.929606299212608, 'book': 'draftkings'}, {'market': 'reb', 'side': 'UNDER', 'line': 5.5, 'price': -130.0, 'edge': 0.03308458378645074, 'ev': 0.058534263622182, 'ev_pct': 5.8534263622182, 'book': 'draftkings'}]","{'market': 'pts', 'side': 'UNDER', 'line': 8.5, 'price': -110.0, 'edge': 0.19721346997161548, 'ev': 0.3764984426730842, 'ev_pct': 37.64984426730842, 'book': 'williamhill_us'}",model 5.3 vs line 8.5 (-3.2),5.335555555555556,"['EV 37.6%', 'Regular price range (-150 to +150)', 'Consensus: 4 books aligned', 'Best line available']",0.75,1.0
Isabelle Harrison,TOR,"[{'market': 'pr', 'side': 'UNDER', 'line': 20.5, 'price': -109.0, 'edge': 0.10306315789473686, 'ev': 0.19761651376146783, 'ev_pct': 19.761651376146784, 'book': 'draftkings'}, {'market': 'pr', 'side': 'UNDER', 'line': 20.5, 'price': -118.0, 'edge': 0.09871743119266052, 'ev': 0.1823762711864405, 'ev_pct': 18.23762711864405, 'book': 'fanduel'}, {'market': 'pts', 'side': 'UNDER', 'line': 14.5, 'price': -113.0, 'edge': 0.1825146607799183, 'ev': 0.3440320597002, 'ev_pct': 34.403205970020004, 'book': 'draftkings'}, {'market': 'pts', 'side': 'UNDER', 'line': 14.5, 'price': -122.0, 'edge': 0.16348154315525132, 'ev': 0.297482808036605, 'ev_pct': 29.7482808036605, 'book': 'williamhill_us'}, {'market': 'reb', 'side': 'UNDER', 'line': 6.5, 'price': -141.0, 'edge': 0.05997114310911689, 'ev': 0.10250386871841971, 'ev_pct': 10.250386871841972, 'book': 'williamhill_us'}, {'market': 'reb', 'side': 'UNDER', 'line': 6.5, 'price': -144.0, 'edge': 0.059205889044767535, 'ev': 0.10032108977030052, 'ev_pct': 10.032108977030052, 'book': 'fanduel'}, {'market': 'reb', 'side': 'UNDER', 'line': 6.5, 'price': -149.0, 'edge': 0.05797144306412361, 'ev': 0.09687845183199184, 'ev_pct': 9.687845183199183, 'book': 'draftkings'}, {'market': 'reb', 'side': 'UNDER', 'line': 6.5, 'price': -149.0, 'edge': 0.05797144306412361, 'ev': 0.09687845183199184, 'ev_pct': 9.687845183199183, 'book': 'betonlineag'}]",[],[],"{'pts': 0.0, 'reb': 0.0, 'ast': 0.0, 'threes': 0.0, 'stl': 0.176, 'blk': 0.144, 'tov': 0.48, 'pra': 0.0, 'pr': 0.0, 'pa': 0.0, 'ra': 0.0}","[{'market': 'pts', 'side': 'UNDER', 'line': 14.5, 'price': -113.0, 'edge': 0.1825146607799183, 'ev': 0.3440320597002, 'ev_pct': 34.403205970020004, 'book': 'draftkings'}, {'market': 'pr', 'side': 'UNDER', 'line': 20.5, 'price': -109.0, 'edge': 0.10306315789473686, 'ev': 0.19761651376146783, 'ev_pct': 19.761651376146784, 'book': 'draftkings'}, {'market': 'reb', 'side': 'UNDER', 'line': 6.5, 'price': -141.0, 'edge': 0.05997114310911689, 'ev': 0.10250386871841971, 'ev_pct': 10.250386871841972, 'book': 'williamhill_us'}]","{'market': 'pts', 'side': 'UNDER', 'line': 14.5, 'price': -113.0, 'edge': 0.1825146607799183, 'ev': 0.3440320597002, 'ev_pct': 34.403205970020004, 'book': 'draftkings'}",model 0.0 vs line 14.5 (-14.5),0.0,"['EV 34.4%', 'Regular price range (-150 to +150)', 'Best line available']",0.25,1.0
Jewell Loyd,LVA,"[{'market': 'pr', 'side': 'UNDER', 'line': 13.5, 'price': -107.0, 'edge': 0.08775215500184319, 'ev': 0.16976351481664986, 'ev_pct': 16.976351481664985, 'book': 'draftkings'}, {'market': 'pr', 'side': 'UNDER', 'line': 13.5, 'price': -108.0, 'edge': 0.08724119253435902, 'ev': 0.1680200745106175, 'ev_pct': 16.80200745106175, 'book': 'fanduel'}]",[],[],"{'pts': 7.92, 'reb': 2.525, 'ast': 1.5349999999999997, 'threes': 1.98, 'stl': 0.6161099999999999, 'blk': 0.5040899999999999, 'tov': 1.6803, 'pra': 11.98, 'pr': 10.445, 'pa': 9.455, 'ra': 4.06}","[{'market': 'pr', 'side': 'UNDER', 'line': 13.5, 'price': -107.0, 'edge': 0.08775215500184319, 'ev': 0.16976351481664986, 'ev_pct': 16.976351481664985, 'book': 'draftkings'}]","{'market': 'pr', 'side': 'UNDER', 'line': 13.5, 'price': -107.0, 'edge': 0.08775215500184319, 'ev': 0.16976351481664986, 'ev_pct': 16.976351481664985, 'book': 'draftkings'}",model 10.4 vs line 13.5 (-3.1),10.445,"['EV 17.0%', 'Regular price range (-150 to +150)', 'Best line available']",0.25,1.0
Temi Fagbenle,TOR,"[{'market': 'pr', 'side': 'UNDER', 'line': 11.5, 'price': -107.0, 'edge': 0.08162866828802207, 'ev': 0.15791714332355666, 'ev_pct': 15.791714332355667, 'book': 'draftkings'}, {'market': 'pr', 'side': 'UNDER', 'line': 11.5, 'price': -118.0, 'edge': 0.07626590624396756, 'ev': 0.14089803017953317, 'ev_pct': 14.089803017953317, 'book': 'fanduel'}, {'market': 'reb', 'side': 'UNDER', 'line': 3.5, 'price': 114.0, 'edge': 0.05058040341987352, 'ev': 0.10824206331852926, 'ev_pct': 10.824206331852926, 'book': 'williamhill_us'}, {'market': 'reb', 'side': 'UNDER', 'line': 3.5, 'price': 113.0, 'edge': 0.05025132615253114, 'ev': 0.1070353247048913, 'ev_pct': 10.70353247048913, 'book': 'draftkings'}, {'market': 'reb', 'side': 'UNDER', 'line': 3.5, 'price': 112.0, 'edge': 0.04991914438266665, 'ev': 0.10582858609125334, 'ev_pct': 10.582858609125335, 'book': 'betonlineag'}]",[],[],"{'pts': 0.7533333333333334, 'reb': 0.9266666666666666, 'ast': 0.3766666666666667, 'threes': 0.0, 'stl': 0.176, 'blk': 0.144, 'tov': 0.48, 'pra': 2.056666666666666, 'pr': 1.6800000000000002, 'pa': 1.1300000000000001, 'ra': 1.3033333333333332}","[{'market': 'pr', 'side': 'UNDER', 'line': 11.5, 'price': -107.0, 'edge': 0.08162866828802207, 'ev': 0.15791714332355666, 'ev_pct': 15.791714332355667, 'book': 'draftkings'}, {'market': 'reb', 'side': 'UNDER', 'line': 3.5, 'price': 114.0, 'edge': 0.05058040341987352, 'ev': 0.10824206331852926, 'ev_pct': 10.824206331852926, 'book': 'williamhill_us'}]","{'market': 'pr', 'side': 'UNDER', 'line': 11.5, 'price': -107.0, 'edge': 0.08162866828802207, 'ev': 0.15791714332355666, 'ev_pct': 15.791714332355667, 'book': 'draftkings'}",model 1.7 vs line 11.5 (-9.8),1.6800000000000002,"['EV 15.8%', 'Regular price range (-150 to +150)', 'Best line available']",0.25,1.0
Cheyenne Parker-Tyus,LVA,"[{'market': 'pr', 'side': 'UNDER', 'line': 12.5, 'price': -102.0, 'edge': 0.07828304438310874, 'ev': 0.15503112711164668, 'ev_pct': 15.503112711164668, 'book': 'draftkings'}, {'market': 'pr', 'side': 'UNDER', 'line': 13.5, 'price': -118.0, 'edge': 0.07592693945779205, 'ev': 0.1402718034050734, 'ev_pct': 14.02718034050734, 'book': 'fanduel'}, {'market': 'reb', 'side': 'UNDER', 'line': 4.5, 'price': 104.0, 'edge': 0.055180353585868425, 'ev': 0.11256792131517157, 'ev_pct': 11.256792131517157, 'book': 'fanduel'}, {'market': 'reb', 'side': 'UNDER', 'line': 4.5, 'price': 104.0, 'edge': 0.055180353585868425, 'ev': 0.11256792131517157, 'ev_pct': 11.256792131517157, 'book': 'betonlineag'}, {'market': 'reb', 'side': 'UNDER', 'line': 4.5, 'price': -101.0, 'edge': 0.053336631022216086, 'ev': 0.10614517658876677, 'ev_pct': 10.614517658876677, 'book': 'draftkings'}, {'market': 'reb', 'side': 'UNDER', 'line': 4.5, 'price': -102.0, 'edge': 0.052967191093148513, 'ev': 0.10489580981192159, 'ev_pct': 10.489580981192159, 'book': 'williamhill_us'}]",[],[],"{'pts': 2.46, 'reb': 1.285, 'ast': 0.41, 'threes': 0.0, 'stl': 0.176, 'blk': 0.144, 'tov': 0.48, 'pra': 4.155, 'pr': 3.745, 'pa': 2.87, 'ra': 1.6949999999999998}","[{'market': 'pr', 'side': 'UNDER', 'line': 13.5, 'price': -118.0, 'edge': 0.07592693945779205, 'ev': 0.1402718034050734, 'ev_pct': 14.02718034050734, 'book': 'fanduel'}, {'market': 'reb', 'side': 'UNDER', 'line': 4.5, 'price': 104.0, 'edge': 0.055180353585868425, 'ev': 0.11256792131517157, 'ev_pct': 11.256792131517157, 'book': 'fanduel'}]","{'market': 'pr', 'side': 'UNDER', 'line': 13.5, 'price': -118.0, 'edge': 0.07592693945779205, 'ev': 0.1402718034050734, 'ev_pct': 14.02718034050734, 'book': 'fanduel'}",model 3.7 vs line 13.5 (-9.8),3.745,"['EV 14.0%', 'Regular price range (-150 to +150)', 'Best line available']",0.25,1.0
Lexie Hull,IND,"[{'market': 'pr', 'side': 'OVER', 'line': 11.5, 'price': -132.0, 'edge': 0.02728374783561427, 'ev': 0.047953253771685744, 'ev_pct': 4.795325377168575, 'book': 'fanduel'}, {'market': 'pr', 'side': 'OVER', 'line': 12.5, 'price': -107.0, 'edge': 0.003295211213784177, 'ev': 0.0063748478621805105, 'ev_pct': 0.637484786218051, 'book': 'draftkings'}]",[],[],"{'pts': 8.39, 'reb': 4.298571428571428, 'ast': 1.3914285714285717, 'threes': 1.6885714285714286, 'stl': 0.45716, 'blk': 0.37404, 'tov': 1.2468, 'pra': 14.08, 'pr': 12.688571428571429, 'pa': 9.781428571428572, 'ra': 5.6899999999999995}","[{'market': 'pr', 'side': 'OVER', 'line': 12.5, 'price': -107.0, 'edge': 0.003295211213784177, 'ev': 0.0063748478621805105, 'ev_pct': 0.637484786218051, 'book': 'draftkings'}]","{'market': 'pr', 'side': 'OVER', 'line': 12.5, 'price': -107.0, 'edge': 0.003295211213784177, 'ev': 0.0063748478621805105, 'ev_pct': 0.637484786218051, 'book': 'draftkings'}",model 12.7 vs line 12.5 (+0.2),12.688571428571429,"['EV 0.6%', 'Regular price range (-150 to +150)']",0.25,0.0
NaLyssa Smith,LVA,"[{'market': 'pr', 'side': 'UNDER', 'line': 20.5, 'price': -108.0, 'edge': 0.005953449609323425, 'ev': 0.01146590295128963, 'ev_pct': 1.146590295128963, 'book': 'fanduel'}, {'market': 'pr', 'side': 'UNDER', 'line': 20.5, 'price': -109.0, 'edge': 0.005447376734829534, 'ev': 0.01044497006953543, 'ev_pct': 1.044497006953543, 'book': 'draftkings'}, {'market': 'reb', 'side': 'UNDER', 'line': 7.5, 'price': -141.0, 'edge': 0.01566293651445061, 'ev': 0.026771402127536204, 'ev_pct': 2.6771402127536206, 'book': 'draftkings'}, {'market': 'reb', 'side': 'UNDER', 'line': 7.5, 'price': -141.0, 'edge': 0.01566293651445061, 'ev': 0.026771402127536204, 'ev_pct': 2.6771402127536206, 'book': 'williamhill_us'}, {'market': 'reb', 'side': 'UNDER', 'line': 7.5, 'price': -145.0, 'edge': 0.014646762409953995, 'ev': 0.024747977865094695, 'ev_pct': 2.4747977865094697, 'book': 'betonlineag'}, {'market': 'reb', 'side': 'UNDER', 'line': 7.5, 'price': -146.0, 'edge': 0.014397882370133175, 'ev': 0.024259445637347665, 'ev_pct': 2.4259445637347667, 'book': 'fanduel'}]",[],[],"{'pts': 13.39, 'reb': 6.675, 'ast': 0.97, 'threes': 0.345, 'stl': 0.4775099999999999, 'blk': 0.3906899999999999, 'tov': 1.3022999999999998, 'pra': 21.035, 'pr': 20.065, 'pa': 14.360000000000001, 'ra': 7.645}","[{'market': 'reb', 'side': 'UNDER', 'line': 7.5, 'price': -141.0, 'edge': 0.01566293651445061, 'ev': 0.026771402127536204, 'ev_pct': 2.6771402127536206, 'book': 'draftkings'}, {'market': 'pr', 'side': 'UNDER', 'line': 20.5, 'price': -108.0, 'edge': 0.005953449609323425, 'ev': 0.01146590295128963, 'ev_pct': 1.146590295128963, 'book': 'fanduel'}]","{'market': 'reb', 'side': 'UNDER', 'line': 7.5, 'price': -141.0, 'edge': 0.01566293651445061, 'ev': 0.026771402127536204, 'ev_pct': 2.6771402127536206, 'book': 'draftkings'}",model 6.7 vs line 7.5 (-0.8),6.675,"['EV 2.7%', 'Regular price range (-150 to +150)', 'Consensus: 4 books aligned', 'Best line available']",0.75,1.0
Awak Kuier,DAL,"[{'market': 'reb', 'side': 'OVER', 'line': 2.5, 'price': -148.0, 'edge': 0.04082595864365457, 'ev': 0.06841106583531309, 'ev_pct': 6.8411065835313085, 'book': 'betrivers'}]",[],[],"{'pts': 7.721428571428571, 'reb': 3.621428571428571, 'ast': 0.8, 'threes': 1.1228571428571428, 'stl': 0.3472228571428571, 'blk': 0.2840914285714285, 'tov': 0.9469714285714284, 'pra': 12.142857142857142, 'pr': 11.342857142857142, 'pa': 8.52142857142857, 'ra': 4.421428571428571}","[{'market': 'reb', 'side': 'OVER', 'line': 2.5, 'price': -148.0, 'edge': 0.04082595864365457, 'ev': 0.06841106583531309, 'ev_pct': 6.8411065835313085, 'book': 'betrivers'}]","{'market': 'reb', 'side': 'OVER', 'line': 2.5, 'price': -148.0, 'edge': 0.04082595864365457, 'ev': 0.06841106583531309, 'ev_pct': 6.8411065835313085, 'book': 'betrivers'}",model 3.6 vs line 2.5 (+1.1),3.621428571428571,"['EV 6.8%', 'Regular price range (-150 to +150)', 'Best line available']",0.0,1.0
Sophie Cunningham,IND,"[{'market': 'reb', 'side': 'UNDER', 'line': 2.5, 'price': 114.0, 'edge': 0.039926633033038506, 'ev': 0.08544299469070238, 'ev_pct': 8.544299469070237, 'book': 'betonlineag'}, {'market': 'threes', 'side': 'UNDER', 'line': 1.5, 'price': 112.0, 'edge': 0.12141308685866858, 'ev': 0.25739574414037747, 'ev_pct': 25.739574414037747, 'book': 'fanduel'}, {'market': 'threes', 'side': 'UNDER', 'line': 1.5, 'price': 110.0, 'edge': 0.1169207238757396, 'ev': 0.24553352013905316, 'ev_pct': 24.553352013905318, 'book': 'williamhill_us'}, {'market': 'threes', 'side': 'UNDER', 'line': 1.5, 'price': 107.0, 'edge': 0.11001941262660225, 'ev': 0.22774018413706665, 'ev_pct': 22.774018413706663, 'book': 'draftkings'}, {'market': 'threes', 'side': 'UNDER', 'line': 1.5, 'price': 107.0, 'edge': 0.11001941262660225, 'ev': 0.22774018413706665, 'ev_pct': 22.774018413706663, 'book': 'betonlineag'}]",[],[],"{'pts': 9.724444444444444, 'reb': 1.8766666666666667, 'ast': 0.9666666666666666, 'threes': 1.2644444444444445, 'stl': 0.5075888888888888, 'blk': 0.4152999999999999, 'tov': 1.3843333333333332, 'pra': 12.567777777777778, 'pr': 11.601111111111111, 'pa': 10.69111111111111, 'ra': 2.8433333333333333}","[{'market': 'threes', 'side': 'UNDER', 'line': 1.5, 'price': 112.0, 'edge': 0.12141308685866858, 'ev': 0.25739574414037747, 'ev_pct': 25.739574414037747, 'book': 'fanduel'}, {'market': 'reb', 'side': 'UNDER', 'line': 2.5, 'price': 114.0, 'edge': 0.039926633033038506, 'ev': 0.08544299469070238, 'ev_pct': 8.544299469070237, 'book': 'betonlineag'}]","{'market': 'threes', 'side': 'UNDER', 'line': 1.5, 'price': 112.0, 'edge': 0.12141308685866858, 'ev': 0.25739574414037747, 'ev_pct': 25.739574414037747, 'book': 'fanduel'}",model 1.3 vs line 1.5 (-0.2),1.2644444444444445,"['EV 25.7%', 'Regular price range (-150 to +150)', 'Consensus: 4 books aligned', 'Best line available']",0.75,1.0
