date,snapshot_ts,player_id,player_name,team,stat,side,line,price,implied_prob,model_prob,model_prob_raw,edge,ev,bookmaker,bookmaker_title,commence_time,home_team,away_team
2026-06-06,2026-06-06T21:57:38.650227+00:00,4038379,Marine Johannes,NYL,ast,OVER,3.5,116,0.46296296296296297,0.5248446391121719,0.8755074706243559,0.061881676149208975,0.13366442048229132,draftkings,DraftKings,2026-06-07T00:00:00Z,New York Liberty,Indiana Fever
2026-06-06,2026-06-06T21:57:38.650227+00:00,4038379,Marine Johannes,NYL,ast,OVER,3.5,112,0.4716981132075472,0.5322695168200685,0.8755074706243559,0.060571403612521335,0.12841137565854532,betrivers,BetRivers,2026-06-07T00:00:00Z,New York Liberty,Indiana Fever
2026-06-06,2026-06-06T21:57:38.650227+00:00,4038379,Marine Johannes,NYL,ast,OVER,3.5,110,0.47619047619047616,0.5360880253555581,0.8755074706243559,0.05989754916508194,0.1257848532466721,fanduel,FanDuel,2026-06-07T00:00:00Z,New York Liberty,Indiana Fever
2026-06-06,2026-06-06T21:57:38.650227+00:00,4038379,Marine Johannes,NYL,ast,OVER,3.5,110,0.47619047619047616,0.5360880253555581,0.8755074706243559,0.05989754916508194,0.1257848532466721,williamhill_us,Caesars,2026-06-07T00:00:00Z,New York Liberty,Indiana Fever
2026-06-06,2026-06-06T21:57:38.650227+00:00,3142250,Jordin Canada,ATL,ast,OVER,6.5,116,0.46296296296296297,0.5119487761520792,0.7895350508904044,0.04898581318911627,0.1058093564884911,fanduel,FanDuel,2026-06-06T22:00:00Z,Atlanta Dream,Washington Mystics
2026-06-06,2026-06-06T21:57:38.650227+00:00,3142250,Jordin Canada,ATL,ast,OVER,6.5,111,0.47393364928909953,0.5212738595292953,0.7895350508904044,0.047340210240195746,0.09988784360681313,draftkings,DraftKings,2026-06-06T22:00:00Z,Atlanta Dream,Washington Mystics
2026-06-06,2026-06-06T21:57:38.650227+00:00,3142250,Jordin Canada,ATL,ast,OVER,6.5,110,0.47619047619047616,0.5231921623954654,0.7895350508904044,0.047001686204989235,0.0987035410304774,williamhill_us,Caesars,2026-06-06T22:00:00Z,Atlanta Dream,Washington Mystics
2026-06-06,2026-06-06T21:57:38.650227+00:00,4433524,Sonia Citron,WSH,ast,UNDER,3.5,-162,0.6183206106870229,0.6649553873387837,0.9292191216987615,0.046634776651760745,0.07542167581951431,williamhill_us,Caesars,2026-06-06T22:00:00Z,Atlanta Dream,Washington Mystics
2026-06-06,2026-06-06T21:57:38.650227+00:00,4433524,Sonia Citron,WSH,ast,UNDER,2.5,120,0.45454545454545453,0.48848701288937924,0.6808225101716191,0.033941558343924705,0.07467142835663432,draftkings,DraftKings,2026-06-06T22:00:00Z,Atlanta Dream,Washington Mystics
2026-06-06,2026-06-06T21:57:38.650227+00:00,3142250,Jordin Canada,ATL,ast,OVER,5.5,-157,0.6108949416342413,0.6546472731176437,0.9025771515235905,0.04375233148340241,0.07162005854289444,betrivers,BetRivers,2026-06-06T22:00:00Z,Atlanta Dream,Washington Mystics
2026-06-06,2026-06-06T21:57:38.650227+00:00,4704180,Georgia Amoore,WSH,ast,OVER,3.5,-137,0.5780590717299579,0.6154695607830367,0.8274623320838168,0.037410489053078866,0.0647174153691949,williamhill_us,Caesars,2026-06-06T22:00:00Z,Atlanta Dream,Washington Mystics
2026-06-06,2026-06-06T21:57:38.650227+00:00,4704180,Georgia Amoore,WSH,ast,OVER,3.5,-151,0.601593625498008,0.6354739314858793,0.8274623320838168,0.033880305987871284,0.05631759472156095,draftkings,DraftKings,2026-06-06T22:00:00Z,Atlanta Dream,Washington Mystics
2026-06-06,2026-06-06T21:57:38.650227+00:00,4704180,Georgia Amoore,WSH,ast,OVER,3.5,-158,0.6124031007751938,0.6446619854714872,0.8274623320838168,0.032258884696293455,0.05267590032685893,fanduel,FanDuel,2026-06-06T22:00:00Z,Atlanta Dream,Washington Mystics
2026-06-06,2026-06-06T21:57:38.650227+00:00,4704180,Georgia Amoore,WSH,ast,OVER,3.5,-177,0.6389891696750902,0.6672601440363992,0.8274623320838168,0.028270974361308987,0.04424327626035357,betrivers,BetRivers,2026-06-06T22:00:00Z,Atlanta Dream,Washington Mystics
2026-06-06,2026-06-06T21:57:38.650227+00:00,2998928,Breanna Stewart,NYL,ast,UNDER,3.5,-192,0.6575342465753424,0.6858244738343326,0.8461357616352772,0.02829022725899022,0.043024720623047574,fanduel,FanDuel,2026-06-07T00:00:00Z,New York Liberty,Indiana Fever
2026-06-06,2026-06-06T21:57:38.650227+00:00,4432831,Aliyah Boston,IND,ast,UNDER,2.5,-105,0.5121951219512195,0.5320121671299822,0.6443087564763046,0.019817045178762704,0.038690421539489095,draftkings,DraftKings,2026-06-07T00:00:00Z,New York Liberty,Indiana Fever
2026-06-06,2026-06-06T21:57:38.650227+00:00,4398911,Shakira Austin,WSH,ast,UNDER,2.5,-148,0.5967741935483871,0.6190640302030226,0.74537310457929,0.022289836654635464,0.03735053709695674,draftkings,DraftKings,2026-06-06T22:00:00Z,Atlanta Dream,Washington Mystics
2026-06-06,2026-06-06T21:57:38.650227+00:00,4433403,Caitlin Clark,IND,ast,UNDER,7.5,116,0.46296296296296297,0.47924465429846574,0.5715075718663147,0.01628169133550278,0.035168453284685985,fanduel,FanDuel,2026-06-07T00:00:00Z,New York Liberty,Indiana Fever
2026-06-06,2026-06-06T21:57:38.650227+00:00,4433402,Angel Reese,ATL,ast,UNDER,3.5,-151,0.601593625498008,0.6194638085683063,0.7207281792999969,0.017870183070298307,0.029704741394999234,draftkings,DraftKings,2026-06-06T22:00:00Z,Atlanta Dream,Washington Mystics
2026-06-06,2026-06-06T21:57:38.650227+00:00,4433402,Angel Reese,ATL,ast,UNDER,3.5,-152,0.6031746031746031,0.6208076395934122,0.7207281792999969,0.01763303641880909,0.029233718273288745,williamhill_us,Caesars,2026-06-06T22:00:00Z,Atlanta Dream,Washington Mystics
2026-06-06,2026-06-06T21:57:38.650227+00:00,4433402,Angel Reese,ATL,ast,UNDER,3.5,-154,0.6062992125984252,0.623463557603661,0.7207281792999969,0.01716434500523578,0.028310023580064236,fanduel,FanDuel,2026-06-06T22:00:00Z,Atlanta Dream,Washington Mystics
2026-06-06,2026-06-06T21:57:38.650227+00:00,4398674,Rhyne Howard,ATL,ast,UNDER,3.5,104,0.49019607843137253,0.5015942409047754,0.566183828254059,0.011398162473402917,0.023252251445741945,draftkings,DraftKings,2026-06-06T22:00:00Z,Atlanta Dream,Washington Mystics
2026-06-06,2026-06-06T21:57:38.650227+00:00,4433403,Caitlin Clark,IND,ast,UNDER,7.5,102,0.49504950495049505,0.506518214987868,0.5715075718663147,0.011468710037372931,0.023166794275493285,williamhill_us,Caesars,2026-06-07T00:00:00Z,New York Liberty,Indiana Fever
2026-06-06,2026-06-06T21:57:38.650227+00:00,4433403,Caitlin Clark,IND,ast,UNDER,7.5,-102,0.504950495049505,0.5149340565720264,0.5715075718663147,0.009983561522521445,0.019771366936758183,draftkings,DraftKings,2026-06-07T00:00:00Z,New York Liberty,Indiana Fever
2026-06-06,2026-06-06T21:57:38.650227+00:00,4398674,Rhyne Howard,ATL,ast,UNDER,3.5,-102,0.504950495049505,0.5141354950301881,0.566183828254059,0.009184999980683117,0.01818990192252934,williamhill_us,Caesars,2026-06-06T22:00:00Z,Atlanta Dream,Washington Mystics
2026-06-06,2026-06-06T21:57:38.650227+00:00,2998928,Breanna Stewart,NYL,ast,UNDER,2.5,120,0.45454545454545453,0.4625603867238927,0.5079783357350423,0.008014932178438183,0.017632850792564048,draftkings,DraftKings,2026-06-07T00:00:00Z,New York Liberty,Indiana Fever
2026-06-06,2026-06-06T21:57:38.650227+00:00,4398674,Rhyne Howard,ATL,ast,UNDER,3.5,-104,0.5098039215686274,0.5182609075714422,0.566183828254059,0.008456986002814748,0.016588703313213493,fanduel,FanDuel,2026-06-06T22:00:00Z,Atlanta Dream,Washington Mystics
2026-06-06,2026-06-06T21:57:38.650227+00:00,2999101,Jonquel Jones,NYL,ast,UNDER,2.5,-104,0.5098039215686274,0.5137117970731612,0.5358564249321854,0.003907875504533753,0.007665448105046935,fanduel,FanDuel,2026-06-07T00:00:00Z,New York Liberty,Indiana Fever
2026-06-06,2026-06-06T21:57:38.650227+00:00,2999101,Jonquel Jones,NYL,ast,UNDER,2.5,-104,0.5098039215686274,0.5137117970731612,0.5358564249321854,0.003907875504533753,0.007665448105046935,draftkings,DraftKings,2026-06-07T00:00:00Z,New York Liberty,Indiana Fever
2026-06-06,2026-06-06T21:57:38.650227+00:00,3142250,Jordin Canada,ATL,dd,YES,,1120,0.08196721311475409,0.14612636812118712,0.14612636812118712,0.06415915500643303,0.7827416910784828,draftkings,DraftKings,2026-06-06T22:00:00Z,Atlanta Dream,Washington Mystics
2026-06-06,2026-06-06T21:57:38.650227+00:00,3142250,Jordin Canada,ATL,dd,YES,,900,0.1,0.14612636812118712,0.14612636812118712,0.04612636812118712,0.4612636812118711,fanduel,FanDuel,2026-06-06T22:00:00Z,Atlanta Dream,Washington Mystics
2026-06-06,2026-06-06T21:57:38.650227+00:00,3142250,Jordin Canada,ATL,dd,YES,,900,0.1,0.14612636812118712,0.14612636812118712,0.04612636812118712,0.4612636812118711,williamhill_us,Caesars,2026-06-06T22:00:00Z,Atlanta Dream,Washington Mystics
2026-06-06,2026-06-06T21:57:38.650227+00:00,4398674,Rhyne Howard,ATL,dd,YES,,3500,0.027777777777777776,0.03981622255298615,0.03981622255298615,0.012038444775208372,0.4333840119075012,fanatics,Fanatics,2026-06-06T22:00:00Z,Atlanta Dream,Washington Mystics
2026-06-06,2026-06-06T21:57:38.650227+00:00,4398674,Rhyne Howard,ATL,dd,YES,,3500,0.027777777777777776,0.03981622255298615,0.03981622255298615,0.012038444775208372,0.4333840119075012,draftkings,DraftKings,2026-06-06T22:00:00Z,Atlanta Dream,Washington Mystics
2026-06-06,2026-06-06T21:57:38.650227+00:00,3142250,Jordin Canada,ATL,dd,YES,,750,0.11764705882352941,0.14612636812118712,0.14612636812118712,0.028479309297657712,0.2420741290300905,fanatics,Fanatics,2026-06-06T22:00:00Z,Atlanta Dream,Washington Mystics
2026-06-06,2026-06-06T21:57:38.650227+00:00,2998928,Breanna Stewart,NYL,dd,YES,,249,0.28653295128939826,0.3396882981551436,0.3396882981551436,0.053155346865745356,0.18551216056145137,draftkings,DraftKings,2026-06-07T00:00:00Z,New York Liberty,Indiana Fever
2026-06-06,2026-06-06T21:57:38.650227+00:00,2998928,Breanna Stewart,NYL,dd,YES,,205,0.32786885245901637,0.3396882981551436,0.3396882981551436,0.011819445696127251,0.036049309373188065,williamhill_us,Caesars,2026-06-07T00:00:00Z,New York Liberty,Indiana Fever
2026-06-06,2026-06-06T21:57:38.650227+00:00,4038379,Marine Johannes,NYL,pa,UNDER,13.5,-112,0.5283018867924528,0.6189437784787246,0.9403104853664155,0.09064189168627179,0.17157215212044308,fanduel,FanDuel,2026-06-07T00:00:00Z,New York Liberty,Indiana Fever
2026-06-06,2026-06-06T21:57:38.650227+00:00,4038379,Marine Johannes,NYL,pa,UNDER,13.5,-115,0.5348837209302325,0.6240776091061928,0.9403104853664155,0.0891938881759603,0.16675379093766485,draftkings,DraftKings,2026-06-07T00:00:00Z,New York Liberty,Indiana Fever
2026-06-06,2026-06-06T21:57:38.650227+00:00,4704180,Georgia Amoore,WSH,pa,OVER,10.5,-118,0.5412844036697247,0.6041233969819658,0.8269161914526386,0.06283899331224108,0.11609237747515722,draftkings,DraftKings,2026-06-06T22:00:00Z,Atlanta Dream,Washington Mystics
2026-06-06,2026-06-06T21:57:38.650227+00:00,4704180,Georgia Amoore,WSH,pa,OVER,11.5,100,0.5,0.5431045626440916,0.695929830200416,0.04310456264409157,0.08620912528818314,fanduel,FanDuel,2026-06-06T22:00:00Z,Atlanta Dream,Washington Mystics
2026-06-06,2026-06-06T21:57:38.650227+00:00,2999101,Jonquel Jones,NYL,pa,UNDER,17.5,-130,0.5652173913043478,0.6089845813647748,0.7641591643062888,0.043767190060427064,0.07743425933767861,fanduel,FanDuel,2026-06-07T00:00:00Z,New York Liberty,Indiana Fever
2026-06-06,2026-06-06T21:57:38.650227+00:00,2998928,Breanna Stewart,NYL,pa,UNDER,22.5,-110,0.5238095238095238,0.5632900472777741,0.7032664486652068,0.03948052346825026,0.0753719084393869,fanduel,FanDuel,2026-06-07T00:00:00Z,New York Liberty,Indiana Fever
2026-06-06,2026-06-06T21:57:38.650227+00:00,4433403,Caitlin Clark,IND,pa,UNDER,27.5,-112,0.5283018867924528,0.5614706979985888,0.6790692104567077,0.03316881120613602,0.06278382121161463,fanduel,FanDuel,2026-06-07T00:00:00Z,New York Liberty,Indiana Fever
2026-06-06,2026-06-06T21:57:38.650227+00:00,2999101,Jonquel Jones,NYL,pa,UNDER,16.5,-108,0.5192307692307693,0.550744352593144,0.6624743299688363,0.03151358336237475,0.06069282721642555,draftkings,DraftKings,2026-06-07T00:00:00Z,New York Liberty,Indiana Fever
2026-06-06,2026-06-06T21:57:38.650227+00:00,4433524,Sonia Citron,WSH,pa,OVER,17.5,-118,0.5412844036697247,0.5733226980562784,0.6869130145176963,0.0320382943865537,0.059189391324311,draftkings,DraftKings,2026-06-06T22:00:00Z,Atlanta Dream,Washington Mystics
2026-06-06,2026-06-06T21:57:38.650227+00:00,4398911,Shakira Austin,WSH,pa,UNDER,17.5,-118,0.5412844036697247,0.5695152908243158,0.6696066180087751,0.0282308871545911,0.052155367794075036,draftkings,DraftKings,2026-06-06T22:00:00Z,Atlanta Dream,Washington Mystics
2026-06-06,2026-06-06T21:57:38.650227+00:00,4433403,Caitlin Clark,IND,pa,UNDER,27.5,-124,0.5535714285714286,0.58118094058619,0.6790692104567077,0.02760951201476136,0.04987524751053668,draftkings,DraftKings,2026-06-07T00:00:00Z,New York Liberty,Indiana Fever
2026-06-06,2026-06-06T21:57:38.650227+00:00,2998928,Breanna Stewart,NYL,pa,UNDER,21.5,-105,0.5121951219512195,0.5364842358804387,0.622600185265852,0.024289113929219175,0.047421603385618405,draftkings,DraftKings,2026-06-07T00:00:00Z,New York Liberty,Indiana Fever
2026-06-06,2026-06-06T21:57:38.650227+00:00,4432831,Aliyah Boston,IND,pa,UNDER,16.5,-104,0.5098039215686274,0.529376744270421,0.5987712974858712,0.019572822701793613,0.03839284453044123,draftkings,DraftKings,2026-06-07T00:00:00Z,New York Liberty,Indiana Fever
2026-06-06,2026-06-06T21:57:38.650227+00:00,3142250,Jordin Canada,ATL,pa,OVER,17.5,-118,0.5412844036697247,0.558838640739755,0.6210763903516805,0.017554237070030232,0.03243070916327612,draftkings,DraftKings,2026-06-06T22:00:00Z,Atlanta Dream,Washington Mystics
2026-06-06,2026-06-06T21:57:38.650227+00:00,3142250,Jordin Canada,ATL,pa,OVER,17.5,-125,0.5555555555555556,0.569970139210703,0.6210763903516805,0.014414583655147473,0.02594625057926553,fanduel,FanDuel,2026-06-06T22:00:00Z,Atlanta Dream,Washington Mystics
2026-06-06,2026-06-06T21:57:38.650227+00:00,4898384,Kiki Iriafen,WSH,pa,OVER,15.5,-106,0.5145631067961165,0.5243385514853341,0.5589969462925601,0.00977544468921765,0.01899756232055505,draftkings,DraftKings,2026-06-06T22:00:00Z,Atlanta Dream,Washington Mystics
2026-06-06,2026-06-06T21:57:38.650227+00:00,4398674,Rhyne Howard,ATL,pa,UNDER,21.5,-123,0.5515695067264574,0.5550912174275133,0.567577282640348,0.0035217107010558912,0.006384890132808685,draftkings,DraftKings,2026-06-06T22:00:00Z,Atlanta Dream,Washington Mystics
2026-06-06,2026-06-06T21:57:38.650227+00:00,4398674,Rhyne Howard,ATL,pa,UNDER,21.5,-125,0.5555555555555556,0.5582003355142099,0.567577282640348,0.0026447799586543086,0.004760603925577811,fanduel,FanDuel,2026-06-06T22:00:00Z,Atlanta Dream,Washington Mystics
2026-06-06,2026-06-06T21:57:38.650227+00:00,4038379,Marine Johannes,NYL,pr,UNDER,12.5,-111,0.5260663507109005,0.6274348378103906,0.9868322011631281,0.10136848709949009,0.1926914484503821,draftkings,DraftKings,2026-06-07T00:00:00Z,New York Liberty,Indiana Fever
2026-06-06,2026-06-06T21:57:38.650227+00:00,4398915,Naz Hillmon,ATL,pr,UNDER,14.5,-112,0.5283018867924528,0.6298754716981132,0.9989308175332191,0.10157358490566037,0.19226428571428578,draftkings,DraftKings,2026-06-06T22:00:00Z,Atlanta Dream,Washington Mystics
2026-06-06,2026-06-06T21:57:38.650227+00:00,4398915,Naz Hillmon,ATL,pr,UNDER,14.5,-114,0.5327102803738317,0.6333140186915888,0.9989308175332191,0.10060373831775704,0.18885263157894727,fanduel,FanDuel,2026-06-06T22:00:00Z,Atlanta Dream,Washington Mystics
2026-06-06,2026-06-06T21:57:38.650227+00:00,4038379,Marine Johannes,NYL,pr,UNDER,12.5,-118,0.5412844036697247,0.6393049191182735,0.9868322011631281,0.09802051544854873,0.1810887488795222,fanduel,FanDuel,2026-06-07T00:00:00Z,New York Liberty,Indiana Fever
2026-06-06,2026-06-06T21:57:38.650227+00:00,4398829,Lexie Hull,IND,pr,OVER,9.5,-127,0.5594713656387665,0.6490417575405509,0.9666095106468774,0.0895703919017844,0.16009825954098478,draftkings,DraftKings,2026-06-07T00:00:00Z,New York Liberty,Indiana Fever
2026-06-06,2026-06-06T21:57:38.650227+00:00,4433524,Sonia Citron,WSH,pr,OVER,17.5,-106,0.5145631067961165,0.5816996354902048,0.8197291463146996,0.06713652869408826,0.13047287651869977,fanduel,FanDuel,2026-06-06T22:00:00Z,Atlanta Dream,Washington Mystics
2026-06-06,2026-06-06T21:57:38.650227+00:00,2999101,Jonquel Jones,NYL,pr,UNDER,23.5,-114,0.5327102803738317,0.5938385838137099,0.8105662051005506,0.061128303439878184,0.11474962224678875,fanduel,FanDuel,2026-06-07T00:00:00Z,New York Liberty,Indiana Fever
2026-06-06,2026-06-06T21:57:38.650227+00:00,4433524,Sonia Citron,WSH,pr,OVER,17.5,-119,0.54337899543379,0.6041760286275901,0.8197291463146996,0.06079703319380014,0.11188697705413642,draftkings,DraftKings,2026-06-06T22:00:00Z,Atlanta Dream,Washington Mystics
2026-06-06,2026-06-06T21:57:38.650227+00:00,2999101,Jonquel Jones,NYL,pr,UNDER,23.5,-124,0.5535714285714286,0.6101102794078355,0.8105662051005506,0.05653885083640686,0.10213469828512212,draftkings,DraftKings,2026-06-07T00:00:00Z,New York Liberty,Indiana Fever
2026-06-06,2026-06-06T21:57:38.650227+00:00,4398911,Shakira Austin,WSH,pr,UNDER,22.5,-106,0.5145631067961165,0.5593057934717086,0.7179389553215353,0.044742686675592114,0.08695276844501865,fanduel,FanDuel,2026-06-06T22:00:00Z,Atlanta Dream,Washington Mystics
2026-06-06,2026-06-06T21:57:38.650227+00:00,4398911,Shakira Austin,WSH,pr,UNDER,22.5,-109,0.5215311004784688,0.5647408285439435,0.7179389553215353,0.04320972806547463,0.08285168041912105,draftkings,DraftKings,2026-06-06T22:00:00Z,Atlanta Dream,Washington Mystics
2026-06-06,2026-06-06T21:57:38.650227+00:00,4433403,Caitlin Clark,IND,pr,UNDER,23.5,-114,0.5327102803738317,0.5691289971295114,0.6982499019905575,0.03641871675567965,0.06836495952381955,fanduel,FanDuel,2026-06-07T00:00:00Z,New York Liberty,Indiana Fever
2026-06-06,2026-06-06T21:57:38.650227+00:00,4433403,Caitlin Clark,IND,pr,UNDER,23.5,-117,0.5391705069124424,0.5741679738296277,0.6982499019905575,0.034997466917185305,0.06490983180366844,draftkings,DraftKings,2026-06-07T00:00:00Z,New York Liberty,Indiana Fever
2026-06-06,2026-06-06T21:57:38.650227+00:00,4433402,Angel Reese,ATL,pr,UNDER,24.5,-106,0.5145631067961165,0.5449178648592886,0.6525392798105352,0.030354758063172116,0.058991322273711844,draftkings,DraftKings,2026-06-06T22:00:00Z,Atlanta Dream,Washington Mystics
2026-06-06,2026-06-06T21:57:38.650227+00:00,4898384,Kiki Iriafen,WSH,pr,OVER,21.5,-118,0.5412844036697247,0.5731978466365627,0.6863455080644429,0.03191344296683796,0.058958733616700565,fanduel,FanDuel,2026-06-06T22:00:00Z,Atlanta Dream,Washington Mystics
2026-06-06,2026-06-06T21:57:38.650227+00:00,4398674,Rhyne Howard,ATL,pr,OVER,20.5,-125,0.5555555555555556,0.5769723751414876,0.6529047354916102,0.021416819585932,0.03855027525467769,draftkings,DraftKings,2026-06-06T22:00:00Z,Atlanta Dream,Washington Mystics
2026-06-06,2026-06-06T21:57:38.650227+00:00,4433402,Angel Reese,ATL,pr,UNDER,24.5,-128,0.5614035087719298,0.581453378400423,0.6525392798105352,0.0200498696284932,0.03571383027575348,fanduel,FanDuel,2026-06-06T22:00:00Z,Atlanta Dream,Washington Mystics
2026-06-06,2026-06-06T21:57:38.650227+00:00,4898384,Kiki Iriafen,WSH,pr,OVER,22.5,-111,0.5260663507109005,0.5422932928854587,0.5998251787770743,0.016226942174558223,0.030845808998484547,draftkings,DraftKings,2026-06-06T22:00:00Z,Atlanta Dream,Washington Mystics
2026-06-06,2026-06-06T21:57:38.650227+00:00,4398674,Rhyne Howard,ATL,pr,OVER,21.5,-102,0.504950495049505,0.5188724957284203,0.5682323163173022,0.013922000678915358,0.027571020952361747,fanduel,FanDuel,2026-06-06T22:00:00Z,Atlanta Dream,Washington Mystics
2026-06-06,2026-06-06T21:57:38.650227+00:00,3142250,Jordin Canada,ATL,pr,OVER,14.5,-117,0.5391705069124424,0.5532424845183345,0.6031340414846789,0.014071977605892072,0.02609930889297929,draftkings,DraftKings,2026-06-06T22:00:00Z,Atlanta Dream,Washington Mystics
2026-06-06,2026-06-06T21:57:38.650227+00:00,4432831,Aliyah Boston,IND,pr,UNDER,22.5,-118,0.5412844036697247,0.5489717390351684,0.576226837149014,0.007687335365443637,0.014202026353107688,fanduel,FanDuel,2026-06-07T00:00:00Z,New York Liberty,Indiana Fever
2026-06-06,2026-06-06T21:57:38.650227+00:00,2998928,Breanna Stewart,NYL,pr,UNDER,27.5,-112,0.5283018867924528,0.5334286543036442,0.5516053754796862,0.0051267675111913436,0.009704238503326468,fanduel,FanDuel,2026-06-07T00:00:00Z,New York Liberty,Indiana Fever
2026-06-06,2026-06-06T21:57:38.650227+00:00,4038379,Marine Johannes,NYL,pra,UNDER,15.5,-104,0.5098039215686274,0.5441051930942892,0.7156151089981789,0.03430127152566176,0.06728326337725954,fanduel,FanDuel,2026-06-07T00:00:00Z,New York Liberty,Indiana Fever
2026-06-06,2026-06-06T21:57:38.650227+00:00,4038379,Marine Johannes,NYL,pra,UNDER,16.5,-127,0.5594713656387665,0.592275801315232,0.8063966494287648,0.032804435676465515,0.058634699988643124,draftkings,DraftKings,2026-06-07T00:00:00Z,New York Liberty,Indiana Fever
2026-06-06,2026-06-06T21:57:38.650227+00:00,2999101,Jonquel Jones,NYL,pra,UNDER,26.5,-122,0.5495495495495496,0.576143666535648,0.7510654818768039,0.02659411698609837,0.04839257353208076,fanduel,FanDuel,2026-06-07T00:00:00Z,New York Liberty,Indiana Fever
2026-06-06,2026-06-06T21:57:38.650227+00:00,4433403,Caitlin Clark,IND,pra,UNDER,31.5,-108,0.5192307692307693,0.5432860748725825,0.6759204278433282,0.02405530564181324,0.0463287367916404,fanduel,FanDuel,2026-06-07T00:00:00Z,New York Liberty,Indiana Fever
2026-06-06,2026-06-06T21:57:38.650227+00:00,4398911,Shakira Austin,WSH,pra,UNDER,25.5,-122,0.5495495495495496,0.5723242533177859,0.7292402634890207,0.022774703768236315,0.0414424937422006,fanduel,FanDuel,2026-06-06T22:00:00Z,Atlanta Dream,Washington Mystics
2026-06-06,2026-06-06T21:57:38.650227+00:00,4398911,Shakira Austin,WSH,pra,UNDER,25.5,-122,0.5495495495495496,0.5723242533177859,0.7292402634890207,0.022774703768236315,0.0414424937422006,draftkings,DraftKings,2026-06-06T22:00:00Z,Atlanta Dream,Washington Mystics
2026-06-06,2026-06-06T21:57:38.650227+00:00,4433524,Sonia Citron,WSH,pra,OVER,20.5,-118,0.5412844036697247,0.562545587444314,0.7040612860513886,0.0212611837745893,0.03927913612593609,fanduel,FanDuel,2026-06-06T22:00:00Z,Atlanta Dream,Washington Mystics
2026-06-06,2026-06-06T21:57:38.650227+00:00,2999101,Jonquel Jones,NYL,pra,UNDER,26.5,-130,0.5652173913043478,0.5863277636762667,0.7510654818768039,0.02111037237191893,0.037349120350318066,draftkings,DraftKings,2026-06-07T00:00:00Z,New York Liberty,Indiana Fever
2026-06-06,2026-06-06T21:57:38.650227+00:00,3142250,Jordin Canada,ATL,pra,OVER,21.5,-104,0.5098039215686274,0.5285162365567476,0.6265353573550848,0.018712314988120204,0.03670492555362037,betrivers,BetRivers,2026-06-06T22:00:00Z,Atlanta Dream,Washington Mystics
2026-06-06,2026-06-06T21:57:38.650227+00:00,4433403,Caitlin Clark,IND,pra,UNDER,31.5,-115,0.5348837209302325,0.5534604934772336,0.6759204278433282,0.018576772547001075,0.03473048780526278,draftkings,DraftKings,2026-06-07T00:00:00Z,New York Liberty,Indiana Fever
2026-06-06,2026-06-06T21:57:38.650227+00:00,3142250,Jordin Canada,ATL,pra,OVER,21.5,-110,0.5238095238095238,0.5376198780133303,0.6265353573550848,0.013810354203806496,0.026365221661812432,fanduel,FanDuel,2026-06-06T22:00:00Z,Atlanta Dream,Washington Mystics
2026-06-06,2026-06-06T21:57:38.650227+00:00,4704180,Georgia Amoore,WSH,pra,OVER,13.5,102,0.49504950495049505,0.5075077090181338,0.5612887474303543,0.012458204067638756,0.025165572216630294,fanduel,FanDuel,2026-06-06T22:00:00Z,Atlanta Dream,Washington Mystics
2026-06-06,2026-06-06T21:57:38.650227+00:00,4433402,Angel Reese,ATL,pra,UNDER,28.5,-120,0.5454545454545454,0.5579071570729525,0.6620668715857025,0.01245261161840705,0.022829787967079518,draftkings,DraftKings,2026-06-06T22:00:00Z,Atlanta Dream,Washington Mystics
2026-06-06,2026-06-06T21:57:38.650227+00:00,4433524,Sonia Citron,WSH,pra,OVER,20.5,-130,0.5652173913043478,0.5781020294068191,0.7040612860513886,0.012884638102471313,0.02279589818129535,draftkings,DraftKings,2026-06-06T22:00:00Z,Atlanta Dream,Washington Mystics
2026-06-06,2026-06-06T21:57:38.650227+00:00,3142250,Jordin Canada,ATL,pra,OVER,20.5,-127,0.5594713656387665,0.5717753300094015,0.6892510991097329,0.012303964370634968,0.02199212529239486,draftkings,DraftKings,2026-06-06T22:00:00Z,Atlanta Dream,Washington Mystics
2026-06-06,2026-06-06T21:57:38.650227+00:00,3058901,Allisha Gray,ATL,pra,UNDER,25.5,-108,0.5192307692307693,0.5266888778288923,0.5810793018793843,0.007458108598123014,0.014363764707496285,draftkings,DraftKings,2026-06-06T22:00:00Z,Atlanta Dream,Washington Mystics
2026-06-06,2026-06-06T21:57:38.650227+00:00,3058901,Allisha Gray,ATL,pra,UNDER,26.5,-122,0.5495495495495496,0.5574314978637045,0.6441388037514131,0.007881948314154896,0.014342561686413124,fanduel,FanDuel,2026-06-06T22:00:00Z,Atlanta Dream,Washington Mystics
2026-06-06,2026-06-06T21:57:38.650227+00:00,4433402,Angel Reese,ATL,pra,UNDER,27.5,-114,0.5327102803738317,0.5394195155277383,0.6037590473414152,0.006709235153906534,0.01259452914856124,fanduel,FanDuel,2026-06-06T22:00:00Z,Atlanta Dream,Washington Mystics
2026-06-06,2026-06-06T21:57:38.650227+00:00,2998928,Breanna Stewart,NYL,pra,UNDER,30.5,-108,0.5192307692307693,0.5235439503371693,0.5631082876409672,0.004313181106399999,0.008306867316029698,fanduel,FanDuel,2026-06-07T00:00:00Z,New York Liberty,Indiana Fever
2026-06-06,2026-06-06T21:57:38.650227+00:00,4432831,Aliyah Boston,IND,pra,UNDER,25.5,-118,0.5412844036697247,0.5456700371747415,0.6076295702252594,0.0043856335050167505,0.00810227206859021,fanduel,FanDuel,2026-06-07T00:00:00Z,New York Liberty,Indiana Fever
2026-06-06,2026-06-06T21:57:38.650227+00:00,4398674,Rhyne Howard,ATL,pra,OVER,24.5,-113,0.5305164319248826,0.5318791113728588,0.5688196035524862,0.0013626794479761895,0.002568590463884357,betrivers,BetRivers,2026-06-06T22:00:00Z,Atlanta Dream,Washington Mystics
2026-06-06,2026-06-06T21:57:38.650227+00:00,4898384,Kiki Iriafen,WSH,pra,OVER,23.5,-118,0.5412844036697247,0.5424343203467625,0.5891397597796658,0.0011499166770377878,0.0021244223355443292,fanduel,FanDuel,2026-06-06T22:00:00Z,Atlanta Dream,Washington Mystics
2026-06-06,2026-06-06T21:57:38.650227+00:00,4398915,Naz Hillmon,ATL,pts,UNDER,8.5,-104,0.5098039215686274,0.7207450031525369,0.9905444514500819,0.21094108158390945,0.4137690446453608,fanduel,FanDuel,2026-06-06T22:00:00Z,Atlanta Dream,Washington Mystics
2026-06-06,2026-06-06T21:57:38.650227+00:00,4398829,Lexie Hull,IND,pts,OVER,7.5,120,0.45454545454545453,0.6385763844243666,0.8079475209430369,0.18403092987891206,0.40486804573360646,betrivers,BetRivers,2026-06-07T00:00:00Z,New York Liberty,Indiana Fever
2026-06-06,2026-06-06T21:57:38.650227+00:00,4398829,Lexie Hull,IND,pts,OVER,6.5,105,0.4878048780487805,0.6804792144887057,0.9010649210860129,0.19267433643992526,0.39498238970184685,williamhill_us,Caesars,2026-06-07T00:00:00Z,New York Liberty,Indiana Fever
2026-06-06,2026-06-06T21:57:38.650227+00:00,4398915,Naz Hillmon,ATL,pts,UNDER,8.5,-107,0.5169082125603864,0.7207450031525369,0.9905444514500819,0.20383679059215043,0.3943384640427582,draftkings,DraftKings,2026-06-06T22:00:00Z,Atlanta Dream,Washington Mystics
2026-06-06,2026-06-06T21:57:38.650227+00:00,4398915,Naz Hillmon,ATL,pts,UNDER,8.5,-109,0.5215311004784688,0.7207450031525369,0.9905444514500819,0.19921390267406802,0.381978950998901,williamhill_us,Caesars,2026-06-06T22:00:00Z,Atlanta Dream,Washington Mystics
2026-06-06,2026-06-06T21:57:38.650227+00:00,4398829,Lexie Hull,IND,pts,OVER,6.5,100,0.5,0.6804792144887057,0.9010649210860129,0.18047921448870574,0.3609584289774115,draftkings,DraftKings,2026-06-07T00:00:00Z,New York Liberty,Indiana Fever
2026-06-06,2026-06-06T21:57:38.650227+00:00,4038379,Marine Johannes,NYL,pts,UNDER,10.5,-123,0.5515695067264574,0.7248574101297114,0.9996831336215808,0.17328790340325395,0.31417237771484263,draftkings,DraftKings,2026-06-07T00:00:00Z,New York Liberty,Indiana Fever
2026-06-06,2026-06-06T21:57:38.650227+00:00,4038379,Marine Johannes,NYL,pts,UNDER,10.5,-125,0.5555555555555556,0.7248574101297114,0.9996831336215808,0.1693018545741558,0.30474333823348054,fanduel,FanDuel,2026-06-07T00:00:00Z,New York Liberty,Indiana Fever
2026-06-06,2026-06-06T21:57:38.650227+00:00,4038379,Marine Johannes,NYL,pts,UNDER,10.5,-128,0.5614035087719298,0.7248574101297114,0.9996831336215808,0.1634539013577816,0.29115226179354836,williamhill_us,Caesars,2026-06-07T00:00:00Z,New York Liberty,Indiana Fever
2026-06-06,2026-06-06T21:57:38.650227+00:00,4683006,Leonie Fiebich,NYL,pts,UNDER,8.5,-114,0.5327102803738317,0.6671582788708826,0.8714628419352947,0.1344479984970509,0.2523848392839375,fanduel,FanDuel,2026-06-07T00:00:00Z,New York Liberty,Indiana Fever
2026-06-06,2026-06-06T21:57:38.650227+00:00,4683006,Leonie Fiebich,NYL,pts,UNDER,8.5,-115,0.5348837209302325,0.6671582788708826,0.8714628419352947,0.13227455794065013,0.2472959126716502,williamhill_us,Caesars,2026-06-07T00:00:00Z,New York Liberty,Indiana Fever
2026-06-06,2026-06-06T21:57:38.650227+00:00,4398829,Lexie Hull,IND,pts,OVER,6.5,-122,0.5495495495495496,0.6804792144887057,0.9010649210860129,0.13092966493915614,0.2382490624302679,betrivers,BetRivers,2026-06-07T00:00:00Z,New York Liberty,Indiana Fever
2026-06-06,2026-06-06T21:57:38.650227+00:00,4704180,Georgia Amoore,WSH,pts,OVER,6.5,-108,0.5192307692307693,0.6290395032312516,0.7867544516250035,0.1098087340004823,0.21148348770463266,williamhill_us,Caesars,2026-06-06T22:00:00Z,Atlanta Dream,Washington Mystics
2026-06-06,2026-06-06T21:57:38.650227+00:00,4433524,Sonia Citron,WSH,pts,OVER,14.5,-105,0.5121951219512195,0.6187581485869729,0.7639069968599397,0.10656302663575334,0.2080516234317089,draftkings,DraftKings,2026-06-06T22:00:00Z,Atlanta Dream,Washington Mystics
2026-06-06,2026-06-06T21:57:38.650227+00:00,4704180,Georgia Amoore,WSH,pts,OVER,6.5,-109,0.5215311004784688,0.6290395032312516,0.7867544516250035,0.10750840275278273,0.20613996491129893,draftkings,DraftKings,2026-06-06T22:00:00Z,Atlanta Dream,Washington Mystics
2026-06-06,2026-06-06T21:57:38.650227+00:00,4433524,Sonia Citron,WSH,pts,OVER,16.5,120,0.45454545454545453,0.5472594088422964,0.6050209085384364,0.09271395429684187,0.20397069945305202,betrivers,BetRivers,2026-06-06T22:00:00Z,Atlanta Dream,Washington Mystics
2026-06-06,2026-06-06T21:57:38.650227+00:00,4433524,Sonia Citron,WSH,pts,OVER,14.5,-112,0.5283018867924528,0.6187581485869729,0.7639069968599397,0.09045626179452004,0.17122078125391293,williamhill_us,Caesars,2026-06-06T22:00:00Z,Atlanta Dream,Washington Mystics
2026-06-06,2026-06-06T21:57:38.650227+00:00,4704180,Georgia Amoore,WSH,pts,OVER,7.5,110,0.47619047619047616,0.5534317306693612,0.6187371792652472,0.07724125447888508,0.16220663440565863,betrivers,BetRivers,2026-06-06T22:00:00Z,Atlanta Dream,Washington Mystics
2026-06-06,2026-06-06T21:57:38.650227+00:00,3907781,Sophie Cunningham,IND,pts,OVER,9.5,118,0.45871559633027525,0.5329474549077947,0.5732165664617661,0.07423185857751946,0.16182545169899243,betrivers,BetRivers,2026-06-07T00:00:00Z,New York Liberty,Indiana Fever
2026-06-06,2026-06-06T21:57:38.650227+00:00,4433524,Sonia Citron,WSH,pts,OVER,13.5,-128,0.5614035087719298,0.6474756058231947,0.8277235684959884,0.08607209705126495,0.15331592287256568,fanduel,FanDuel,2026-06-06T22:00:00Z,Atlanta Dream,Washington Mystics
2026-06-06,2026-06-06T21:57:38.650227+00:00,4683006,Leonie Fiebich,NYL,pts,UNDER,8.5,-138,0.5798319327731093,0.6671582788708826,0.8714628419352947,0.08732634609777334,0.1506063070381889,draftkings,DraftKings,2026-06-07T00:00:00Z,New York Liberty,Indiana Fever
2026-06-06,2026-06-06T21:57:38.650227+00:00,3907781,Sophie Cunningham,IND,pts,OVER,8.5,-110,0.5238095238095238,0.599507291777502,0.7211273150611154,0.07569776796797811,0.1445139206661401,fanduel,FanDuel,2026-06-07T00:00:00Z,New York Liberty,Indiana Fever
2026-06-06,2026-06-06T21:57:38.650227+00:00,4898384,Kiki Iriafen,WSH,pts,OVER,12.5,-114,0.5327102803738317,0.6031552835167309,0.7292339633705132,0.07044500314289914,0.13223886554895092,fanduel,FanDuel,2026-06-06T22:00:00Z,Atlanta Dream,Washington Mystics
2026-06-06,2026-06-06T21:57:38.650227+00:00,4704180,Georgia Amoore,WSH,pts,OVER,7.5,104,0.49019607843137253,0.5534317306693612,0.6187371792652472,0.06323565223798872,0.129000730565497,fanduel,FanDuel,2026-06-06T22:00:00Z,Atlanta Dream,Washington Mystics
2026-06-06,2026-06-06T21:57:38.650227+00:00,4433524,Sonia Citron,WSH,pts,OVER,15.5,-108,0.5192307692307693,0.5849908726104249,0.6888686058009443,0.06576010337965565,0.12664908799044805,betrivers,BetRivers,2026-06-06T22:00:00Z,Atlanta Dream,Washington Mystics
2026-06-06,2026-06-06T21:57:38.650227+00:00,4898384,Kiki Iriafen,WSH,pts,OVER,14.5,117,0.4608294930875576,0.5122300270415752,0.5271778378701669,0.05140053395401756,0.11153915868021802,betrivers,BetRivers,2026-06-06T22:00:00Z,Atlanta Dream,Washington Mystics
2026-06-06,2026-06-06T21:57:38.650227+00:00,4898384,Kiki Iriafen,WSH,pts,OVER,13.5,-103,0.5073891625615764,0.5597700272592657,0.6328222827983683,0.05238086469768932,0.10323607314204797,draftkings,DraftKings,2026-06-06T22:00:00Z,Atlanta Dream,Washington Mystics
2026-06-06,2026-06-06T21:57:38.650227+00:00,3907781,Sophie Cunningham,IND,pts,OVER,8.5,-120,0.5454545454545454,0.599507291777502,0.7211273150611154,0.054052746322956535,0.09909670159208694,betrivers,BetRivers,2026-06-07T00:00:00Z,New York Liberty,Indiana Fever
2026-06-06,2026-06-06T21:57:38.650227+00:00,3907781,Sophie Cunningham,IND,pts,OVER,8.5,-121,0.5475113122171946,0.599507291777502,0.7211273150611154,0.051995979560307326,0.09496786349444575,williamhill_us,Caesars,2026-06-07T00:00:00Z,New York Liberty,Indiana Fever
2026-06-06,2026-06-06T21:57:38.650227+00:00,2999101,Jonquel Jones,NYL,pts,UNDER,14.5,-120,0.5454545454545454,0.5968533200135465,0.7152296000301033,0.051398774559001104,0.09423108669150199,fanduel,FanDuel,2026-06-07T00:00:00Z,New York Liberty,Indiana Fever
2026-06-06,2026-06-06T21:57:38.650227+00:00,2999101,Jonquel Jones,NYL,pts,UNDER,14.5,-121,0.5475113122171946,0.5968533200135465,0.7152296000301033,0.049342007796351894,0.09012052663631226,williamhill_us,Caesars,2026-06-07T00:00:00Z,New York Liberty,Indiana Fever
2026-06-06,2026-06-06T21:57:38.650227+00:00,4704180,Georgia Amoore,WSH,pts,OVER,6.5,-137,0.5780590717299579,0.6290395032312516,0.7867544516250035,0.05098043150129372,0.08819242529785853,betrivers,BetRivers,2026-06-06T22:00:00Z,Atlanta Dream,Washington Mystics
2026-06-06,2026-06-06T21:57:38.650227+00:00,2999101,Jonquel Jones,NYL,pts,UNDER,13.5,-102,0.504950495049505,0.5450514620398943,0.600114360088654,0.04010096699038934,0.07941564051037886,draftkings,DraftKings,2026-06-07T00:00:00Z,New York Liberty,Indiana Fever
2026-06-06,2026-06-06T21:57:38.650227+00:00,2998928,Breanna Stewart,NYL,pts,UNDER,19.5,-114,0.5327102803738317,0.57476665066191,0.6661481125820223,0.04205637028807829,0.07894792317235733,fanduel,FanDuel,2026-06-07T00:00:00Z,New York Liberty,Indiana Fever
2026-06-06,2026-06-06T21:57:38.650227+00:00,3142250,Jordin Canada,ATL,pts,UNDER,11.5,-118,0.5412844036697247,0.5751894766863385,0.667087725969641,0.03390507301661372,0.06263818574255747,fanduel,FanDuel,2026-06-06T22:00:00Z,Atlanta Dream,Washington Mystics
2026-06-06,2026-06-06T21:57:38.650227+00:00,3907781,Sophie Cunningham,IND,pts,OVER,8.5,-130,0.5652173913043478,0.599507291777502,0.7211273150611154,0.03428990047315417,0.060666746990965026,draftkings,DraftKings,2026-06-07T00:00:00Z,New York Liberty,Indiana Fever
2026-06-06,2026-06-06T21:57:38.650227+00:00,4898384,Kiki Iriafen,WSH,pts,OVER,12.5,-132,0.5689655172413793,0.6031552835167309,0.7292339633705132,0.03418976627535153,0.06009110436273912,williamhill_us,Caesars,2026-06-06T22:00:00Z,Atlanta Dream,Washington Mystics
2026-06-06,2026-06-06T21:57:38.650227+00:00,3142250,Jordin Canada,ATL,pts,UNDER,11.5,-120,0.5454545454545454,0.5751894766863385,0.667087725969641,0.02973493123179305,0.054514040591620516,williamhill_us,Caesars,2026-06-06T22:00:00Z,Atlanta Dream,Washington Mystics
2026-06-06,2026-06-06T21:57:38.650227+00:00,4433524,Sonia Citron,WSH,pts,OVER,14.5,-143,0.588477366255144,0.6187581485869729,0.7639069968599397,0.030280782331828848,0.05145615459184899,betrivers,BetRivers,2026-06-06T22:00:00Z,Atlanta Dream,Washington Mystics
2026-06-06,2026-06-06T21:57:38.650227+00:00,2998928,Breanna Stewart,NYL,pts,UNDER,19.5,-121,0.5475113122171946,0.57476665066191,0.6661481125820223,0.027255338444715393,0.04978041153952162,williamhill_us,Caesars,2026-06-07T00:00:00Z,New York Liberty,Indiana Fever
2026-06-06,2026-06-06T21:57:38.650227+00:00,4898384,Kiki Iriafen,WSH,pts,OVER,13.5,-115,0.5348837209302325,0.5597700272592657,0.6328222827983683,0.024886306329033214,0.04652657270210547,betrivers,BetRivers,2026-06-06T22:00:00Z,Atlanta Dream,Washington Mystics
2026-06-06,2026-06-06T21:57:38.650227+00:00,2998928,Breanna Stewart,NYL,pts,UNDER,18.5,-107,0.5169082125603864,0.5360464984187985,0.5801033298195521,0.01913828585841204,0.037024534324217595,draftkings,DraftKings,2026-06-07T00:00:00Z,New York Liberty,Indiana Fever
2026-06-06,2026-06-06T21:57:38.650227+00:00,4398911,Shakira Austin,WSH,pts,UNDER,14.5,-102,0.504950495049505,0.5225881135602453,0.550195807911656,0.017637618510740305,0.03492940136440725,draftkings,DraftKings,2026-06-06T22:00:00Z,Atlanta Dream,Washington Mystics
2026-06-06,2026-06-06T21:57:38.650227+00:00,4432831,Aliyah Boston,IND,pts,UNDER,14.5,-117,0.5391705069124424,0.5529710709836114,0.617713491074692,0.01380056407116903,0.025595917978151084,williamhill_us,Caesars,2026-06-07T00:00:00Z,New York Liberty,Indiana Fever
2026-06-06,2026-06-06T21:57:38.650227+00:00,4432831,Aliyah Boston,IND,pts,UNDER,14.5,-118,0.5412844036697247,0.5529710709836114,0.617713491074692,0.011686667313886678,0.021590622664638015,fanduel,FanDuel,2026-06-07T00:00:00Z,New York Liberty,Indiana Fever
2026-06-06,2026-06-06T21:57:38.650227+00:00,3142250,Jordin Canada,ATL,pts,UNDER,11.5,-129,0.5633187772925764,0.5751894766863385,0.667087725969641,0.011870699393762063,0.02107279194706596,draftkings,DraftKings,2026-06-06T22:00:00Z,Atlanta Dream,Washington Mystics
2026-06-06,2026-06-06T21:57:38.650227+00:00,4433403,Caitlin Clark,IND,pts,UNDER,19.5,-120,0.5454545454545454,0.5561647579314395,0.6248105731809768,0.010710212476894077,0.019635389540972437,fanduel,FanDuel,2026-06-07T00:00:00Z,New York Liberty,Indiana Fever
2026-06-06,2026-06-06T21:57:38.650227+00:00,4433403,Caitlin Clark,IND,pts,UNDER,19.5,-122,0.5495495495495496,0.5561647579314395,0.6248105731809768,0.006615208381889892,0.01203751033425876,williamhill_us,Caesars,2026-06-07T00:00:00Z,New York Liberty,Indiana Fever
2026-06-06,2026-06-06T21:57:38.650227+00:00,3142191,Kelsey Mitchell,IND,pts,OVER,19.5,104,0.49019607843137253,0.4959096392335277,0.4909103094078394,0.005713560802155182,0.011655664036396507,betrivers,BetRivers,2026-06-07T00:00:00Z,New York Liberty,Indiana Fever
2026-06-06,2026-06-06T21:57:38.650227+00:00,4398911,Shakira Austin,WSH,pts,UNDER,14.5,-107,0.5169082125603864,0.5225881135602453,0.550195807911656,0.005679900999858822,0.010988219691315582,williamhill_us,Caesars,2026-06-06T22:00:00Z,Atlanta Dream,Washington Mystics
2026-06-06,2026-06-06T21:57:38.650227+00:00,4433402,Angel Reese,ATL,pts,OVER,12.5,-122,0.5495495495495496,0.552237958452012,0.6160843521155821,0.002688408902462358,0.0048920227569397845,williamhill_us,Caesars,2026-06-06T22:00:00Z,Atlanta Dream,Washington Mystics
2026-06-06,2026-06-06T21:57:38.650227+00:00,4433403,Caitlin Clark,IND,pts,UNDER,19.5,-124,0.5535714285714286,0.5561647579314395,0.6248105731809768,0.0025933293600108875,0.004684724005180996,draftkings,DraftKings,2026-06-07T00:00:00Z,New York Liberty,Indiana Fever
2026-06-06,2026-06-06T21:57:38.650227+00:00,4398674,Rhyne Howard,ATL,pts,OVER,17.5,102,0.49504950495049505,0.4961499032145301,0.4914442293656225,0.001100398264035074,0.002222804493350883,betrivers,BetRivers,2026-06-06T22:00:00Z,Atlanta Dream,Washington Mystics
2026-06-06,2026-06-06T21:57:38.650227+00:00,3142250,Jordin Canada,ATL,ra,OVER,9.5,-111,0.5260663507109005,0.6150374453221346,0.930480417125601,0.08897109461123409,0.16912523390063416,draftkings,DraftKings,2026-06-06T22:00:00Z,Atlanta Dream,Washington Mystics
2026-06-06,2026-06-06T21:57:38.650227+00:00,4038379,Marine Johannes,NYL,ra,OVER,5.5,-114,0.5327102803738317,0.6213009632683834,0.9353952026217938,0.08859068289455163,0.16630180824064944,fanduel,FanDuel,2026-06-07T00:00:00Z,New York Liberty,Indiana Fever
2026-06-06,2026-06-06T21:57:38.650227+00:00,3142250,Jordin Canada,ATL,ra,OVER,9.5,-128,0.5614035087719298,0.6426004286097374,0.930480417125601,0.08119691983780764,0.14463201346109478,fanduel,FanDuel,2026-06-06T22:00:00Z,Atlanta Dream,Washington Mystics
2026-06-06,2026-06-06T21:57:38.650227+00:00,4433402,Angel Reese,ATL,ra,UNDER,14.5,-105,0.5121951219512195,0.5765976416982496,0.8049338480740833,0.06440251974703004,0.12573825283943962,draftkings,DraftKings,2026-06-06T22:00:00Z,Atlanta Dream,Washington Mystics
2026-06-06,2026-06-06T21:57:38.650227+00:00,2999101,Jonquel Jones,NYL,ra,UNDER,11.5,100,0.5,0.5580135816543186,0.7636980984287208,0.05801358165431858,0.11602716330863716,draftkings,DraftKings,2026-06-07T00:00:00Z,New York Liberty,Indiana Fever
2026-06-06,2026-06-06T21:57:38.650227+00:00,4398911,Shakira Austin,WSH,ra,UNDER,10.5,-146,0.5934959349593496,0.662197344117101,0.9057750674945828,0.06870140915775136,0.11575716885484133,draftkings,DraftKings,2026-06-06T22:00:00Z,Atlanta Dream,Washington Mystics
2026-06-06,2026-06-06T21:57:38.650227+00:00,4433403,Caitlin Clark,IND,ra,UNDER,12.5,-136,0.576271186440678,0.6403269123637195,0.8674335769999577,0.06405572592304154,0.11115552439586629,fanduel,FanDuel,2026-06-07T00:00:00Z,New York Liberty,Indiana Fever
2026-06-06,2026-06-06T21:57:38.650227+00:00,2999101,Jonquel Jones,NYL,ra,UNDER,11.5,-106,0.5145631067961165,0.5693728049552894,0.7636980984287208,0.054809698159172915,0.10651696057348703,fanduel,FanDuel,2026-06-07T00:00:00Z,New York Liberty,Indiana Fever
2026-06-06,2026-06-06T21:57:38.650227+00:00,4433403,Caitlin Clark,IND,ra,UNDER,12.5,-141,0.5850622406639004,0.6471839346578331,0.8674335769999577,0.062121693993932636,0.10617963299672178,draftkings,DraftKings,2026-06-07T00:00:00Z,New York Liberty,Indiana Fever
2026-06-06,2026-06-06T21:57:38.650227+00:00,4433402,Angel Reese,ATL,ra,UNDER,14.5,-125,0.5555555555555556,0.6104187799096317,0.8049338480740833,0.05486322435407609,0.098753803837337,fanduel,FanDuel,2026-06-06T22:00:00Z,Atlanta Dream,Washington Mystics
2026-06-06,2026-06-06T21:57:38.650227+00:00,4398674,Rhyne Howard,ATL,ra,OVER,7.5,106,0.4854368932038835,0.5265576258066024,0.6723493141253329,0.04112073260271887,0.08470870916160089,fanduel,FanDuel,2026-06-06T22:00:00Z,Atlanta Dream,Washington Mystics
2026-06-06,2026-06-06T21:57:38.650227+00:00,4398674,Rhyne Howard,ATL,ra,OVER,7.5,-101,0.5024875621890548,0.539857147615036,0.6723493141253329,0.03736958542598123,0.07436917495665585,draftkings,DraftKings,2026-06-06T22:00:00Z,Atlanta Dream,Washington Mystics
2026-06-06,2026-06-06T21:57:38.650227+00:00,2998928,Breanna Stewart,NYL,ra,OVER,10.5,-126,0.5575221238938053,0.5859350032559627,0.6866715755399755,0.028412879362157417,0.05096278361783785,draftkings,DraftKings,2026-06-07T00:00:00Z,New York Liberty,Indiana Fever
2026-06-06,2026-06-06T21:57:38.650227+00:00,4433524,Sonia Citron,WSH,ra,UNDER,6.5,-123,0.5515695067264574,0.5708698441888563,0.6392983133737252,0.019300337462398898,0.03499166873264198,draftkings,DraftKings,2026-06-06T22:00:00Z,Atlanta Dream,Washington Mystics
2026-06-06,2026-06-06T21:57:38.650227+00:00,4898384,Kiki Iriafen,WSH,ra,UNDER,10.5,102,0.49504950495049505,0.5087123852991439,0.5571535065352625,0.01366288034864882,0.027599018304270584,draftkings,DraftKings,2026-06-06T22:00:00Z,Atlanta Dream,Washington Mystics
2026-06-06,2026-06-06T21:57:38.650227+00:00,2998928,Breanna Stewart,NYL,ra,OVER,11.5,108,0.4807692307692308,0.4928312172900811,0.5355964422276414,0.012061986520850332,0.0250889319633687,fanduel,FanDuel,2026-06-07T00:00:00Z,New York Liberty,Indiana Fever
2026-06-06,2026-06-06T21:57:38.650227+00:00,4704180,Georgia Amoore,WSH,ra,OVER,5.5,-140,0.5833333333333334,0.5894149821633569,0.610977191651622,0.0060816488300234894,0.010425683708611744,fanduel,FanDuel,2026-06-06T22:00:00Z,Atlanta Dream,Washington Mystics
2026-06-06,2026-06-06T21:57:38.650227+00:00,3142250,Jordin Canada,ATL,reb,OVER,3.5,116,0.46296296296296297,0.5239845337796611,0.8697734350742845,0.06102157081669818,0.13180659296406805,draftkings,DraftKings,2026-06-06T22:00:00Z,Atlanta Dream,Washington Mystics
2026-06-06,2026-06-06T21:57:38.650227+00:00,4398915,Naz Hillmon,ATL,reb,UNDER,5.5,-108,0.5192307692307693,0.5811063470331799,0.9317346212468399,0.0618755778024106,0.11916777947130941,draftkings,DraftKings,2026-06-06T22:00:00Z,Atlanta Dream,Washington Mystics
2026-06-06,2026-06-06T21:57:38.650227+00:00,4398915,Naz Hillmon,ATL,reb,UNDER,5.5,-112,0.5283018867924528,0.5888167969606108,0.9317346212468399,0.06051491016815802,0.11454607996115629,williamhill_us,Caesars,2026-06-06T22:00:00Z,Atlanta Dream,Washington Mystics
2026-06-06,2026-06-06T21:57:38.650227+00:00,4398674,Rhyne Howard,ATL,reb,OVER,3.5,102,0.49504950495049505,0.55125605661144,0.8697598493567942,0.0562065516609449,0.11353723435510865,betrivers,BetRivers,2026-06-06T22:00:00Z,Atlanta Dream,Washington Mystics
2026-06-06,2026-06-06T21:57:38.650227+00:00,4398915,Naz Hillmon,ATL,reb,UNDER,5.5,-114,0.5327102803738317,0.5925639315047829,0.9317346212468399,0.0598536511309512,0.11235685387739947,fanduel,FanDuel,2026-06-06T22:00:00Z,Atlanta Dream,Washington Mystics
2026-06-06,2026-06-06T21:57:38.650227+00:00,3142250,Jordin Canada,ATL,reb,OVER,3.5,100,0.5,0.5554660152611427,0.8697734350742845,0.0554660152611427,0.1109320305222854,williamhill_us,Caesars,2026-06-06T22:00:00Z,Atlanta Dream,Washington Mystics
2026-06-06,2026-06-06T21:57:38.650227+00:00,4398674,Rhyne Howard,ATL,reb,OVER,3.5,100,0.5,0.5554639774035192,0.8697598493567942,0.05546397740351916,0.11092795480703832,draftkings,DraftKings,2026-06-06T22:00:00Z,Atlanta Dream,Washington Mystics
2026-06-06,2026-06-06T21:57:38.650227+00:00,4398674,Rhyne Howard,ATL,reb,OVER,3.5,-102,0.504950495049505,0.5596718981955984,0.8697598493567942,0.05472140314609342,0.10836983760304775,williamhill_us,Caesars,2026-06-06T22:00:00Z,Atlanta Dream,Washington Mystics
2026-06-06,2026-06-06T21:57:38.650227+00:00,3142250,Jordin Canada,ATL,reb,OVER,3.5,-104,0.5098039215686274,0.563799348594476,0.8697734350742845,0.053995427025848586,0.1059141068583952,fanduel,FanDuel,2026-06-06T22:00:00Z,Atlanta Dream,Washington Mystics
2026-06-06,2026-06-06T21:57:38.650227+00:00,3142250,Jordin Canada,ATL,reb,OVER,3.5,-104,0.5098039215686274,0.563799348594476,0.8697734350742845,0.053995427025848586,0.1059141068583952,betrivers,BetRivers,2026-06-06T22:00:00Z,Atlanta Dream,Washington Mystics
2026-06-06,2026-06-06T21:57:38.650227+00:00,4398674,Rhyne Howard,ATL,reb,OVER,3.5,-104,0.5098039215686274,0.5637973107368525,0.8697598493567942,0.05399338916822505,0.10591010952228752,fanduel,FanDuel,2026-06-06T22:00:00Z,Atlanta Dream,Washington Mystics
2026-06-06,2026-06-06T21:57:38.650227+00:00,4398829,Lexie Hull,IND,reb,OVER,3.5,-106,0.5145631067961165,0.5671602148785735,0.8652104940124967,0.05259710808245699,0.10221702136779376,draftkings,DraftKings,2026-06-07T00:00:00Z,New York Liberty,Indiana Fever
2026-06-06,2026-06-06T21:57:38.650227+00:00,4038379,Marine Johannes,NYL,reb,OVER,2.5,140,0.4166666666666667,0.4572048875044506,0.6869214722518928,0.04053822083778391,0.09729173001068137,fanduel,FanDuel,2026-06-07T00:00:00Z,New York Liberty,Indiana Fever
2026-06-06,2026-06-06T21:57:38.650227+00:00,4398829,Lexie Hull,IND,reb,OVER,3.5,-111,0.5260663507109005,0.5769379722061398,0.8652104940124967,0.05087162149523938,0.09670191113059012,williamhill_us,Caesars,2026-06-07T00:00:00Z,New York Liberty,Indiana Fever
2026-06-06,2026-06-06T21:57:38.650227+00:00,4398829,Lexie Hull,IND,reb,OVER,3.5,-114,0.5327102803738317,0.5825853124196315,0.8652104940124967,0.049875032045799794,0.09362506015615035,fanduel,FanDuel,2026-06-07T00:00:00Z,New York Liberty,Indiana Fever
2026-06-06,2026-06-06T21:57:38.650227+00:00,4398911,Shakira Austin,WSH,reb,UNDER,7.5,102,0.49504950495049505,0.53978974052867,0.7933177421383283,0.04474023557817497,0.09037527586791338,fanduel,FanDuel,2026-06-06T22:00:00Z,Atlanta Dream,Washington Mystics
2026-06-06,2026-06-06T21:57:38.650227+00:00,4433403,Caitlin Clark,IND,reb,UNDER,4.5,-138,0.5798319327731093,0.6321494371347174,0.9286152951838298,0.05231750436160809,0.0902287394062517,williamhill_us,Caesars,2026-06-07T00:00:00Z,New York Liberty,Indiana Fever
2026-06-06,2026-06-06T21:57:38.650227+00:00,4398911,Shakira Austin,WSH,reb,UNDER,7.5,-105,0.5121951219512195,0.5543635149792858,0.7933177421383283,0.0421683930280663,0.08232876734051042,williamhill_us,Caesars,2026-06-06T22:00:00Z,Atlanta Dream,Washington Mystics
2026-06-06,2026-06-06T21:57:38.650227+00:00,4433403,Caitlin Clark,IND,reb,UNDER,3.5,128,0.43859649122807015,0.47469199565110676,0.6792331873816477,0.036095504423036606,0.08229775008452345,fanduel,FanDuel,2026-06-07T00:00:00Z,New York Liberty,Indiana Fever
2026-06-06,2026-06-06T21:57:38.650227+00:00,4433403,Caitlin Clark,IND,reb,UNDER,4.5,-153,0.6047430830039525,0.6533239148309341,0.9286152951838298,0.048580831826981585,0.08033300949167538,draftkings,DraftKings,2026-06-07T00:00:00Z,New York Liberty,Indiana Fever
2026-06-06,2026-06-06T21:57:38.650227+00:00,4398911,Shakira Austin,WSH,reb,UNDER,7.5,-110,0.5238095238095238,0.5642357565588445,0.7933177421383283,0.04042623274932067,0.07717735343052134,draftkings,DraftKings,2026-06-06T22:00:00Z,Atlanta Dream,Washington Mystics
2026-06-06,2026-06-06T21:57:38.650227+00:00,4433524,Sonia Citron,WSH,reb,OVER,3.5,122,0.45045045045045046,0.48477638374411275,0.6792900057415323,0.03432593329366229,0.07620357191193039,fanduel,FanDuel,2026-06-06T22:00:00Z,Atlanta Dream,Washington Mystics
2026-06-06,2026-06-06T21:57:38.650227+00:00,4398829,Lexie Hull,IND,reb,OVER,3.5,-139,0.5815899581589958,0.624133038537021,0.8652104940124967,0.04254308037802512,0.07314961302408635,betrivers,BetRivers,2026-06-07T00:00:00Z,New York Liberty,Indiana Fever
2026-06-06,2026-06-06T21:57:38.650227+00:00,4433402,Angel Reese,ATL,reb,UNDER,11.5,-123,0.5515695067264574,0.5911399346676791,0.8153723596679354,0.039570427941221675,0.07174150756823122,draftkings,DraftKings,2026-06-06T22:00:00Z,Atlanta Dream,Washington Mystics
2026-06-06,2026-06-06T21:57:38.650227+00:00,4433524,Sonia Citron,WSH,reb,OVER,3.5,112,0.4716981132075472,0.5028368970876449,0.6792900057415323,0.03113878388009772,0.06601422182580718,williamhill_us,Caesars,2026-06-06T22:00:00Z,Atlanta Dream,Washington Mystics
2026-06-06,2026-06-06T21:57:38.650227+00:00,4433524,Sonia Citron,WSH,reb,OVER,3.5,111,0.47393364928909953,0.5047371027569645,0.6792900057415323,0.03080345346786495,0.06499528681719513,draftkings,DraftKings,2026-06-06T22:00:00Z,Atlanta Dream,Washington Mystics
2026-06-06,2026-06-06T21:57:38.650227+00:00,2999101,Jonquel Jones,NYL,reb,UNDER,9.5,-146,0.5934959349593496,0.6317381030351688,0.8484437221314772,0.03824216807581915,0.06443543388117473,draftkings,DraftKings,2026-06-07T00:00:00Z,New York Liberty,Indiana Fever
2026-06-06,2026-06-06T21:57:38.650227+00:00,4433402,Angel Reese,ATL,reb,UNDER,11.5,-134,0.5726495726495726,0.609057990702327,0.8153723596679354,0.03640841805275441,0.06357887928615319,williamhill_us,Caesars,2026-06-06T22:00:00Z,Atlanta Dream,Washington Mystics
2026-06-06,2026-06-06T21:57:38.650227+00:00,2999101,Jonquel Jones,NYL,reb,UNDER,8.5,105,0.4878048780487805,0.5183709924769635,0.6915789742366674,0.030566114428183022,0.0626605345777752,williamhill_us,Caesars,2026-06-07T00:00:00Z,New York Liberty,Indiana Fever
2026-06-06,2026-06-06T21:57:38.650227+00:00,4038379,Marine Johannes,NYL,reb,OVER,2.5,105,0.4878048780487805,0.5176723671792474,0.6869214722518928,0.029867489130466884,0.06122835271745708,draftkings,DraftKings,2026-06-07T00:00:00Z,New York Liberty,Indiana Fever
2026-06-06,2026-06-06T21:57:38.650227+00:00,2998928,Breanna Stewart,NYL,reb,OVER,7.5,-124,0.5535714285714286,0.5867671638279329,0.7748763302814574,0.03319573525650432,0.05996648949562072,williamhill_us,Caesars,2026-06-07T00:00:00Z,New York Liberty,Indiana Fever
2026-06-06,2026-06-06T21:57:38.650227+00:00,2999101,Jonquel Jones,NYL,reb,UNDER,8.5,102,0.49504950495049505,0.5245289253434209,0.6915789742366674,0.029479420392925837,0.05954842919371017,fanduel,FanDuel,2026-06-07T00:00:00Z,New York Liberty,Indiana Fever
2026-06-06,2026-06-06T21:57:38.650227+00:00,2998928,Breanna Stewart,NYL,reb,OVER,7.5,-125,0.5555555555555556,0.5884536717644409,0.7748763302814574,0.032898116208885275,0.059216609175993584,draftkings,DraftKings,2026-06-07T00:00:00Z,New York Liberty,Indiana Fever
2026-06-06,2026-06-06T21:57:38.650227+00:00,4433402,Angel Reese,ATL,reb,UNDER,11.5,-152,0.6031746031746031,0.635004266648603,0.8153723596679354,0.03182966347399985,0.052770231548999735,fanduel,FanDuel,2026-06-06T22:00:00Z,Atlanta Dream,Washington Mystics
2026-06-06,2026-06-06T21:57:38.650227+00:00,2998928,Breanna Stewart,NYL,reb,OVER,7.5,-136,0.576271186440678,0.6060619580167949,0.7748763302814574,0.02979077157611687,0.051695750676202856,fanduel,FanDuel,2026-06-07T00:00:00Z,New York Liberty,Indiana Fever
2026-06-06,2026-06-06T21:57:38.650227+00:00,2998928,Breanna Stewart,NYL,reb,OVER,7.5,-137,0.5780590717299579,0.6075816605126828,0.7748763302814574,0.029522588782724957,0.05107192366062646,betrivers,BetRivers,2026-06-07T00:00:00Z,New York Liberty,Indiana Fever
2026-06-06,2026-06-06T21:57:38.650227+00:00,3058901,Allisha Gray,ATL,reb,OVER,3.5,-160,0.6153846153846154,0.6408982567738674,0.7854755579796282,0.02551364138925194,0.04145966725753447,draftkings,DraftKings,2026-06-06T22:00:00Z,Atlanta Dream,Washington Mystics
2026-06-06,2026-06-06T21:57:38.650227+00:00,3058901,Allisha Gray,ATL,reb,OVER,3.5,-164,0.6212121212121212,0.6458516367272472,0.7854755579796282,0.024639515515125998,0.03966361034142235,williamhill_us,Caesars,2026-06-06T22:00:00Z,Atlanta Dream,Washington Mystics
2026-06-06,2026-06-06T21:57:38.650227+00:00,4432831,Aliyah Boston,IND,reb,OVER,7.5,-113,0.5305164319248826,0.5472292495199623,0.6419352158920808,0.0167128175950797,0.03150292166152191,draftkings,DraftKings,2026-06-07T00:00:00Z,New York Liberty,Indiana Fever
2026-06-06,2026-06-06T21:57:38.650227+00:00,4432831,Aliyah Boston,IND,reb,OVER,7.5,-120,0.5454545454545454,0.5599266460201757,0.6419352158920808,0.014472100565630308,0.026532184370322176,williamhill_us,Caesars,2026-06-07T00:00:00Z,New York Liberty,Indiana Fever
2026-06-06,2026-06-06T21:57:38.650227+00:00,4432831,Aliyah Boston,IND,reb,OVER,7.5,-127,0.5594713656387665,0.5718409431767637,0.6419352158920808,0.012369577537997167,0.022109402371065845,betrivers,BetRivers,2026-06-07T00:00:00Z,New York Liberty,Indiana Fever
2026-06-06,2026-06-06T21:57:38.650227+00:00,4432831,Aliyah Boston,IND,reb,OVER,7.5,-138,0.5798319327731093,0.589147425240955,0.6419352158920808,0.009315492467845687,0.0160658493286035,fanduel,FanDuel,2026-06-07T00:00:00Z,New York Liberty,Indiana Fever
2026-06-06,2026-06-06T21:57:38.650227+00:00,4898384,Kiki Iriafen,WSH,reb,UNDER,9.5,-141,0.5850622406639004,0.5900312342668355,0.618188864683467,0.004968993602935012,0.008493102541186848,williamhill_us,Caesars,2026-06-06T22:00:00Z,Atlanta Dream,Washington Mystics
2026-06-06,2026-06-06T21:57:38.650227+00:00,4898384,Kiki Iriafen,WSH,reb,UNDER,9.5,-146,0.5934959349593496,0.5971998744179672,0.618188864683467,0.003703939458617578,0.006240884293287119,fanduel,FanDuel,2026-06-06T22:00:00Z,Atlanta Dream,Washington Mystics
2026-06-06,2026-06-06T21:57:38.650227+00:00,3058901,Allisha Gray,ATL,reb,OVER,4.5,128,0.43859649122807015,0.44028166981725714,0.44983101515598334,0.0016851785891869864,0.003842207183346269,fanduel,FanDuel,2026-06-06T22:00:00Z,Atlanta Dream,Washington Mystics
2026-06-06,2026-06-06T21:57:38.650227+00:00,4398915,Naz Hillmon,ATL,threes,UNDER,0.5,178,0.3597122302158273,0.6617827059512342,0.6617827059512342,0.3020704757354069,0.8397559225444311,fanduel,FanDuel,2026-06-06T22:00:00Z,Atlanta Dream,Washington Mystics
2026-06-06,2026-06-06T21:57:38.650227+00:00,4038379,Marine Johannes,NYL,threes,UNDER,2.5,-118,0.5412844036697247,0.8763929918049607,0.8763929918049607,0.3351085881352359,0.6190989170634019,fanduel,FanDuel,2026-06-07T00:00:00Z,New York Liberty,Indiana Fever
2026-06-06,2026-06-06T21:57:38.650227+00:00,4038379,Marine Johannes,NYL,threes,UNDER,2.5,-125,0.5555555555555556,0.8763929918049607,0.8763929918049607,0.3208374362494051,0.5775073852489292,williamhill_us,Caesars,2026-06-07T00:00:00Z,New York Liberty,Indiana Fever
2026-06-06,2026-06-06T21:57:38.650227+00:00,4038379,Marine Johannes,NYL,threes,UNDER,2.5,-127,0.5594713656387665,0.8763929918049607,0.8763929918049607,0.3169216261661941,0.5664662136986305,draftkings,DraftKings,2026-06-07T00:00:00Z,New York Liberty,Indiana Fever
2026-06-06,2026-06-06T21:57:38.650227+00:00,3058901,Allisha Gray,ATL,threes,UNDER,1.5,132,0.43103448275862066,0.6380697766078745,0.6380697766078745,0.2070352938492538,0.4803218817302688,fanduel,FanDuel,2026-06-06T22:00:00Z,Atlanta Dream,Washington Mystics
2026-06-06,2026-06-06T21:57:38.650227+00:00,3058901,Allisha Gray,ATL,threes,UNDER,1.5,128,0.43859649122807015,0.6380697766078745,0.6380697766078745,0.1994732853798043,0.4547990906659538,williamhill_us,Caesars,2026-06-06T22:00:00Z,Atlanta Dream,Washington Mystics
2026-06-06,2026-06-06T21:57:38.650227+00:00,2998928,Breanna Stewart,NYL,threes,UNDER,0.5,157,0.38910505836575876,0.5635594610942205,0.5635594610942205,0.17445440272846174,0.4483478150121467,draftkings,DraftKings,2026-06-07T00:00:00Z,New York Liberty,Indiana Fever
2026-06-06,2026-06-06T21:57:38.650227+00:00,3058901,Allisha Gray,ATL,threes,UNDER,1.5,126,0.4424778761061947,0.6380697766078745,0.6380697766078745,0.19559190050167974,0.4420376951337963,draftkings,DraftKings,2026-06-06T22:00:00Z,Atlanta Dream,Washington Mystics
2026-06-06,2026-06-06T21:57:38.650227+00:00,3142191,Kelsey Mitchell,IND,threes,UNDER,2.5,-182,0.6453900709219859,0.9107507113802615,0.9107507113802615,0.2653606404582757,0.4111631901606251,fanduel,FanDuel,2026-06-07T00:00:00Z,New York Liberty,Indiana Fever
2026-06-06,2026-06-06T21:57:38.650227+00:00,3142191,Kelsey Mitchell,IND,threes,UNDER,2.5,-182,0.6453900709219859,0.9107507113802615,0.9107507113802615,0.2653606404582757,0.4111631901606251,williamhill_us,Caesars,2026-06-07T00:00:00Z,New York Liberty,Indiana Fever
2026-06-06,2026-06-06T21:57:38.650227+00:00,4683006,Leonie Fiebich,NYL,threes,UNDER,1.5,-170,0.6296296296296297,0.8757183673671977,0.8757183673671977,0.246088737737568,0.39084681875966687,draftkings,DraftKings,2026-06-07T00:00:00Z,New York Liberty,Indiana Fever
2026-06-06,2026-06-06T21:57:38.650227+00:00,3142191,Kelsey Mitchell,IND,threes,UNDER,2.5,-192,0.6575342465753424,0.9107507113802615,0.9107507113802615,0.2532164648049191,0.3851000402241478,draftkings,DraftKings,2026-06-07T00:00:00Z,New York Liberty,Indiana Fever
2026-06-06,2026-06-06T21:57:38.650227+00:00,4683006,Leonie Fiebich,NYL,threes,UNDER,1.5,-179,0.6415770609318996,0.8757183673671977,0.8757183673671977,0.23414130643529807,0.3649465055611628,williamhill_us,Caesars,2026-06-07T00:00:00Z,New York Liberty,Indiana Fever
2026-06-06,2026-06-06T21:57:38.650227+00:00,4683006,Leonie Fiebich,NYL,threes,UNDER,1.5,-180,0.6428571428571429,0.8757183673671977,0.8757183673671977,0.23286122451005475,0.36222857146008525,fanduel,FanDuel,2026-06-07T00:00:00Z,New York Liberty,Indiana Fever
2026-06-06,2026-06-06T21:57:38.650227+00:00,2999101,Jonquel Jones,NYL,threes,UNDER,1.5,-146,0.5934959349593496,0.7953142079459041,0.7953142079459041,0.20181827298655453,0.34004996681296173,draftkings,DraftKings,2026-06-07T00:00:00Z,New York Liberty,Indiana Fever
2026-06-06,2026-06-06T21:57:38.650227+00:00,2999101,Jonquel Jones,NYL,threes,UNDER,1.5,-150,0.6,0.7953142079459041,0.7953142079459041,0.19531420794590415,0.3255236799098402,williamhill_us,Caesars,2026-06-07T00:00:00Z,New York Liberty,Indiana Fever
2026-06-06,2026-06-06T21:57:38.650227+00:00,4282173,Michaela Onyenwere,WSH,threes,UNDER,1.5,-270,0.7297297297297297,0.9331927980409356,0.9331927980409356,0.20346306831120586,0.2788197602783191,fanduel,FanDuel,2026-06-06T22:00:00Z,Atlanta Dream,Washington Mystics
2026-06-06,2026-06-06T21:57:38.650227+00:00,4398674,Rhyne Howard,ATL,threes,OVER,2.5,-154,0.6062992125984252,0.7389137210949895,0.7389137210949895,0.1326145084965643,0.21872782570212562,draftkings,DraftKings,2026-06-06T22:00:00Z,Atlanta Dream,Washington Mystics
2026-06-06,2026-06-06T21:57:38.650227+00:00,4398674,Rhyne Howard,ATL,threes,OVER,2.5,-157,0.6108949416342413,0.7389137210949895,0.7389137210949895,0.12801877946074824,0.20955940332109751,betrivers,BetRivers,2026-06-06T22:00:00Z,Atlanta Dream,Washington Mystics
2026-06-06,2026-06-06T21:57:38.650227+00:00,4398674,Rhyne Howard,ATL,threes,OVER,2.5,-157,0.6108949416342413,0.7389137210949895,0.7389137210949895,0.12801877946074824,0.20955940332109751,williamhill_us,Caesars,2026-06-06T22:00:00Z,Atlanta Dream,Washington Mystics
2026-06-06,2026-06-06T21:57:38.650227+00:00,4398674,Rhyne Howard,ATL,threes,OVER,2.5,-162,0.6183206106870229,0.7389137210949895,0.7389137210949895,0.12059311040796661,0.19503330201782254,fanduel,FanDuel,2026-06-06T22:00:00Z,Atlanta Dream,Washington Mystics
2026-06-06,2026-06-06T21:57:38.650227+00:00,4433524,Sonia Citron,WSH,threes,UNDER,1.5,-197,0.6632996632996633,0.7733726582579102,0.7733726582579102,0.11007299495824696,0.1659476116883215,williamhill_us,Caesars,2026-06-06T22:00:00Z,Atlanta Dream,Washington Mystics
2026-06-06,2026-06-06T21:57:38.650227+00:00,4433524,Sonia Citron,WSH,threes,UNDER,1.5,-199,0.6655518394648829,0.7733726582579102,0.7733726582579102,0.1078208187930273,0.16200213476942288,draftkings,DraftKings,2026-06-06T22:00:00Z,Atlanta Dream,Washington Mystics
2026-06-06,2026-06-06T21:57:38.650227+00:00,4433524,Sonia Citron,WSH,threes,UNDER,1.5,-205,0.6721311475409836,0.7733726582579102,0.7733726582579102,0.10124151071692666,0.15062761350567133,fanduel,FanDuel,2026-06-06T22:00:00Z,Atlanta Dream,Washington Mystics
2026-06-06,2026-06-06T21:57:38.650227+00:00,4433403,Caitlin Clark,IND,threes,OVER,2.5,105,0.4878048780487805,0.5583024388427766,0.5583024388427766,0.07049756079399616,0.14451999962769213,draftkings,DraftKings,2026-06-07T00:00:00Z,New York Liberty,Indiana Fever
2026-06-06,2026-06-06T21:57:38.650227+00:00,4433403,Caitlin Clark,IND,threes,OVER,2.5,100,0.5,0.5583024388427766,0.5583024388427766,0.05830243884277664,0.11660487768555328,betrivers,BetRivers,2026-06-07T00:00:00Z,New York Liberty,Indiana Fever
2026-06-06,2026-06-06T21:57:38.650227+00:00,4704180,Georgia Amoore,WSH,threes,OVER,0.5,-193,0.658703071672355,0.7347172234547675,0.7347172234547675,0.07601415178241255,0.1153997226541289,draftkings,DraftKings,2026-06-06T22:00:00Z,Atlanta Dream,Washington Mystics
2026-06-06,2026-06-06T21:57:38.650227+00:00,4433403,Caitlin Clark,IND,threes,OVER,2.5,-105,0.5121951219512195,0.5583024388427766,0.5583024388427766,0.046107316891557115,0.09001904726446863,williamhill_us,Caesars,2026-06-07T00:00:00Z,New York Liberty,Indiana Fever
2026-06-06,2026-06-06T21:57:38.650227+00:00,4433403,Caitlin Clark,IND,threes,OVER,2.5,-112,0.5283018867924528,0.5583024388427766,0.5583024388427766,0.030000552050323814,0.05678675923811294,fanduel,FanDuel,2026-06-07T00:00:00Z,New York Liberty,Indiana Fever
2026-06-06,2026-06-06T21:57:38.650227+00:00,3907781,Sophie Cunningham,IND,threes,UNDER,1.5,-182,0.6453900709219859,0.650712319821241,0.650712319821241,0.005322248899255144,0.00824656148126357,fanduel,FanDuel,2026-06-07T00:00:00Z,New York Liberty,Indiana Fever
2026-06-06,2026-06-06T21:57:38.650227+00:00,3907781,Sophie Cunningham,IND,threes,UNDER,1.5,-182,0.6453900709219859,0.650712319821241,0.650712319821241,0.005322248899255144,0.00824656148126357,williamhill_us,Caesars,2026-06-07T00:00:00Z,New York Liberty,Indiana Fever
