player,team,plays,ladders,sim_ladders,model
Alex Caruso,OKC,"[{'market': 'ast', 'side': 'UNDER', 'line': 1.5, 'price': 123.0, 'edge': 0.0059965429485707, 'ev': 0.0133722907753127, 'ev_pct': 1.33722907753127, 'book': 'betrivers'}, {'market': 'ast', 'side': 'UNDER', 'line': 1.5, 'price': 122.0, 'edge': 0.0056935493720345, 'ev': 0.0126396796059167, 'ev_pct': 1.26396796059167, 'book': 'fanduel'}, {'market': 'pa', 'side': 'UNDER', 'line': 10.5, 'price': -105.0, 'edge': 0.0138493047361021, 'ev': 0.0270391187704851, 'ev_pct': 2.70391187704851, 'book': 'bovada'}, {'market': 'pa', 'side': 'UNDER', 'line': 10.5, 'price': -107.0, 'edge': 0.0128124248020853, 'ev': 0.0247866535890808, 'ev_pct': 2.47866535890808, 'book': 'draftkings'}, {'market': 'pa', 'side': 'UNDER', 'line': 11.5, 'price': -145.0, 'edge': 0.0070742577546974, 'ev': 0.011953056206213, 'ev_pct': 1.1953056206213, 'book': 'bovada'}, {'market': 'pa', 'side': 'UNDER', 'line': 10.5, 'price': -132.0, 'edge': 0.0013598177722669, 'ev': 0.002389982751257, 'ev_pct': 0.2389982751257, 'book': 'fanduel'}, {'market': 'pr', 'side': 'UNDER', 'line': 10.5, 'price': 125.0, 'edge': 0.0206126998507954, 'ev': 0.0463785746642896, 'ev_pct': 4.63785746642896, 'book': 'bovada'}, {'market': 'pr', 'side': 'UNDER', 'line': 11.5, 'price': -109.0, 'edge': 0.0143780915634949, 'ev': 0.0275690012547745, 'ev_pct': 2.75690012547745, 'book': 'draftkings'}, {'market': 'pr', 'side': 'UNDER', 'line': 11.5, 'price': -110.0, 'edge': 0.0138768384306627, 'ev': 0.0264921460949016, 'ev_pct': 2.6492146094901603, 'book': 'bovada'}, {'market': 'pr', 'side': 'UNDER', 'line': 10.5, 'price': 100.0, 'edge': 0.0083904776285732, 'ev': 0.0167809552571465, 'ev_pct': 1.67809552571465, 'book': 'fanduel'}, {'market': 'pr', 'side': 'UNDER', 'line': 12.5, 'price': -145.0, 'edge': 0.0093481322552347, 'ev': 0.0157951200174656, 'ev_pct': 1.57951200174656, 'book': 'bovada'}, {'market': 'ra', 'side': 'UNDER', 'line': 4.5, 'price': 120.0, 'edge': 0.024098572890593, 'ev': 0.0530168603593047, 'ev_pct': 5.30168603593047, 'book': 'bovada'}, {'market': 'ra', 'side': 'UNDER', 'line': 4.5, 'price': 104.0, 'edge': 0.0162554356356911, 'ev': 0.0331610886968098, 'ev_pct': 3.3161088696809804, 'book': 'fanduel'}, {'market': 'ra', 'side': 'UNDER', 'line': 5.5, 'price': -150.0, 'edge': 0.0135981004249109, 'ev': 0.0226635007081848, 'ev_pct': 2.26635007081848, 'book': 'bovada'}, {'market': 'reb', 'side': 'UNDER', 'line': 2.5, 'price': 115.0, 'edge': 0.0092723918319224, 'ev': 0.0199356424386331, 'ev_pct': 1.9935642438633099, 'book': 'bovada'}, {'market': 'reb', 'side': 'UNDER', 'line': 2.5, 'price': 113.0, 'edge': 0.0086172984811199, 'ev': 0.0183548457647854, 'ev_pct': 1.83548457647854, 'book': 'draftkings'}, {'market': 'threes', 'side': 'OVER', 'line': 1.5, 'price': 110.0, 'edge': 0.0481363775900097, 'ev': 0.1010863929390205, 'ev_pct': 10.10863929390205, 'book': 'draftkings'}, {'market': 'threes', 'side': 'OVER', 'line': 1.5, 'price': 110.0, 'edge': 0.0481363775900097, 'ev': 0.1010863929390205, 'ev_pct': 10.10863929390205, 'book': 'bovada'}, {'market': 'threes', 'side': 'OVER', 'line': 1.5, 'price': 107.0, 'edge': 0.0412350663408724, 'ev': 0.0853565873256059, 'ev_pct': 8.53565873256059, 'book': 'williamhill_us'}, {'market': 'threes', 'side': 'OVER', 'line': 1.5, 'price': -105.0, 'edge': 0.0121317318292664, 'ev': 0.0236857621428534, 'ev_pct': 2.3685762142853397, 'book': 'betrivers'}, {'market': 'threes', 'side': 'OVER', 'line': 1.5, 'price': -105.0, 'edge': 0.0121317318292664, 'ev': 0.0236857621428534, 'ev_pct': 2.3685762142853397, 'book': 'betmgm'}]",[],[],"{'pts': 7.429275977653631, 'reb': 2.297318994413408, 'ast': 1.572655586592179, 'threes': 1.5793209497206706, 'stl': 1.2666536312849164, 'blk': 0.5277723463687152, 'tov': 0.5277723463687152, 'pra': 11.299250558659216}"
Cason Wallace,OKC,"[{'market': 'pa', 'side': 'UNDER', 'line': 9.5, 'price': 125.0, 'edge': 0.0102815114255944, 'ev': 0.0231334007075875, 'ev_pct': 2.31334007075875, 'book': 'bovada'}, {'market': 'pa', 'side': 'UNDER', 'line': 10.5, 'price': -108.0, 'edge': 0.0049135488814574, 'ev': 0.0094631311791033, 'ev_pct': 0.9463131179103299, 'book': 'draftkings'}, {'market': 'pa', 'side': 'UNDER', 'line': 10.5, 'price': -110.0, 'edge': 0.0039062228741314, 'ev': 0.0074573345778873, 'ev_pct': 0.74573345778873, 'book': 'bovada'}, {'market': 'reb', 'side': 'OVER', 'line': 3.5, 'price': 110.0, 'edge': 0.0075613161794302, 'ev': 0.0158787639768034, 'ev_pct': 1.5878763976803398, 'book': 'fanduel'}, {'market': 'reb', 'side': 'OVER', 'line': 3.5, 'price': 110.0, 'edge': 0.0075613161794302, 'ev': 0.0158787639768034, 'ev_pct': 1.5878763976803398, 'book': 'betrivers'}, {'market': 'reb', 'side': 'OVER', 'line': 3.5, 'price': 110.0, 'edge': 0.0075613161794302, 'ev': 0.0158787639768034, 'ev_pct': 1.5878763976803398, 'book': 'bovada'}, {'market': 'reb', 'side': 'OVER', 'line': 3.5, 'price': 108.0, 'edge': 0.0068745029926169, 'ev': 0.0142989662246434, 'ev_pct': 1.4298966224643401, 'book': 'williamhill_us'}, {'market': 'reb', 'side': 'OVER', 'line': 3.5, 'price': 107.0, 'edge': 0.0065261194920596, 'ev': 0.0135090673485633, 'ev_pct': 1.35090673485633, 'book': 'draftkings'}, {'market': 'reb', 'side': 'OVER', 'line': 3.5, 'price': -110.0, 'edge': 0.0004184590365731, 'ev': 0.0007988763425487, 'ev_pct': 0.07988763425487, 'book': 'betmgm'}, {'market': 'stl', 'side': 'OVER', 'line': 1.5, 'price': -146.0, 'edge': 0.0765447643640233, 'ev': 0.1289726851612996, 'ev_pct': 12.897268516129959, 'book': 'fanduel'}, {'market': 'stl', 'side': 'OVER', 'line': 1.5, 'price': -150.0, 'edge': 0.0700406993233729, 'ev': 0.1167344988722882, 'ev_pct': 11.67344988722882, 'book': 'bovada'}, {'market': 'threes', 'side': 'OVER', 'line': 1.5, 'price': 110.0, 'edge': 0.1081215369668071, 'ev': 0.227055227630295, 'ev_pct': 22.7055227630295, 'book': 'betrivers'}, {'market': 'threes', 'side': 'OVER', 'line': 1.5, 'price': 105.0, 'edge': 0.0965071351085028, 'ev': 0.1978396269724308, 'ev_pct': 19.78396269724308, 'book': 'draftkings'}, {'market': 'threes', 'side': 'OVER', 'line': 1.5, 'price': 105.0, 'edge': 0.0965071351085028, 'ev': 0.1978396269724308, 'ev_pct': 19.78396269724308, 'book': 'williamhill_us'}, {'market': 'threes', 'side': 'OVER', 'line': 1.5, 'price': 105.0, 'edge': 0.0965071351085028, 'ev': 0.1978396269724308, 'ev_pct': 19.78396269724308, 'book': 'bovada'}, {'market': 'threes', 'side': 'OVER', 'line': 1.5, 'price': -120.0, 'edge': 0.0388574677027379, 'ev': 0.0712386907883527, 'ev_pct': 7.12386907883527, 'book': 'betmgm'}]",[],[],"{'pts': 7.825583673469387, 'reb': 3.700171428571428, 'ast': 1.8492408163265304, 'threes': 1.7768183673469389, 'stl': 2.0280306122448977, 'blk': 0.2385918367346938, 'tov': 0.5964795918367346, 'pra': 13.374995918367343}"
Chet Holmgren,OKC,"[{'market': 'ast', 'side': 'OVER', 'line': 1.5, 'price': 120.0, 'edge': 0.0039622640578446, 'ev': 0.008716980927258, 'ev_pct': 0.8716980927258, 'book': 'betrivers'}, {'market': 'ast', 'side': 'OVER', 'line': 1.5, 'price': 110.0, 'edge': 0.0007155108110913, 'ev': 0.0015025727032917, 'ev_pct': 0.15025727032917, 'book': 'betmgm'}, {'market': 'blk', 'side': 'UNDER', 'line': 1.5, 'price': -135.0, 'edge': 0.0709965435763406, 'ev': 0.1235865758551115, 'ev_pct': 12.35865758551115, 'book': 'bovada'}, {'market': 'blk', 'side': 'UNDER', 'line': 1.5, 'price': -137.0, 'edge': 0.0674055569527658, 'ev': 0.1166066934146388, 'ev_pct': 11.66066934146388, 'book': 'draftkings'}, {'market': 'blk', 'side': 'UNDER', 'line': 1.5, 'price': -145.0, 'edge': 0.0536278939888461, 'ev': 0.0906126484639124, 'ev_pct': 9.06126484639124, 'book': 'betmgm'}, {'market': 'pa', 'side': 'UNDER', 'line': 13.5, 'price': 120.0, 'edge': 0.002076579921471, 'ev': 0.0045684758272362, 'ev_pct': 0.45684758272362, 'book': 'bovada'}, {'market': 'pa', 'side': 'UNDER', 'line': 14.5, 'price': -105.0, 'edge': 0.0004839702737633, 'ev': 0.0009448943440141, 'ev_pct': 0.09448943440141, 'book': 'betmgm'}, {'market': 'pr', 'side': 'UNDER', 'line': 21.5, 'price': -120.0, 'edge': 0.0052545786926703, 'ev': 0.0096333942698955, 'ev_pct': 0.96333942698955, 'book': 'betmgm'}, {'market': 'pr', 'side': 'UNDER', 'line': 19.5, 'price': 115.0, 'edge': 0.0012816419591272, 'ev': 0.0027555302121234, 'ev_pct': 0.27555302121234, 'book': 'bovada'}, {'market': 'ra', 'side': 'UNDER', 'line': 9.5, 'price': -140.0, 'edge': 0.0009388349312363, 'ev': 0.0016094313106909, 'ev_pct': 0.16094313106909, 'book': 'betmgm'}]",[],[],"{'pts': 12.834035714285717, 'reb': 7.254849999999999, 'ast': 1.380642857142857, 'threes': 0.6373142857142856, 'stl': 0.7894166666666665, 'blk': 1.0149642857142855, 'tov': 1.0149642857142855, 'pra': 21.46952857142857}"
De'Aaron Fox,SAS,"[{'market': 'pa', 'side': 'OVER', 'line': 19.5, 'price': -110.0, 'edge': 0.0100127790979275, 'ev': 0.0191153055505889, 'ev_pct': 1.91153055505889, 'book': 'betmgm'}, {'market': 'pa', 'side': 'OVER', 'line': 19.5, 'price': -112.0, 'edge': 0.009024459241683, 'ev': 0.0170820121360429, 'ev_pct': 1.70820121360429, 'book': 'fanduel'}, {'market': 'pa', 'side': 'OVER', 'line': 20.5, 'price': 105.0, 'edge': 0.0069079653717943, 'ev': 0.0141613290121783, 'ev_pct': 1.41613290121783, 'book': 'bovada'}, {'market': 'pa', 'side': 'OVER', 'line': 19.5, 'price': -120.0, 'edge': 0.0052508743360227, 'ev': 0.009626602949375, 'ev_pct': 0.9626602949375, 'book': 'draftkings'}, {'market': 'pa', 'side': 'OVER', 'line': 19.5, 'price': -120.0, 'edge': 0.0052508743360227, 'ev': 0.009626602949375, 'ev_pct': 0.9626602949375, 'book': 'bovada'}, {'market': 'pa', 'side': 'OVER', 'line': 18.5, 'price': -150.0, 'edge': 0.0040361302852737, 'ev': 0.0067268838087894, 'ev_pct': 0.67268838087894, 'book': 'bovada'}, {'market': 'pr', 'side': 'OVER', 'line': 18.5, 'price': 100.0, 'edge': 0.0370521679802328, 'ev': 0.0741043359604656, 'ev_pct': 7.41043359604656, 'book': 'bovada'}, {'market': 'pr', 'side': 'OVER', 'line': 18.5, 'price': -102.0, 'edge': 0.0359630590693417, 'ev': 0.0712209601177159, 'ev_pct': 7.122096011771591, 'book': 'draftkings'}, {'market': 'pr', 'side': 'OVER', 'line': 17.5, 'price': -125.0, 'edge': 0.0344261487231086, 'ev': 0.0619670677015956, 'ev_pct': 6.19670677015956, 'book': 'betmgm'}, {'market': 'pr', 'side': 'OVER', 'line': 17.5, 'price': -125.0, 'edge': 0.0344261487231086, 'ev': 0.0619670677015956, 'ev_pct': 6.19670677015956, 'book': 'bovada'}, {'market': 'pr', 'side': 'OVER', 'line': 17.5, 'price': -130.0, 'edge': 0.0323005448583743, 'ev': 0.0571471178263545, 'ev_pct': 5.71471178263545, 'book': 'fanduel'}, {'market': 'ra', 'side': 'OVER', 'line': 9.5, 'price': 110.0, 'edge': 0.0468437203136814, 'ev': 0.098371812658731, 'ev_pct': 9.8371812658731, 'book': 'bovada'}, {'market': 'ra', 'side': 'OVER', 'line': 9.5, 'price': 107.0, 'edge': 0.0453254318388712, 'ev': 0.0938236439064634, 'ev_pct': 9.382364390646341, 'book': 'draftkings'}, {'market': 'ra', 'side': 'OVER', 'line': 8.5, 'price': -130.0, 'edge': 0.0457558072292325, 'ev': 0.0809525820209498, 'ev_pct': 8.09525820209498, 'book': 'betmgm'}, {'market': 'ra', 'side': 'OVER', 'line': 8.5, 'price': -145.0, 'edge': 0.039899551683536, 'ev': 0.0674164838790782, 'ev_pct': 6.74164838790782, 'book': 'bovada'}, {'market': 'reb', 'side': 'OVER', 'line': 3.5, 'price': -125.0, 'edge': 0.0401360588193367, 'ev': 0.0722449058748063, 'ev_pct': 7.22449058748063, 'book': 'bovada'}, {'market': 'reb', 'side': 'OVER', 'line': 3.5, 'price': -127.0, 'edge': 0.0395486873068551, 'ev': 0.0706893859736702, 'ev_pct': 7.068938597367019, 'book': 'draftkings'}, {'market': 'reb', 'side': 'OVER', 'line': 3.5, 'price': -129.0, 'edge': 0.0389715755587837, 'ev': 0.0691820992477633, 'ev_pct': 6.918209924776331, 'book': 'williamhill_us'}, {'market': 'reb', 'side': 'OVER', 'line': 3.5, 'price': -129.0, 'edge': 0.0389715755587837, 'ev': 0.0691820992477633, 'ev_pct': 6.918209924776331, 'book': 'betrivers'}, {'market': 'reb', 'side': 'OVER', 'line': 3.5, 'price': -136.0, 'edge': 0.0370287141865685, 'ev': 0.0642557099119865, 'ev_pct': 6.42557099119865, 'book': 'fanduel'}, {'market': 'reb', 'side': 'OVER', 'line': 3.5, 'price': -150.0, 'edge': 0.0334693921526701, 'ev': 0.0557823202544502, 'ev_pct': 5.57823202544502, 'book': 'betmgm'}]",[],[],"{'pts': 15.736205504587158, 'reb': 6.282069724770642, 'ast': 5.1445137614678895, 'threes': 1.2961467889908258, 'stl': 1.1308623853211008, 'blk': 0.4240733944954128, 'tov': 1.4135779816513765, 'pra': 27.16278899082569}"
Devin Vassell,SAS,"[{'market': 'ast', 'side': 'OVER', 'line': 2.5, 'price': 123.0, 'edge': 0.0116856313078266, 'ev': 0.0260589578164535, 'ev_pct': 2.60589578164535, 'book': 'draftkings'}, {'market': 'ast', 'side': 'OVER', 'line': 2.5, 'price': 123.0, 'edge': 0.0116856313078266, 'ev': 0.0260589578164535, 'ev_pct': 2.60589578164535, 'book': 'betrivers'}, {'market': 'ast', 'side': 'OVER', 'line': 2.5, 'price': 120.0, 'edge': 0.0107683871170399, 'ev': 0.0236904516574877, 'ev_pct': 2.36904516574877, 'book': 'bovada'}, {'market': 'ast', 'side': 'OVER', 'line': 2.5, 'price': 115.0, 'edge': 0.0091827634383929, 'ev': 0.0197429413925447, 'ev_pct': 1.9742941392544702, 'book': 'betmgm'}, {'market': 'pa', 'side': 'OVER', 'line': 15.5, 'price': -122.0, 'edge': 0.0076172214246127, 'ev': 0.0138608455431478, 'ev_pct': 1.38608455431478, 'book': 'fanduel'}, {'market': 'pa', 'side': 'OVER', 'line': 16.5, 'price': -105.0, 'edge': 0.0048636791435815, 'ev': 0.0094957545184211, 'ev_pct': 0.94957545184211, 'book': 'betmgm'}, {'market': 'pa', 'side': 'OVER', 'line': 16.5, 'price': -110.0, 'edge': 0.0023085107347545, 'ev': 0.0044071568572587, 'ev_pct': 0.44071568572587005, 'book': 'draftkings'}, {'market': 'pa', 'side': 'OVER', 'line': 16.5, 'price': -110.0, 'edge': 0.0023085107347545, 'ev': 0.0044071568572587, 'ev_pct': 0.44071568572587005, 'book': 'bovada'}, {'market': 'pr', 'side': 'OVER', 'line': 18.5, 'price': -112.0, 'edge': 0.0080112713048623, 'ev': 0.0151641921127751, 'ev_pct': 1.51641921127751, 'book': 'fanduel'}, {'market': 'pr', 'side': 'OVER', 'line': 18.5, 'price': -120.0, 'edge': 0.0042376863992019, 'ev': 0.0077690917318702, 'ev_pct': 0.77690917318702, 'book': 'betmgm'}, {'market': 'pr', 'side': 'OVER', 'line': 19.5, 'price': 100.0, 'edge': 0.0034345265229019, 'ev': 0.0068690530458039, 'ev_pct': 0.68690530458039, 'book': 'bovada'}, {'market': 'pr', 'side': 'OVER', 'line': 18.5, 'price': -124.0, 'edge': 0.0024519721134876, 'ev': 0.0044293689792035, 'ev_pct': 0.44293689792035, 'book': 'draftkings'}, {'market': 'pr', 'side': 'OVER', 'line': 18.5, 'price': -125.0, 'edge': 0.0020154641769797, 'ev': 0.0036278355185636, 'ev_pct': 0.36278355185635996, 'book': 'bovada'}, {'market': 'ra', 'side': 'OVER', 'line': 7.5, 'price': 110.0, 'edge': 0.015683736380929, 'ev': 0.0329358463999509, 'ev_pct': 3.29358463999509, 'book': 'bovada'}, {'market': 'ra', 'side': 'OVER', 'line': 6.5, 'price': -135.0, 'edge': 0.0158047408274912, 'ev': 0.0275119562552626, 'ev_pct': 2.75119562552626, 'book': 'betmgm'}, {'market': 'ra', 'side': 'OVER', 'line': 6.5, 'price': -149.0, 'edge': 0.0105411332055139, 'ev': 0.0176157192494831, 'ev_pct': 1.76157192494831, 'book': 'draftkings'}, {'market': 'ra', 'side': 'OVER', 'line': 6.5, 'price': -150.0, 'edge': 0.0101877195508954, 'ev': 0.0169795325848257, 'ev_pct': 1.69795325848257, 'book': 'bovada'}, {'market': 'reb', 'side': 'OVER', 'line': 4.5, 'price': -124.0, 'edge': 0.0077487756112737, 'ev': 0.0139977882010106, 'ev_pct': 1.39977882010106, 'book': 'betrivers'}, {'market': 'reb', 'side': 'OVER', 'line': 4.5, 'price': -125.0, 'edge': 0.0074511565636546, 'ev': 0.0134120818145785, 'ev_pct': 1.34120818145785, 'book': 'draftkings'}, {'market': 'reb', 'side': 'OVER', 'line': 4.5, 'price': -125.0, 'edge': 0.0074511565636546, 'ev': 0.0134120818145785, 'ev_pct': 1.34120818145785, 'book': 'williamhill_us'}, {'market': 'reb', 'side': 'OVER', 'line': 4.5, 'price': -125.0, 'edge': 0.0074511565636546, 'ev': 0.0134120818145785, 'ev_pct': 1.34120818145785, 'book': 'bovada'}, {'market': 'reb', 'side': 'OVER', 'line': 4.5, 'price': -130.0, 'edge': 0.0060018812013359, 'ev': 0.0106187128946712, 'ev_pct': 1.06187128946712, 'book': 'fanduel'}, {'market': 'reb', 'side': 'OVER', 'line': 4.5, 'price': -135.0, 'edge': 0.0046142771310305, 'ev': 0.0080322601910532, 'ev_pct': 0.80322601910532, 'book': 'betmgm'}, {'market': 'threes', 'side': 'OVER', 'line': 2.5, 'price': -110.0, 'edge': 0.0023019670859878, 'ev': 0.0043946644368859, 'ev_pct': 0.43946644368859, 'book': 'fanduel'}]",[],[],"{'pts': 14.515456277056275, 'reb': 5.300723593073593, 'ast': 2.6651480519480515, 'threes': 2.585148051948052, 'stl': 1.1119083694083696, 'blk': 0.6671450216450217, 'tov': 1.0007175324675326, 'pra': 22.481327922077924}"
Dylan Harper,SAS,"[{'market': 'ast', 'side': 'OVER', 'line': 2.5, 'price': 122.0, 'edge': 0.0019104897376281, 'ev': 0.0042412872175344, 'ev_pct': 0.42412872175344, 'book': 'fanduel'}, {'market': 'pa', 'side': 'OVER', 'line': 11.5, 'price': -110.0, 'edge': 0.0030869496267301, 'ev': 0.0058932674692122, 'ev_pct': 0.58932674692122, 'book': 'bovada'}, {'market': 'pa', 'side': 'OVER', 'line': 11.5, 'price': -111.0, 'edge': 0.0025904477084273, 'ev': 0.0049241843826861, 'ev_pct': 0.49241843826861, 'book': 'draftkings'}, {'market': 'pa', 'side': 'OVER', 'line': 11.5, 'price': -112.0, 'edge': 0.0020986297704858, 'ev': 0.0039724063512767, 'ev_pct': 0.39724063512767, 'book': 'fanduel'}, {'market': 'pr', 'side': 'OVER', 'line': 12.5, 'price': -105.0, 'edge': 0.02381702458758, 'ev': 0.0464999051471801, 'ev_pct': 4.64999051471801, 'book': 'bovada'}, {'market': 'pr', 'side': 'OVER', 'line': 12.5, 'price': -107.0, 'edge': 0.0227801446535632, 'ev': 0.0440699994699774, 'ev_pct': 4.406999946997741, 'book': 'draftkings'}, {'market': 'pr', 'side': 'OVER', 'line': 12.5, 'price': -108.0, 'edge': 0.022269182186079, 'ev': 0.0428887953213376, 'ev_pct': 4.288879532133761, 'book': 'fanduel'}, {'market': 'pr', 'side': 'OVER', 'line': 11.5, 'price': -145.0, 'edge': 0.016442096669334, 'ev': 0.0277814736826678, 'ev_pct': 2.7781473682667803, 'book': 'bovada'}, {'market': 'ra', 'side': 'OVER', 'line': 5.5, 'price': -110.0, 'edge': 0.033103475786908, 'ev': 0.0631975446840973, 'ev_pct': 6.31975446840973, 'book': 'fanduel'}, {'market': 'ra', 'side': 'OVER', 'line': 5.5, 'price': -113.0, 'edge': 0.0316279560015291, 'ev': 0.0596172975958027, 'ev_pct': 5.96172975958027, 'book': 'draftkings'}, {'market': 'ra', 'side': 'OVER', 'line': 5.5, 'price': -115.0, 'edge': 0.0306671524203521, 'ev': 0.0573342414815277, 'ev_pct': 5.73342414815277, 'book': 'bovada'}, {'market': 'reb', 'side': 'OVER', 'line': 3.5, 'price': 125.0, 'edge': 0.0369682988830292, 'ev': 0.0831786724868156, 'ev_pct': 8.31786724868156, 'book': 'betrivers'}, {'market': 'reb', 'side': 'OVER', 'line': 3.5, 'price': 119.0, 'edge': 0.0351418148647643, 'ev': 0.0769605745538339, 'ev_pct': 7.69605745538339, 'book': 'williamhill_us'}, {'market': 'reb', 'side': 'OVER', 'line': 3.5, 'price': 118.0, 'edge': 0.0348276261001545, 'ev': 0.0759242248983369, 'ev_pct': 7.59242248983369, 'book': 'draftkings'}, {'market': 'reb', 'side': 'OVER', 'line': 3.5, 'price': 115.0, 'edge': 0.0338675236892307, 'ev': 0.0728151759318459, 'ev_pct': 7.28151759318459, 'book': 'bovada'}, {'market': 'reb', 'side': 'OVER', 'line': 3.5, 'price': 100.0, 'edge': 0.0286349655496958, 'ev': 0.0572699310993916, 'ev_pct': 5.72699310993916, 'book': 'betmgm'}, {'market': 'threes', 'side': 'UNDER', 'line': 0.5, 'price': 123.0, 'edge': 0.0876181693278436, 'ev': 0.1953885176010914, 'ev_pct': 19.53885176010914, 'book': 'draftkings'}, {'market': 'threes', 'side': 'UNDER', 'line': 0.5, 'price': 120.0, 'edge': 0.0815032080559317, 'ev': 0.1793070577230497, 'ev_pct': 17.930705772304968, 'book': 'bovada'}, {'market': 'threes', 'side': 'UNDER', 'line': 0.5, 'price': 114.0, 'edge': 0.068758942975218, 'ev': 0.1471441379669665, 'ev_pct': 14.714413796696649, 'book': 'fanduel'}, {'market': 'threes', 'side': 'UNDER', 'line': 0.5, 'price': 105.0, 'edge': 0.0482437845526058, 'ev': 0.0988997583328419, 'ev_pct': 9.88997583328419, 'book': 'betmgm'}]",[],[],"{'pts': 9.982030144927537, 'reb': 4.995206956521739, 'ast': 2.268980869565217, 'threes': 0.3823710144927536, 'stl': 1.3737314009661836, 'blk': 0.2943710144927536, 'tov': 1.5699787439613524, 'pra': 17.246217971014488}"
Isaiah Hartenstein,OKC,"[{'market': 'ast', 'side': 'OVER', 'line': 2.5, 'price': 122.0, 'edge': 0.0156393370859965, 'ev': 0.0347193283309121, 'ev_pct': 3.4719328330912096, 'book': 'fanduel'}, {'market': 'ast', 'side': 'OVER', 'line': 2.5, 'price': 120.0, 'edge': 0.0150250864717459, 'ev': 0.0330551902378409, 'ev_pct': 3.3055190237840897, 'book': 'draftkings'}, {'market': 'ast', 'side': 'OVER', 'line': 2.5, 'price': 120.0, 'edge': 0.0150250864717459, 'ev': 0.0330551902378409, 'ev_pct': 3.3055190237840897, 'book': 'betrivers'}, {'market': 'ast', 'side': 'OVER', 'line': 2.5, 'price': 120.0, 'edge': 0.0150250864717459, 'ev': 0.0330551902378409, 'ev_pct': 3.3055190237840897, 'book': 'bovada'}, {'market': 'ast', 'side': 'OVER', 'line': 2.5, 'price': 115.0, 'edge': 0.0134394627930989, 'ev': 0.0288948450051628, 'ev_pct': 2.88948450051628, 'book': 'betmgm'}, {'market': 'blk', 'side': 'OVER', 'line': 0.5, 'price': 115.0, 'edge': 0.0489400310865028, 'ev': 0.105221066835981, 'ev_pct': 10.5221066835981, 'book': 'betmgm'}, {'market': 'blk', 'side': 'OVER', 'line': 0.5, 'price': -105.0, 'edge': 0.0018611882050507, 'ev': 0.0036337484003372, 'ev_pct': 0.36337484003372, 'book': 'draftkings'}, {'market': 'blk', 'side': 'OVER', 'line': 0.5, 'price': -105.0, 'edge': 0.0018611882050507, 'ev': 0.0036337484003372, 'ev_pct': 0.36337484003372, 'book': 'bovada'}, {'market': 'pa', 'side': 'OVER', 'line': 9.5, 'price': 102.0, 'edge': 0.0192509219893812, 'ev': 0.0388868624185502, 'ev_pct': 3.8886862418550203, 'book': 'fanduel'}, {'market': 'pa', 'side': 'OVER', 'line': 9.5, 'price': -105.0, 'edge': 0.0154788862492218, 'ev': 0.0302206826770522, 'ev_pct': 3.02206826770522, 'book': 'betmgm'}, {'market': 'pa', 'side': 'OVER', 'line': 9.5, 'price': -105.0, 'edge': 0.0154788862492218, 'ev': 0.0302206826770522, 'ev_pct': 3.02206826770522, 'book': 'bovada'}, {'market': 'pa', 'side': 'OVER', 'line': 9.5, 'price': -107.0, 'edge': 0.0144420063152052, 'ev': 0.0279392084789483, 'ev_pct': 2.7939208478948303, 'book': 'draftkings'}, {'market': 'pa', 'side': 'OVER', 'line': 8.5, 'price': -145.0, 'edge': 0.0086506808299793, 'ev': 0.0146166676092754, 'ev_pct': 1.46166676092754, 'book': 'bovada'}, {'market': 'pr', 'side': 'OVER', 'line': 14.5, 'price': -105.0, 'edge': 0.0100517178040845, 'ev': 0.0196247823794031, 'ev_pct': 1.96247823794031, 'book': 'betmgm'}, {'market': 'pr', 'side': 'OVER', 'line': 14.5, 'price': -108.0, 'edge': 0.0085038754025835, 'ev': 0.0163778341086795, 'ev_pct': 1.63778341086795, 'book': 'fanduel'}, {'market': 'pr', 'side': 'OVER', 'line': 14.5, 'price': -110.0, 'edge': 0.0074965493952575, 'ev': 0.0143115943000372, 'ev_pct': 1.43115943000372, 'book': 'bovada'}, {'market': 'pr', 'side': 'OVER', 'line': 14.5, 'price': -112.0, 'edge': 0.0065082295390131, 'ev': 0.012319148770275, 'ev_pct': 1.2319148770275001, 'book': 'draftkings'}, {'market': 'pr', 'side': 'OVER', 'line': 13.5, 'price': -145.0, 'edge': 0.0031579577945953, 'ev': 0.0053358597219025, 'ev_pct': 0.53358597219025, 'book': 'bovada'}, {'market': 'ra', 'side': 'OVER', 'line': 9.5, 'price': -123.0, 'edge': 0.0046632910009211, 'ev': 0.008454584497605, 'ev_pct': 0.8454584497605, 'book': 'draftkings'}, {'market': 'ra', 'side': 'OVER', 'line': 10.5, 'price': 120.0, 'edge': 0.0036290920482274, 'ev': 0.0079840025061003, 'ev_pct': 0.79840025061003, 'book': 'bovada'}, {'market': 'ra', 'side': 'OVER', 'line': 9.5, 'price': -125.0, 'edge': 0.0037863602585195, 'ev': 0.0068154484653352, 'ev_pct': 0.68154484653352, 'book': 'betmgm'}, {'market': 'ra', 'side': 'OVER', 'line': 9.5, 'price': -125.0, 'edge': 0.0037863602585195, 'ev': 0.0068154484653352, 'ev_pct': 0.68154484653352, 'book': 'bovada'}, {'market': 'ra', 'side': 'OVER', 'line': 9.5, 'price': -130.0, 'edge': 0.0016607563937852, 'ev': 0.0029382613120815, 'ev_pct': 0.29382613120815, 'book': 'fanduel'}, {'market': 'stl', 'side': 'OVER', 'line': 0.5, 'price': -145.0, 'edge': 0.0302951220927656, 'ev': 0.0511883097429488, 'ev_pct': 5.11883097429488, 'book': 'bovada'}, {'market': 'stl', 'side': 'OVER', 'line': 0.5, 'price': -147.0, 'edge': 0.0269901563817849, 'ev': 0.0453508069816385, 'ev_pct': 4.53508069816385, 'book': 'draftkings'}]",[],[],"{'pts': 8.303847619047618, 'reb': 7.372340476190475, 'ast': 2.843942857142857, 'threes': 0.0, 'stl': 0.8733015873015871, 'blk': 0.545813492063492, 'tov': 1.637440476190476, 'pra': 18.52013095238095}"
Jalen Williams,OKC,"[{'market': 'ast', 'side': 'UNDER', 'line': 3.5, 'price': 114.0, 'edge': 0.0577163705241922, 'ev': 0.1235130329217714, 'ev_pct': 12.35130329217714, 'book': 'betrivers'}, {'market': 'ast', 'side': 'UNDER', 'line': 3.5, 'price': 108.0, 'edge': 0.0556944438527329, 'ev': 0.1158444432136847, 'ev_pct': 11.58444432136847, 'book': 'williamhill_us'}, {'market': 'ast', 'side': 'UNDER', 'line': 3.5, 'price': 105.0, 'edge': 0.0546390967608004, 'ev': 0.1120101483596409, 'ev_pct': 11.20101483596409, 'book': 'draftkings'}, {'market': 'ast', 'side': 'UNDER', 'line': 3.5, 'price': 105.0, 'edge': 0.0546390967608004, 'ev': 0.1120101483596409, 'ev_pct': 11.20101483596409, 'book': 'betmgm'}, {'market': 'ast', 'side': 'UNDER', 'line': 3.5, 'price': 105.0, 'edge': 0.0546390967608004, 'ev': 0.1120101483596409, 'ev_pct': 11.20101483596409, 'book': 'bovada'}, {'market': 'ast', 'side': 'UNDER', 'line': 3.5, 'price': 100.0, 'edge': 0.0528098284681175, 'ev': 0.1056196569362351, 'ev_pct': 10.56196569362351, 'book': 'fanduel'}, {'market': 'pa', 'side': 'UNDER', 'line': 17.5, 'price': 105.0, 'edge': 0.0718298953221439, 'ev': 0.147251285410395, 'ev_pct': 14.725128541039501, 'book': 'bovada'}, {'market': 'pa', 'side': 'UNDER', 'line': 18.5, 'price': -105.0, 'edge': 0.0734858011370138, 'ev': 0.1434722784103603, 'ev_pct': 14.34722784103603, 'book': 'betmgm'}, {'market': 'pa', 'side': 'UNDER', 'line': 17.5, 'price': -106.0, 'edge': 0.0659430849977299, 'ev': 0.1281535425427581, 'ev_pct': 12.81535425427581, 'book': 'fanduel'}, {'market': 'pa', 'side': 'UNDER', 'line': 18.5, 'price': -117.0, 'edge': 0.0675512164455448, 'ev': 0.1252872988776344, 'ev_pct': 12.52872988776344, 'book': 'draftkings'}, {'market': 'pa', 'side': 'UNDER', 'line': 18.5, 'price': -120.0, 'edge': 0.0661687279662821, 'ev': 0.1213093346048506, 'ev_pct': 12.13093346048506, 'book': 'bovada'}, {'market': 'pr', 'side': 'UNDER', 'line': 17.5, 'price': 110.0, 'edge': 0.0625058067750189, 'ev': 0.1312621942275397, 'ev_pct': 13.126219422753971, 'book': 'bovada'}, {'market': 'pr', 'side': 'UNDER', 'line': 18.5, 'price': -110.0, 'edge': 0.0601103863544473, 'ev': 0.1147561921312176, 'ev_pct': 11.47561921312176, 'book': 'betmgm'}, {'market': 'pr', 'side': 'UNDER', 'line': 18.5, 'price': -114.0, 'edge': 0.0581522199102996, 'ev': 0.1091629391298605, 'ev_pct': 10.916293912986049, 'book': 'draftkings'}, {'market': 'pr', 'side': 'UNDER', 'line': 18.5, 'price': -115.0, 'edge': 0.0576740629878914, 'ev': 0.107825422107797, 'ev_pct': 10.782542210779699, 'book': 'bovada'}, {'market': 'pr', 'side': 'UNDER', 'line': 17.5, 'price': -106.0, 'edge': 0.0540638280417781, 'ev': 0.1050674394019461, 'ev_pct': 10.50674394019461, 'book': 'fanduel'}, {'market': 'pr', 'side': 'UNDER', 'line': 19.5, 'price': -145.0, 'edge': 0.052436067202483, 'ev': 0.0885988721697128, 'ev_pct': 8.859887216971279, 'book': 'bovada'}, {'market': 'ra', 'side': 'UNDER', 'line': 7.5, 'price': 100.0, 'edge': 0.0810966046991721, 'ev': 0.1621932093983442, 'ev_pct': 16.219320939834418, 'book': 'draftkings'}, {'market': 'ra', 'side': 'UNDER', 'line': 7.5, 'price': 100.0, 'edge': 0.0810966046991721, 'ev': 0.1621932093983442, 'ev_pct': 16.219320939834418, 'book': 'betmgm'}, {'market': 'ra', 'side': 'UNDER', 'line': 7.5, 'price': 100.0, 'edge': 0.0810966046991721, 'ev': 0.1621932093983442, 'ev_pct': 16.219320939834418, 'book': 'bovada'}, {'market': 'ra', 'side': 'UNDER', 'line': 7.5, 'price': -108.0, 'edge': 0.0768658354684028, 'ev': 0.1480379053465537, 'ev_pct': 14.80379053465537, 'book': 'fanduel'}, {'market': 'reb', 'side': 'UNDER', 'line': 3.5, 'price': 117.0, 'edge': 0.0302891687461037, 'ev': 0.0657274961790451, 'ev_pct': 6.57274961790451, 'book': 'betrivers'}, {'market': 'reb', 'side': 'UNDER', 'line': 3.5, 'price': 115.0, 'edge': 0.0296461508487722, 'ev': 0.0637392243248603, 'ev_pct': 6.37392243248603, 'book': 'draftkings'}, {'market': 'reb', 'side': 'UNDER', 'line': 3.5, 'price': 115.0, 'edge': 0.0296461508487722, 'ev': 0.0637392243248603, 'ev_pct': 6.37392243248603, 'book': 'bovada'}, {'market': 'reb', 'side': 'UNDER', 'line': 3.5, 'price': 112.0, 'edge': 0.0286588757281053, 'ev': 0.0607568165435833, 'ev_pct': 6.0756816543583305, 'book': 'williamhill_us'}, {'market': 'reb', 'side': 'UNDER', 'line': 3.5, 'price': 108.0, 'edge': 0.0272982080938528, 'ev': 0.0567802728352139, 'ev_pct': 5.67802728352139, 'book': 'fanduel'}, {'market': 'reb', 'side': 'UNDER', 'line': 3.5, 'price': 105.0, 'edge': 0.0262428610019203, 'ev': 0.0537978650539365, 'ev_pct': 5.37978650539365, 'book': 'betmgm'}, {'market': 'threes', 'side': 'UNDER', 'line': 0.5, 'price': 125.0, 'edge': 0.1045324786162642, 'ev': 0.2351980768865944, 'ev_pct': 23.519807688659437, 'book': 'bovada'}, {'market': 'threes', 'side': 'UNDER', 'line': 0.5, 'price': 118.0, 'edge': 0.0902613267304334, 'ev': 0.1967696922723448, 'ev_pct': 19.67696922723448, 'book': 'fanduel'}]",[],[],"{'pts': 9.546666666666669, 'reb': 2.24, 'ast': 0.8866666666666667, 'threes': 0.3399999999999999, 'stl': 0.3734133333333333, 'blk': 0.3055199999999999, 'tov': 1.0184, 'pra': 12.673333333333334}"
Jared McCain,OKC,"[{'market': 'ast', 'side': 'UNDER', 'line': 1.5, 'price': -141.0, 'edge': 0.0021999208750668, 'ev': 0.0037601484460362, 'ev_pct': 0.37601484460362, 'book': 'draftkings'}, {'market': 'ast', 'side': 'UNDER', 'line': 1.5, 'price': -144.0, 'edge': 0.0014346668107174, 'ev': 0.0024309632070489, 'ev_pct': 0.24309632070489, 'book': 'fanduel'}, {'market': 'ast', 'side': 'UNDER', 'line': 1.5, 'price': -145.0, 'edge': 0.0011837467705703, 'ev': 0.0020001238537222, 'ev_pct': 0.20001238537222, 'book': 'bovada'}, {'market': 'pa', 'side': 'UNDER', 'line': 12.5, 'price': 105.0, 'edge': 0.0024673453798866, 'ev': 0.0050580580287676, 'ev_pct': 0.50580580287676, 'book': 'bovada'}, {'market': 'ra', 'side': 'UNDER', 'line': 3.5, 'price': 125.0, 'edge': 0.0118116927685381, 'ev': 0.0265763087292106, 'ev_pct': 2.65763087292106, 'book': 'bovada'}, {'market': 'reb', 'side': 'OVER', 'line': 2.5, 'price': -105.0, 'edge': 0.0011591008116292, 'ev': 0.0022630063465143, 'ev_pct': 0.22630063465143, 'book': 'bovada'}, {'market': 'reb', 'side': 'OVER', 'line': 2.5, 'price': -106.0, 'edge': 0.0008039030848947, 'ev': 0.0015623022215879, 'ev_pct': 0.15623022215878998, 'book': 'draftkings'}]",[],[],"{'pts': 11.651029220779222, 'reb': 2.649876623376623, 'ast': 0.8683896103896104, 'threes': 1.8338766233766235, 'stl': 0.2951623376623377, 'blk': 0.0, 'tov': 0.8854870129870129, 'pra': 15.169295454545455}"
Jaylin Williams,OKC,"[{'market': 'pa', 'side': 'UNDER', 'line': 8.5, 'price': -117.0, 'edge': 0.0007508263260987, 'ev': 0.0013925582287472, 'ev_pct': 0.13925582287472, 'book': 'draftkings'}, {'market': 'pr', 'side': 'UNDER', 'line': 11.5, 'price': -122.0, 'edge': 0.0018411328222244, 'ev': 0.0033502580863429, 'ev_pct': 0.33502580863429, 'book': 'draftkings'}, {'market': 'ra', 'side': 'UNDER', 'line': 7.5, 'price': -138.0, 'edge': 0.027127669042441, 'ev': 0.0467854002326157, 'ev_pct': 4.67854002326157, 'book': 'draftkings'}, {'market': 'reb', 'side': 'UNDER', 'line': 4.5, 'price': 110.0, 'edge': 0.0126580734927408, 'ev': 0.0265819543347557, 'ev_pct': 2.65819543347557, 'book': 'draftkings'}, {'market': 'reb', 'side': 'UNDER', 'line': 4.5, 'price': -112.0, 'edge': 0.0048413619024443, 'ev': 0.0091640064581982, 'ev_pct': 0.9164006458198201, 'book': 'williamhill_us'}, {'market': 'reb', 'side': 'UNDER', 'line': 4.5, 'price': -114.0, 'edge': 0.0041801028652375, 'ev': 0.0078468597645685, 'ev_pct': 0.78468597645685, 'book': 'fanduel'}, {'market': 'stl', 'side': 'OVER', 'line': 0.5, 'price': 111.0, 'edge': 0.0191029083887153, 'ev': 0.0403071367001893, 'ev_pct': 4.0307136700189306, 'book': 'draftkings'}]",[],[],"{'pts': 6.280426229508196, 'reb': 4.042698360655738, 'ast': 1.3741065573770488, 'threes': 1.8857278688524588, 'stl': 0.4790532786885245, 'blk': 0.0, 'tov': 0.6387377049180327, 'pra': 11.697231147540982}"
Julian Champagnie,SAS,"[{'market': 'ast', 'side': 'OVER', 'line': 1.5, 'price': 125.0, 'edge': 0.0183586580903704, 'ev': 0.0413069807033333, 'ev_pct': 4.13069807033333, 'book': 'bovada'}, {'market': 'pa', 'side': 'UNDER', 'line': 9.5, 'price': 110.0, 'edge': 0.0098094414786242, 'ev': 0.0205998271051109, 'ev_pct': 2.05998271051109, 'book': 'bovada'}, {'market': 'pa', 'side': 'UNDER', 'line': 10.5, 'price': -115.0, 'edge': 0.0079178319580156, 'ev': 0.0148029032258552, 'ev_pct': 1.48029032258552, 'book': 'betmgm'}, {'market': 'pa', 'side': 'UNDER', 'line': 10.5, 'price': -125.0, 'edge': 0.0033700283404445, 'ev': 0.0060660510128002, 'ev_pct': 0.60660510128002, 'book': 'bovada'}, {'market': 'pa', 'side': 'UNDER', 'line': 10.5, 'price': -126.0, 'edge': 0.0029373833060296, 'ev': 0.0052686398981166, 'ev_pct': 0.5268639898116599, 'book': 'draftkings'}, {'market': 'pr', 'side': 'UNDER', 'line': 14.5, 'price': -105.0, 'edge': 0.0202570629610312, 'ev': 0.039549503876299, 'ev_pct': 3.9549503876299, 'book': 'betmgm'}, {'market': 'pr', 'side': 'UNDER', 'line': 13.5, 'price': 105.0, 'edge': 0.0149846736409234, 'ev': 0.0307185809638931, 'ev_pct': 3.07185809638931, 'book': 'bovada'}, {'market': 'pr', 'side': 'UNDER', 'line': 14.5, 'price': -123.0, 'edge': 0.0115946983104788, 'ev': 0.0210212823027381, 'ev_pct': 2.1021282302738102, 'book': 'draftkings'}, {'market': 'pr', 'side': 'UNDER', 'line': 14.5, 'price': -125.0, 'edge': 0.0107177675680772, 'ev': 0.0192919816225392, 'ev_pct': 1.92919816225392, 'book': 'fanduel'}, {'market': 'pr', 'side': 'UNDER', 'line': 14.5, 'price': -125.0, 'edge': 0.0107177675680772, 'ev': 0.0192919816225392, 'ev_pct': 1.92919816225392, 'book': 'bovada'}, {'market': 'reb', 'side': 'UNDER', 'line': 5.5, 'price': -115.0, 'edge': 0.0008046391033285, 'ev': 0.0015043252801357, 'ev_pct': 0.15043252801357, 'book': 'betmgm'}, {'market': 'stl', 'side': 'OVER', 'line': 0.5, 'price': -144.0, 'edge': 0.1927966055282001, 'ev': 0.3266831371450057, 'ev_pct': 32.66831371450057, 'book': 'draftkings'}, {'market': 'stl', 'side': 'OVER', 'line': 0.5, 'price': -145.0, 'edge': 0.191123805260552, 'ev': 0.3229333261298983, 'ev_pct': 32.29333261298983, 'book': 'bovada'}]",[],[],"{'pts': 7.167239523809522, 'reb': 5.196824761904761, 'ast': 1.920808095238095, 'threes': 1.4032085714285714, 'stl': 1.438676984126984, 'blk': 0.5533373015873015, 'tov': 0.1106674603174603, 'pra': 14.28487238095238}"
Keldon Johnson,SAS,"[{'market': 'ast', 'side': 'UNDER', 'line': 0.5, 'price': 103.0, 'edge': 0.0032575056763845, 'ev': 0.0066127365230607, 'ev_pct': 0.66127365230607, 'book': 'draftkings'}, {'market': 'ast', 'side': 'UNDER', 'line': 0.5, 'price': -105.0, 'edge': 0.0003198629994651, 'ev': 0.0006244944275272, 'ev_pct': 0.062449442752720005, 'book': 'betmgm'}, {'market': 'pa', 'side': 'OVER', 'line': 6.5, 'price': -131.0, 'edge': 0.001432680491586, 'ev': 0.0025263297218044, 'ev_pct': 0.25263297218044, 'book': 'draftkings'}, {'market': 'pr', 'side': 'OVER', 'line': 9.5, 'price': 100.0, 'edge': 0.0101774754056281, 'ev': 0.0203549508112563, 'ev_pct': 2.03549508112563, 'book': 'bovada'}, {'market': 'pr', 'side': 'OVER', 'line': 9.5, 'price': -102.0, 'edge': 0.009088366494737, 'ev': 0.0179985297248714, 'ev_pct': 1.7998529724871402, 'book': 'draftkings'}, {'market': 'pr', 'side': 'OVER', 'line': 8.5, 'price': -132.0, 'edge': 0.0056927646903565, 'ev': 0.0100054652133539, 'ev_pct': 1.0005465213353901, 'book': 'fanduel'}, {'market': 'pr', 'side': 'OVER', 'line': 8.5, 'price': -135.0, 'edge': 0.0044821997600557, 'ev': 0.0078023477304673, 'ev_pct': 0.78023477304673, 'book': 'bovada'}]",[],[],"{'pts': 7.556918787878788, 'reb': 2.881883636363636, 'ast': 0.4101963636363636, 'threes': 0.7312945454545455, 'stl': 0.5363838383838385, 'blk': 0.2145535353535353, 'tov': 1.180044444444445, 'pra': 10.848998787878786}"
Luguentz Dort,OKC,"[{'market': 'pa', 'side': 'UNDER', 'line': 6.5, 'price': -130.0, 'edge': 0.0063952637635207, 'ev': 0.0113146974277674, 'ev_pct': 1.13146974277674, 'book': 'betmgm'}, {'market': 'pr', 'side': 'UNDER', 'line': 7.5, 'price': -108.0, 'edge': 0.0048226204072908, 'ev': 0.009288009673301, 'ev_pct': 0.9288009673301, 'book': 'fanduel'}, {'market': 'pr', 'side': 'UNDER', 'line': 7.5, 'price': -108.0, 'edge': 0.0048226204072908, 'ev': 0.009288009673301, 'ev_pct': 0.9288009673301, 'book': 'draftkings'}, {'market': 'pr', 'side': 'UNDER', 'line': 7.5, 'price': -110.0, 'edge': 0.0038152943999648, 'ev': 0.0072837438544783, 'ev_pct': 0.7283743854478301, 'book': 'bovada'}, {'market': 'pr', 'side': 'UNDER', 'line': 8.5, 'price': -140.0, 'edge': 0.0014313958831474, 'ev': 0.0024538215139671, 'ev_pct': 0.24538215139671, 'book': 'betmgm'}, {'market': 'ra', 'side': 'OVER', 'line': 3.5, 'price': -105.0, 'edge': 0.017399445810222, 'ev': 0.033970346581862, 'ev_pct': 3.3970346581862003, 'book': 'betmgm'}, {'market': 'ra', 'side': 'OVER', 'line': 3.5, 'price': -108.0, 'edge': 0.015851603408721, 'ev': 0.0305290139723517, 'ev_pct': 3.05290139723517, 'book': 'draftkings'}, {'market': 'ra', 'side': 'OVER', 'line': 3.5, 'price': -110.0, 'edge': 0.014844277401395, 'ev': 0.0283390750390269, 'ev_pct': 2.83390750390269, 'book': 'bovada'}, {'market': 'reb', 'side': 'OVER', 'line': 2.5, 'price': -105.0, 'edge': 0.012521514935422, 'ev': 0.0244467672548716, 'ev_pct': 2.44467672548716, 'book': 'betmgm'}, {'market': 'reb', 'side': 'OVER', 'line': 2.5, 'price': -108.0, 'edge': 0.0114661678434896, 'ev': 0.0220829899207949, 'ev_pct': 2.2082989920794898, 'book': 'fanduel'}, {'market': 'reb', 'side': 'OVER', 'line': 2.5, 'price': -115.0, 'edge': 0.0091182250885701, 'ev': 0.0170471164699354, 'ev_pct': 1.7047116469935402, 'book': 'bovada'}, {'market': 'reb', 'side': 'OVER', 'line': 2.5, 'price': -116.0, 'edge': 0.0087952276725494, 'ev': 0.0163773204937128, 'ev_pct': 1.6377320493712801, 'book': 'draftkings'}, {'market': 'reb', 'side': 'OVER', 'line': 2.5, 'price': -134.0, 'edge': 0.0034533473306691, 'ev': 0.0060304722043028, 'ev_pct': 0.60304722043028, 'book': 'betrivers'}]",[],[],"{'pts': 3.4388, 'reb': 3.22648, 'ast': 1.17501, 'threes': 0.62393, 'stl': 0.4384666666666666, 'blk': 0.0, 'tov': 0.7673166666666666, 'pra': 7.840289999999999}"
Luke Kornet,SAS,"[{'market': 'pr', 'side': 'OVER', 'line': 6.5, 'price': -122.0, 'edge': 0.0115601275224984, 'ev': 0.0210356418852022, 'ev_pct': 2.10356418852022, 'book': 'fanduel'}, {'market': 'pr', 'side': 'OVER', 'line': 6.5, 'price': -126.0, 'edge': 0.0098061611667622, 'ev': 0.0175888287594306, 'ev_pct': 1.75888287594306, 'book': 'draftkings'}, {'market': 'reb', 'side': 'OVER', 'line': 3.5, 'price': 118.0, 'edge': 0.0222491880297621, 'ev': 0.0485032299048815, 'ev_pct': 4.8503229904881495, 'book': 'williamhill_us'}, {'market': 'reb', 'side': 'OVER', 'line': 3.5, 'price': 116.0, 'edge': 0.021612083034859, 'ev': 0.0466820993552954, 'ev_pct': 4.66820993552954, 'book': 'draftkings'}]",[],[],"{'pts': 4.275454545454545, 'reb': 4.314865013774105, 'ast': 0.4109476584022039, 'threes': 0.0, 'stl': 0.6458953168044077, 'blk': 1.3994398530762169, 'tov': 0.5382460973370065, 'pra': 9.001267217630854}"
Shai Gilgeous-Alexander,OKC,"[{'market': 'ast', 'side': 'UNDER', 'line': 8.5, 'price': -150.0, 'edge': 0.0003085615524737, 'ev': 0.0005142692541227, 'ev_pct': 0.05142692541227, 'book': 'draftkings'}, {'market': 'ast', 'side': 'UNDER', 'line': 8.5, 'price': -150.0, 'edge': 0.0003085615524737, 'ev': 0.0005142692541227, 'ev_pct': 0.05142692541227, 'book': 'bovada'}, {'market': 'blk', 'side': 'OVER', 'line': 0.5, 'price': -140.0, 'edge': 0.0481367379542915, 'ev': 0.0825201222073569, 'ev_pct': 8.25201222073569, 'book': 'betmgm'}, {'market': 'pa', 'side': 'UNDER', 'line': 36.5, 'price': 115.0, 'edge': 0.0712411856943793, 'ev': 0.1531685492429155, 'ev_pct': 15.316854924291551, 'book': 'bovada'}, {'market': 'pa', 'side': 'UNDER', 'line': 37.5, 'price': 100.0, 'edge': 0.0711958378694206, 'ev': 0.1423916757388412, 'ev_pct': 14.23916757388412, 'book': 'bovada'}, {'market': 'pa', 'side': 'UNDER', 'line': 38.5, 'price': -118.0, 'edge': 0.0688973735386508, 'ev': 0.1272849782324228, 'ev_pct': 12.728497823242279, 'book': 'draftkings'}, {'market': 'pa', 'side': 'UNDER', 'line': 37.5, 'price': -110.0, 'edge': 0.0659577426313253, 'ev': 0.1259193268416212, 'ev_pct': 12.591932684162119, 'book': 'fanduel'}, {'market': 'pa', 'side': 'UNDER', 'line': 37.5, 'price': -110.0, 'edge': 0.0659577426313253, 'ev': 0.1259193268416212, 'ev_pct': 12.591932684162119, 'book': 'betmgm'}, {'market': 'pa', 'side': 'UNDER', 'line': 38.5, 'price': -120.0, 'edge': 0.0679799423459902, 'ev': 0.124629894300982, 'ev_pct': 12.4629894300982, 'book': 'bovada'}, {'market': 'pr', 'side': 'UNDER', 'line': 32.5, 'price': 115.0, 'edge': 0.076835602278582, 'ev': 0.1651965448989513, 'ev_pct': 16.51965448989513, 'book': 'bovada'}, {'market': 'pr', 'side': 'UNDER', 'line': 33.5, 'price': -105.0, 'edge': 0.073357734044019, 'ev': 0.1432222426573705, 'ev_pct': 14.322224265737049, 'book': 'bovada'}, {'market': 'pr', 'side': 'UNDER', 'line': 33.5, 'price': -110.0, 'edge': 0.070802565635192, 'ev': 0.1351685343944575, 'ev_pct': 13.51685343944575, 'book': 'betmgm'}, {'market': 'pr', 'side': 'UNDER', 'line': 34.5, 'price': -124.0, 'edge': 0.0703208875105513, 'ev': 0.1270312806642217, 'ev_pct': 12.70312806642217, 'book': 'draftkings'}, {'market': 'pr', 'side': 'UNDER', 'line': 34.5, 'price': -125.0, 'edge': 0.0698843795740433, 'ev': 0.1257918832332781, 'ev_pct': 12.579188323327811, 'book': 'bovada'}, {'market': 'pr', 'side': 'UNDER', 'line': 33.5, 'price': -118.0, 'edge': 0.0669580920659478, 'ev': 0.1237022378845476, 'ev_pct': 12.370223788454759, 'book': 'fanduel'}, {'market': 'pts', 'side': 'UNDER', 'line': 28.5, 'price': 115.0, 'edge': 0.1679809503985722, 'ev': 0.3611590433569303, 'ev_pct': 36.11590433569303, 'book': 'bovada'}, {'market': 'pts', 'side': 'UNDER', 'line': 27.5, 'price': 120.0, 'edge': 0.1606243100107885, 'ev': 0.3533734820237347, 'ev_pct': 35.33734820237347, 'book': 'betrivers'}, {'market': 'ra', 'side': 'UNDER', 'line': 11.5, 'price': 115.0, 'edge': 0.0226481038557657, 'ev': 0.0486934232898962, 'ev_pct': 4.86934232898962, 'book': 'bovada'}, {'market': 'ra', 'side': 'UNDER', 'line': 12.5, 'price': -130.0, 'edge': 0.0220618356082175, 'ev': 0.0390324783837693, 'ev_pct': 3.9032478383769305, 'book': 'draftkings'}, {'market': 'ra', 'side': 'UNDER', 'line': 12.5, 'price': -130.0, 'edge': 0.0220618356082175, 'ev': 0.0390324783837693, 'ev_pct': 3.9032478383769305, 'book': 'bovada'}, {'market': 'ra', 'side': 'UNDER', 'line': 12.5, 'price': -132.0, 'edge': 0.0212372479020706, 'ev': 0.0373260720703059, 'ev_pct': 3.7326072070305902, 'book': 'fanduel'}, {'market': 'ra', 'side': 'UNDER', 'line': 11.5, 'price': -105.0, 'edge': 0.0122907584218462, 'ev': 0.0239962426331283, 'ev_pct': 2.39962426331283, 'book': 'betmgm'}, {'market': 'reb', 'side': 'UNDER', 'line': 3.5, 'price': 125.0, 'edge': 0.0187094845127892, 'ev': 0.0420963401537756, 'ev_pct': 4.20963401537756, 'book': 'draftkings'}, {'market': 'reb', 'side': 'UNDER', 'line': 3.5, 'price': 125.0, 'edge': 0.0187094845127892, 'ev': 0.0420963401537756, 'ev_pct': 4.20963401537756, 'book': 'bovada'}, {'market': 'reb', 'side': 'UNDER', 'line': 3.5, 'price': 118.0, 'edge': 0.0165688117299145, 'ev': 0.0361200095712137, 'ev_pct': 3.6120009571213703, 'book': 'williamhill_us'}, {'market': 'threes', 'side': 'UNDER', 'line': 1.5, 'price': -115.0, 'edge': 0.1678278607475581, 'ev': 0.3137651309628261, 'ev_pct': 31.37651309628261, 'book': 'betmgm'}, {'market': 'threes', 'side': 'UNDER', 'line': 1.5, 'price': -125.0, 'edge': 0.1471560261222351, 'ev': 0.2648808470200232, 'ev_pct': 26.48808470200232, 'book': 'williamhill_us'}, {'market': 'threes', 'side': 'UNDER', 'line': 1.5, 'price': -132.0, 'edge': 0.1337460644364113, 'ev': 0.2350688405246018, 'ev_pct': 23.50688405246018, 'book': 'fanduel'}, {'market': 'threes', 'side': 'UNDER', 'line': 1.5, 'price': -135.0, 'edge': 0.1282434965714076, 'ev': 0.2232386792168949, 'ev_pct': 22.323867921689487, 'book': 'bovada'}, {'market': 'threes', 'side': 'UNDER', 'line': 1.5, 'price': -136.0, 'edge': 0.1264403952371127, 'ev': 0.2194112740879309, 'ev_pct': 21.94112740879309, 'book': 'draftkings'}, {'market': 'threes', 'side': 'UNDER', 'line': 1.5, 'price': -136.0, 'edge': 0.1264403952371127, 'ev': 0.2194112740879309, 'ev_pct': 21.94112740879309, 'book': 'betrivers'}]",[],[],"{'pts': 22.30040670103093, 'reb': 2.9771824742268045, 'ast': 7.853311855670103, 'threes': 0.8081201030927836, 'stl': 1.4047113402061857, 'blk': 0.9364742268041236, 'tov': 3.043541237113402, 'pra': 33.13090103092784}"
Stephon Castle,SAS,"[{'market': 'ast', 'side': 'OVER', 'line': 6.5, 'price': -108.0, 'edge': 0.0001439167189399, 'ev': 0.0002771729401808, 'ev_pct': 0.02771729401808, 'book': 'fanduel'}, {'market': 'pa', 'side': 'UNDER', 'line': 23.5, 'price': 100.0, 'edge': 0.0040617723507152, 'ev': 0.0081235447014305, 'ev_pct': 0.8123544701430501, 'book': 'bovada'}, {'market': 'pa', 'side': 'UNDER', 'line': 22.5, 'price': 120.0, 'edge': 0.0029689606353115, 'ev': 0.0065317133976853, 'ev_pct': 0.65317133976853, 'book': 'bovada'}, {'market': 'pa', 'side': 'UNDER', 'line': 24.5, 'price': -125.0, 'edge': 0.0028676517148507, 'ev': 0.0051617730867313, 'ev_pct': 0.5161773086731299, 'book': 'bovada'}, {'market': 'pa', 'side': 'UNDER', 'line': 24.5, 'price': -127.0, 'edge': 0.0020061734965443, 'ev': 0.0035858376670516, 'ev_pct': 0.35858376670516, 'book': 'draftkings'}, {'market': 'pa', 'side': 'UNDER', 'line': 23.5, 'price': -106.0, 'edge': 0.0008578888555695, 'ev': 0.0016672179645975, 'ev_pct': 0.16672179645975002, 'book': 'fanduel'}, {'market': 'pr', 'side': 'UNDER', 'line': 21.5, 'price': 120.0, 'edge': 0.0156096520199232, 'ev': 0.0343412344438309, 'ev_pct': 3.43412344438309, 'book': 'bovada'}, {'market': 'pr', 'side': 'UNDER', 'line': 22.5, 'price': -105.0, 'edge': 0.0136995489568679, 'ev': 0.0267467384395994, 'ev_pct': 2.67467384395994, 'book': 'bovada'}, {'market': 'pr', 'side': 'UNDER', 'line': 22.5, 'price': -107.0, 'edge': 0.0126626690228512, 'ev': 0.0244969391376654, 'ev_pct': 2.4496939137665397, 'book': 'draftkings'}, {'market': 'pr', 'side': 'UNDER', 'line': 23.5, 'price': -130.0, 'edge': 0.0125602861516279, 'ev': 0.0222220447298032, 'ev_pct': 2.22220447298032, 'book': 'bovada'}, {'market': 'pr', 'side': 'UNDER', 'line': 22.5, 'price': -114.0, 'edge': 0.0091862141038933, 'ev': 0.017244296651168, 'ev_pct': 1.7244296651168, 'book': 'fanduel'}, {'market': 'pr', 'side': 'UNDER', 'line': 21.5, 'price': -110.0, 'edge': 0.0003715567818279, 'ev': 0.0007093356743989, 'ev_pct': 0.07093356743989, 'book': 'betmgm'}, {'market': 'ra', 'side': 'UNDER', 'line': 11.5, 'price': 110.0, 'edge': 0.0141562457413628, 'ev': 0.0297281160568618, 'ev_pct': 2.97281160568618, 'book': 'bovada'}, {'market': 'ra', 'side': 'UNDER', 'line': 12.5, 'price': -135.0, 'edge': 0.0143677720100733, 'ev': 0.0250105660916091, 'ev_pct': 2.50105660916091, 'book': 'betmgm'}, {'market': 'ra', 'side': 'UNDER', 'line': 12.5, 'price': -135.0, 'edge': 0.0143677720100733, 'ev': 0.0250105660916091, 'ev_pct': 2.50105660916091, 'book': 'bovada'}, {'market': 'ra', 'side': 'UNDER', 'line': 12.5, 'price': -139.0, 'edge': 0.0128009599384985, 'ev': 0.02201028363526, 'ev_pct': 2.201028363526, 'book': 'draftkings'}, {'market': 'ra', 'side': 'UNDER', 'line': 11.5, 'price': -104.0, 'edge': 0.0067612877581695, 'ev': 0.0132625259871786, 'ev_pct': 1.32625259871786, 'book': 'fanduel'}, {'market': 'reb', 'side': 'UNDER', 'line': 5.5, 'price': -125.0, 'edge': 0.0117039793939698, 'ev': 0.0210671629091457, 'ev_pct': 2.10671629091457, 'book': 'betmgm'}, {'market': 'reb', 'side': 'UNDER', 'line': 5.5, 'price': -130.0, 'edge': 0.0102547040316509, 'ev': 0.0181429379021516, 'ev_pct': 1.8142937902151601, 'book': 'bovada'}, {'market': 'reb', 'side': 'UNDER', 'line': 5.5, 'price': -133.0, 'edge': 0.0094149951307366, 'ev': 0.0164939388380573, 'ev_pct': 1.64939388380573, 'book': 'draftkings'}, {'market': 'reb', 'side': 'UNDER', 'line': 5.5, 'price': -139.0, 'edge': 0.0077988190034538, 'ev': 0.0134094801570177, 'ev_pct': 1.3409480157017701, 'book': 'williamhill_us'}, {'market': 'reb', 'side': 'UNDER', 'line': 5.5, 'price': -148.0, 'edge': 0.005521183695045, 'ev': 0.0092517132187242, 'ev_pct': 0.92517132187242, 'book': 'betrivers'}, {'market': 'threes', 'side': 'UNDER', 'line': 1.5, 'price': -140.0, 'edge': 0.0195363881029044, 'ev': 0.0334909510335506, 'ev_pct': 3.3490951033550598, 'book': 'betmgm'}, {'market': 'threes', 'side': 'UNDER', 'line': 1.5, 'price': -143.0, 'edge': 0.0143923551810938, 'ev': 0.0244569392238167, 'ev_pct': 2.44569392238167, 'book': 'draftkings'}, {'market': 'threes', 'side': 'UNDER', 'line': 1.5, 'price': -143.0, 'edge': 0.0143923551810938, 'ev': 0.0244569392238167, 'ev_pct': 2.44569392238167, 'book': 'williamhill_us'}, {'market': 'threes', 'side': 'UNDER', 'line': 1.5, 'price': -145.0, 'edge': 0.0110329867423603, 'ev': 0.0186419431164018, 'ev_pct': 1.8641943116401798, 'book': 'bovada'}, {'market': 'threes', 'side': 'UNDER', 'line': 1.5, 'price': -150.0, 'edge': 0.0028697214362378, 'ev': 0.0047828690603963, 'ev_pct': 0.47828690603963003, 'book': 'betrivers'}]",[],[],"{'pts': 16.507426236559137, 'reb': 4.475932903225806, 'ast': 6.626577204301075, 'threes': 1.1609832258064516, 'stl': 0.9512290322580644, 'blk': 0.5284605734767026, 'tov': 4.016300358422939, 'pra': 27.60993634408602}"
Victor Wembanyama,SAS,"[{'market': 'ast', 'side': 'OVER', 'line': 3.5, 'price': 110.0, 'edge': 0.0095859077946839, 'ev': 0.0201304063688362, 'ev_pct': 2.0130406368836202, 'book': 'betmgm'}, {'market': 'ast', 'side': 'OVER', 'line': 3.5, 'price': 105.0, 'edge': 0.0078437475159383, 'ev': 0.0160796824076735, 'ev_pct': 1.6079682407673501, 'book': 'bovada'}, {'market': 'ast', 'side': 'OVER', 'line': 3.5, 'price': 102.0, 'edge': 0.0067570534806811, 'ev': 0.0136492480309758, 'ev_pct': 1.36492480309758, 'book': 'draftkings'}, {'market': 'ast', 'side': 'OVER', 'line': 3.5, 'price': 102.0, 'edge': 0.0067570534806811, 'ev': 0.0136492480309758, 'ev_pct': 1.36492480309758, 'book': 'williamhill_us'}, {'market': 'ast', 'side': 'OVER', 'line': 3.5, 'price': 100.0, 'edge': 0.0060144792232553, 'ev': 0.0120289584465107, 'ev_pct': 1.20289584465107, 'book': 'fanduel'}, {'market': 'ast', 'side': 'OVER', 'line': 3.5, 'price': -104.0, 'edge': 0.0045438909879612, 'ev': 0.0089130169379239, 'ev_pct': 0.8913016937923899, 'book': 'betrivers'}, {'market': 'blk', 'side': 'UNDER', 'line': 3.5, 'price': -114.0, 'edge': 0.1633745752266108, 'ev': 0.3066856061271464, 'ev_pct': 30.66856061271464, 'book': 'fanduel'}, {'market': 'blk', 'side': 'UNDER', 'line': 3.5, 'price': -114.0, 'edge': 0.1633745752266108, 'ev': 0.3066856061271464, 'ev_pct': 30.66856061271464, 'book': 'draftkings'}, {'market': 'blk', 'side': 'UNDER', 'line': 3.5, 'price': -115.0, 'edge': 0.16120113467021, 'ev': 0.3013760343834361, 'ev_pct': 30.137603438343607, 'book': 'bovada'}, {'market': 'blk', 'side': 'UNDER', 'line': 3.5, 'price': -145.0, 'edge': 0.1042481209065649, 'ev': 0.176143376704196, 'ev_pct': 17.6143376704196, 'book': 'betmgm'}, {'market': 'pa', 'side': 'OVER', 'line': 29.5, 'price': -106.0, 'edge': 0.0213051939177927, 'ev': 0.0414044334628802, 'ev_pct': 4.14044334628802, 'book': 'fanduel'}, {'market': 'pa', 'side': 'OVER', 'line': 29.5, 'price': -110.0, 'edge': 0.0192709821748431, 'ev': 0.036790056879246, 'ev_pct': 3.6790056879245996, 'book': 'betmgm'}, {'market': 'pa', 'side': 'OVER', 'line': 30.5, 'price': 105.0, 'edge': 0.0163619081086, 'ev': 0.03354191162263, 'ev_pct': 3.3541911622629996, 'book': 'bovada'}, {'market': 'pa', 'side': 'OVER', 'line': 28.5, 'price': -135.0, 'edge': 0.0185758969023396, 'ev': 0.0323358205337023, 'ev_pct': 3.2335820533702297, 'book': 'bovada'}, {'market': 'pa', 'side': 'OVER', 'line': 29.5, 'price': -115.0, 'edge': 0.0168346588082872, 'ev': 0.0314734925546239, 'ev_pct': 3.14734925546239, 'book': 'bovada'}, {'market': 'pa', 'side': 'OVER', 'line': 29.5, 'price': -117.0, 'edge': 0.015891565892201, 'ev': 0.0294741008428002, 'ev_pct': 2.94741008428002, 'book': 'draftkings'}, {'market': 'pr', 'side': 'UNDER', 'line': 39.5, 'price': -110.0, 'edge': 0.0035667715483502, 'ev': 0.0068092911377596, 'ev_pct': 0.68092911377596, 'book': 'betmgm'}, {'market': 'pr', 'side': 'UNDER', 'line': 40.5, 'price': -135.0, 'edge': 0.0031382164814599, 'ev': 0.0054628212825414, 'ev_pct': 0.5462821282541399, 'book': 'bovada'}, {'market': 'pr', 'side': 'UNDER', 'line': 39.5, 'price': -114.0, 'edge': 0.0016086051042025, 'ev': 0.003019662213152, 'ev_pct': 0.3019662213152, 'book': 'draftkings'}, {'market': 'pr', 'side': 'UNDER', 'line': 39.5, 'price': -115.0, 'edge': 0.0011304481817944, 'ev': 0.0021134466007459, 'ev_pct': 0.21134466007459, 'book': 'bovada'}, {'market': 'pr', 'side': 'UNDER', 'line': 38.5, 'price': 105.0, 'edge': 0.0006374691605576, 'ev': 0.0013068117791432, 'ev_pct': 0.13068117791432, 'book': 'bovada'}, {'market': 'ra', 'side': 'UNDER', 'line': 16.5, 'price': -105.0, 'edge': 0.0412713937800056, 'ev': 0.0805774830942968, 'ev_pct': 8.05774830942968, 'book': 'betmgm'}, {'market': 'ra', 'side': 'UNDER', 'line': 16.5, 'price': -110.0, 'edge': 0.0387162253711786, 'ev': 0.073912793890432, 'ev_pct': 7.391279389043199, 'book': 'draftkings'}, {'market': 'ra', 'side': 'UNDER', 'line': 16.5, 'price': -110.0, 'edge': 0.0387162253711786, 'ev': 0.073912793890432, 'ev_pct': 7.391279389043199, 'book': 'bovada'}, {'market': 'ra', 'side': 'UNDER', 'line': 16.5, 'price': -112.0, 'edge': 0.0377279055149343, 'ev': 0.0714135354389828, 'ev_pct': 7.14135354389828, 'book': 'fanduel'}, {'market': 'ra', 'side': 'UNDER', 'line': 17.5, 'price': -150.0, 'edge': 0.0400990491310803, 'ev': 0.0668317485518004, 'ev_pct': 6.683174855180039, 'book': 'bovada'}, {'market': 'reb', 'side': 'UNDER', 'line': 12.5, 'price': 110.0, 'edge': 0.0373869602767753, 'ev': 0.0785126165812282, 'ev_pct': 7.851261658122819, 'book': 'bovada'}, {'market': 'reb', 'side': 'UNDER', 'line': 13.5, 'price': -120.0, 'edge': 0.0418472033978751, 'ev': 0.0767198728961044, 'ev_pct': 7.671987289610439, 'book': 'betmgm'}, {'market': 'reb', 'side': 'UNDER', 'line': 13.5, 'price': -130.0, 'edge': 0.0388827765204047, 'ev': 0.0687926046130237, 'ev_pct': 6.879260461302369, 'book': 'williamhill_us'}, {'market': 'reb', 'side': 'UNDER', 'line': 13.5, 'price': -134.0, 'edge': 0.037767949318621, 'ev': 0.0659529861235621, 'ev_pct': 6.59529861235621, 'book': 'betrivers'}, {'market': 'reb', 'side': 'UNDER', 'line': 13.5, 'price': -135.0, 'edge': 0.0374951724500994, 'ev': 0.065269374264988, 'ev_pct': 6.526937426498799, 'book': 'bovada'}, {'market': 'reb', 'side': 'UNDER', 'line': 13.5, 'price': -136.0, 'edge': 0.0372247072499551, 'ev': 0.0645958155219811, 'ev_pct': 6.4595815521981095, 'book': 'draftkings'}, {'market': 'reb', 'side': 'UNDER', 'line': 13.5, 'price': -138.0, 'edge': 0.0366905953000905, 'ev': 0.0632779831987069, 'ev_pct': 6.3277983198706895, 'book': 'fanduel'}, {'market': 'threes', 'side': 'OVER', 'line': 1.5, 'price': -150.0, 'edge': 0.1026967077914441, 'ev': 0.1711611796524068, 'ev_pct': 17.11611796524068, 'book': 'fanatics'}]",[],[],"{'pts': 27.985481786941577, 'reb': 10.70279037800687, 'ast': 3.751692096219931, 'threes': 2.1918240549828174, 'stl': 0.793205040091638, 'blk': 2.832875143184421, 'tov': 2.9461901489117976, 'pra': 42.43996426116838}"
